area;location;price;rooms;square_price;source;title
76;Opština Vračar , Hram svetog Save , Svetog Save;290000;2.0;3816;halooglasi;Plato Hrama Svetog Save, Vračar, 76m2
55;Opština Zemun , Altina , Ugrinovački put 8. deo;104500;2.0;1900;halooglasi;Zemun, Altina, 2.0
160;Opština Savski venac , Dedinje , Mihaila Avramovića;608000;4.0;3800;halooglasi;Četvorosoban stan, Beograd, Dedinje
108;Opština Zemun , Batajnica , Žarka Bokuna;150000;3.0;1389;halooglasi;Batajnica 83+25+ dvorište 2ara  - kuće u nizu,
55;Opština Rakovica , Centar , Pilota Mihaila Petrovića;126000;2.5;2291;halooglasi;Kod Premijera, Pilota Mihaila Petrovića, mereno 70
67;Opština Zvezdara , Đeram pijaca , Đuke Dinić;175000;3.5;2612;halooglasi;Zvezdara, 67m2, garaža ID#7338
106;Opština Stari grad , Skupština , Vlajkovićeva;370000;4.0;3491;halooglasi;Skupština, Vlajkovićeva, 106m2 ID#7420
76;Opština Savski venac , Beograđanka , Admirala Geprata;289000;3.0;3803;halooglasi;Centar, Admirala Geprata, 76m2, sa parking mestom
44;Opština Vračar , Krunski venac , Hadži Prodanova;147900;2.0;3361;halooglasi;Vračar, Hadži Prodanova, salonac, 44m2 ID#7436
94;Opština Voždovac , Medaković 3 , Borivoja Stevanovića;240000;4.0;2553;halooglasi;Prelep, delimično renovoviran stan ID#7501
55;Opština Palilula , Karaburma , Husinskih rudara;104000;2.0;1891;halooglasi;Stan u mirnom delu Karaburme, mereno 68m2 ID#7522
74;Opština Novi Beograd , Blok 61 , Dr Ivana Ribara;184000;3.0;2486;halooglasi;Novi Beograd, 74m2 + 6m2 lođa ID#7560
97;Opština Vračar , Crveni krst , Metohijska;350000;4.0;3608;halooglasi;Crveni krst, lux stan 97m2 ID#7563
41;Opština Voždovac , Lekino brdo , Varvarinska;145000;2.0;3537;halooglasi;Lekino brdo, 2.0 stan ID#7566
66;Opština Vračar , Pravni fakultet , Prote Mateje;235000;3.5;3561;halooglasi;Vračar, salonac, mereno 70m2 ID#7589
89;Opština Vračar , Kalenić pijaca , Mileševska;320000;3.5;3596;halooglasi;Vračar, na odličnoj lokaciji ID#7642
100;Opština Vračar , Centar , Resavska;380000;3.0;3800;halooglasi;Izuzetna mikrolokacija ID#7684
51;Opština Voždovac , Naselje Stepa Stepanović , Generala Štefanika;165000;2.5;3235;halooglasi;Naselje Stepa Stepanović, 51m2 ID#7714
30;Opština Novi Beograd , Blok 62 , Jurija Gagarina;98000;1.5;3267;halooglasi;Novi Beograd, 30m2 ID#7715
97;Opština Novi Beograd , Bežanijska kosa 2 , Marka Čelebonovića;265000;3.5;2732;halooglasi;Bežanijska kosa, Marka Čelebonovića, 97m2 ID#7730
91;Opština Zemun , Batajnica , Kneza Paskača;119000;4.0;1308;halooglasi;Batajnica, uknjižen, funkcionalan 4s ID#7731
51;Opština Mladenovac , Mladenovac (mesto) , Momčila Živojinovića;59000;1.5;1157;halooglasi;Novogradnja  - akcijska ponuda! Bez provizije!
55;Opština Zemun , Altina , Ugrinovački put 8. deo;95000;2.0;1727;halooglasi;Zemun, Altina, 2.0
84;Opština Novi Beograd , Blok 64 , Gandijeva;205000;3.5;2440;halooglasi;Blok 64, Gandijeva
44;Opština Zvezdara , Konjarnik , Blagajska;102000;1.5;2318;halooglasi;Konjarnik Blagajska
39;Opština Stari grad , Centar , Cara Lazara;118000;1.0;3026;halooglasi;Srce grada -pešačka zona - direkt od vlasnika
37;Opština Novi Beograd , Hotel Jugoslavija , Aleksinačkih rudara;120000;1.0;3243;halooglasi;Hotel Yu, Aleksinačkih rudara
53;Opština Zemun , Save Kovačevića , Slikarska;108000;3.0;2038;halooglasi;Slikarska, Naselje Sava Kovačević, Zemun
122;Opština Voždovac , Vojvode Stepe , Vojvode Stepe;320000;4.0;2623;halooglasi;Vojvode Stepe, 122m2 i 3 parking mesta
133;Opština Novi Beograd , Bežanijska kosa 2 , Marka Čelebonovića;310000;4.5;2331;halooglasi;Bežanijska kosa, komforan stan, mereno 135m2 ID#77
47;Opština Palilula , Karaburma , Ćustendilska;108500;2.5;2309;halooglasi;Karaburma, lux novogradnja 47m2 ID#7749
42;Opština Novi Beograd , Ledine , Danice Kojić;75000;1.0;1807;halooglasi;Stan Ledine - Hitna prodaja
53;Opština Novi Beograd , Blok 63 , Jurija Gagarina;230000;3.0;4340;halooglasi;Jurija Gagarina, Blok 63, Novi Beogard
78;Opština Novi Beograd , Hotel Jugoslavija , Aleksinačkih rudara;215000;2.5;2756;halooglasi;Novi Beograd, Hotel Jugoslavija - Aleksinačkih rud
87;Opština Novi Beograd , Blok 38 , Bulevar Arsenija Čarnojevića;219000;3.5;2517;halooglasi;Blok 38, 87kvm+L, dvostran, funkcionalan
49;Opština Palilula , Karaburma , Husinskih rudara;127000;2.0;2592;halooglasi;Karaburma stara okretnica 49m2+10m2 terasa.
51;Opština Zemun , Zemun polje , Михајла Пупина 17;85000;2.0;1667;halooglasi;Продајем  двособан стан 51м2, укњижен.
71;Opština Rakovica , Stari Košutnjak , Pere Velimirovića;170000;2.5;2394;halooglasi;Stari Košutnjak - Pere Velimirovića 71kvm
103;Opština Vračar , Čubura , Čuburska;350000;3.0;3398;halooglasi;Odličan stan nadomak Hrama, Čuburska, 103m2 ID#119
96;Opština Stari grad , London , Kneza Miloša;285000;4.0;2969;halooglasi;Dvor, četvorosoban salonac, renoviran! ID#1317
59;Opština Zvezdara , Konjarnik , Rudo;126000;2.0;2136;halooglasi;Odlična ponuda, stan, 59m2, Rudo, Konjarnik ID#122
93;Opština Palilula , Karaburma , Prominska;210000;3.0;2258;halooglasi;Karaburma - Prominska
61;Opština Novi Beograd , Ledine , Surčinski put;109800;2.5;1800;halooglasi;Novogradnja-uknjizeno-odmah useljivo
91;Opština Novi Beograd , Hotel Jugoslavija ,;370000;4.0;4066;halooglasi;Prelep lux stan u novogradnji
57;Opština Novi Beograd , Blok 2 , Pariske komune;173500;2.0;3044;halooglasi;2.0 stan - Fontana Lux
134;Opština Savski venac , Dedinje , Krupanjska;450000;4.0;3358;halooglasi;4.0, renoviran, savršena lokacija, uknjižen 134m2
35;Opština Zvezdara , Lipov lad , Subotička;129000;1.5;3686;halooglasi;Namešten lep stan u kvalitetnoj zgradi
34;Opština Palilula , Karaburma , Aleksandra Fleminga;94900;1.0;2791;halooglasi;Lux Uknjizen stan sa namestajem 34m2
94;Opština Palilula , Centar , Kneza Danila;324300;3.0;3450;halooglasi;Odličan, namešten stan sa garažom
74;Opština Voždovac , Banjica , Bulevar oslobođenja;149900;3.0;2026;halooglasi;SADRŽAJAN, Divan pogled i lokacija, Adaptibilan
21;Opština Vračar , Južni bulevar , Maksima Gorkog;70000;1.0;3333;halooglasi;Centar-Juzni Bulevar ID#1185
100;Opština Čukarica , Golf , Radovana Dragovića;289000;3.5;2890;halooglasi;100m2 Košutnjak - Radovana Dragovića ID#1331
72;Opština Vračar , Crveni krst , Grocanska;223200;4.0;3100;halooglasi;Vracar Grocanska 17 novogradnja
65;Opština Vračar , Maksima Gorkog , Riječka;208000;2.0;3200;halooglasi;Novogradnja Vračar Knjeginje Julije 5 (Rijecka)
61;Opština Palilula , Centar , Kneza Danila;290000;2.0;4754;halooglasi;Tašmajdan, lux, garažno mesto
29;Opština Palilula , Hala Pionir , Dragoslava Srejovića;101000;1.0;3483;halooglasi;Stan 29kvm
60;Opština Voždovac , Autokomanda , Vojvode Stepe;170000;3.0;2833;halooglasi;Autokomanda, novogradnja, uknjižen, ID 22209
68;Opština Novi Beograd , Blok 70 (kineski tržni centar) , Jurija Gagarina;215000;2.5;3162;halooglasi;Jurija Gagarina, Blok 70, Novi Beograd
176;Opština Novi Beograd , Blok 67a (A blok) , Uroša Martinovića;695000;4.0;3949;halooglasi;A blok, deluxe sređen stan, dve garaže, ID 21307
98;Opština Zemun , Kalvarija;313600;3.0;3200;halooglasi;Zemun, tek završena zgrada, ID 21978
67;Opština Zemun , Kalvarija , -;213000;3.0;3179;halooglasi;Zemun, lux, tek završena zgrada, ID 21981
70;Opština Novi Beograd , Blok 23 , Bulevar Milutina Milankovića;195900;3.0;2799;halooglasi;Blok 23 - Milutina Milankovića, trosoban, useljiv
68;Opština Vračar , Centar , Brane Crnčevića;243900;2.5;3587;halooglasi;Vračar - Hram - Ohridska - Krušedolska ID#4430
47;Opština Palilula , Borča , Milana Toplice;80000;2.0;1702;halooglasi;2.0 stan u Borči, Milana Toplice ID#2668
105;Opština Vračar , Kalenić pijaca , Ljubostinjska;395000;4.0;3762;halooglasi;Vračar, novogradnja, garaža, ID 21508
138;Opština Novi Beograd , Blok 65 , Tadije Sondermajera;522600;4.0;3787;halooglasi;Wellport, lux stan sa dve prelepe bašte, ID 21434
58;Opština Novi Beograd , Blok 65 , Omladinskih brigada;272000;2.0;4690;halooglasi;West 65, lux, novogradnja, ID 19624
56;Opština Stari grad , Dorćol , Venizelosova;264000;2.0;4723;halooglasi;Prodaja stana kompleks Novi Dorćol
48;Opština Novi Beograd , Blok 67a (A blok) , Jurija Gagarina;249500;2.0;5198;halooglasi;A blok, lux, opremljen, garaža, ID 22161
64;Opština Novi Beograd , Blok 45 (TC Enjub) , Jurija Gagarina;150000;2.0;2344;halooglasi;Jurija Gagarina Blok 45
65;Opština Palilula , Karaburma , Danteova;125000;3.0;1923;halooglasi;Karaburma, Danteova
100;Opština Voždovac , Autokomanda , Vojvode Stepe;270000;3.5;2700;halooglasi;Autokomanda, novogradnja, garaža, ID 21619
85;Opština Novi Beograd , Blok 67a (A blok) , Uroša Martinovića;355500;3.0;4182;halooglasi;Savada, lux, novogradnja, garaža, ID 21138
42;Opština Vračar , Južni bulevar , Kneza Stracimira;127500;0.5;3104;halooglasi;Lux garsonjera, Južni bulevar, Vračar
90;Opština Voždovac , Voždovačka crkva , Vojvode Stepe;235000;3.5;2611;halooglasi;Voždovac, nov stan, garaža, ID 21544
108;Opština Čukarica , Filmski grad , Kneza Višeslava;252000;4.0;2333;halooglasi;Filmski grad, veoma lepo sređen, garaža, ID 20320
42;Opština Voždovac , Voždovačka crkva , Vojvode Stepe;160000;1.5;3810;halooglasi;Voždovac, nova zgrada, garaža, ID 21545
122;Opština Vračar , Gospodara Vučića , Gospodara Vučića;415000;4.0;3402;halooglasi;Vračar, lux, namešten, garaža, ID 20613
77;Opština Vračar , Južni bulevar , Kneza Stracimira;240000;3.0;3155;halooglasi;Lux stan u izgradnji, Južni bulevar, Vračar
101;Opština Novi Beograd , Blok 67 (Belvil) , Jurija Gagarina;349990;3.0;3465;halooglasi;Belvil, lux sređen, garažno mesto, ID 21184
71;Opština Vračar , Južni bulevar , Kneza Stracimira;236000;2.5;3351;halooglasi;Lux stan u izgradnji, Južni bulevar, Vračar
78;Opština Novi Beograd , Hotel Jugoslavija , Aleksinačkih rudara;215000;2.5;2756;halooglasi;Hotel Jugoslavija | Aleksinačkih rudara | 78m2
49;Opština Zvezdara , Cvetkova pijaca;143600;2.0;2931;halooglasi;Cvetkova pijaca, novogradnja, garaža, ID 22294
55;Opština Voždovac , Vitanovačka , Gostivarska;130000;2.0;2364;halooglasi;Voždovac GOSTIVARSKA dvosoban sa garažom
96;Opština Novi Beograd , Blok 70 (kineski tržni centar) , Gandijeva;288000;3.0;3000;halooglasi;Blok 70, Gandijeva, 96 kvm - blizina Save
52;Opština Vračar , Južni bulevar , Južni bulevar;195000;2.0;3750;halooglasi;Južni bulevar
71;Opština Novi Beograd , Blok 67a (A blok) , Jurija Gagarina;280000;3.0;3944;halooglasi;Sun City, lux, novogradnja, garaža, ID 21938
94;Opština Novi Beograd , Blok 67a (A blok) , Uroša Martinovića;410000;4.0;4362;halooglasi;A blok, lux, namešten, garaže, ID 21922
93;Opština Novi Beograd , Blok 65 , Bulevar heroja sa Košara;415000;3.0;4462;halooglasi;ZepTerra, lux, novogradnja, garaža, ID 22089
80;Opština Čukarica , Banovo brdo;259481;4.0;3244;halooglasi;Extra lux stan na Banovom brdu - bez provizije
52;Opština Novi Beograd , Blok 63 , Gandijeva;124000;2.0;2385;halooglasi;Novi Beograd, bl.63, Gandijeva, 2.0, 52m2,L
85;Opština Zvezdara , Mirijevo , Koste Nađa;156000;4.0;1835;halooglasi;Komforan, održavan, svetao
73;Opština Voždovac , Banjica , Bulevar oslobođenja;149900;3.0;2053;halooglasi;Južna strana, terasa 30m2
29;Opština Vračar , Hram svetog Save , Nebojšina;97000;1.0;3345;halooglasi;Renoviran, panoramski pogled
73;Opština Zemun , Altina , Pavla Vujisića 69b;115000;2.5;1575;halooglasi;Direktna prodaja Altina
67;Opština Zemun , Pregrevica;199350;3.0;3000;halooglasi;Sjajan,lux trosoban stan
51;Opština Zemun , Pregrevica;150060;2.0;3000;halooglasi;Sjajan, lux dvosoban stan, Pregrevica
103;Opština Zemun , Pregrevica;308010;4.0;3000;halooglasi;Lux 4.0, plus u cenu uklučeno dvorište od 150m2
90;Opština Voždovac , Autokomanda , Bože Jankovića;179000;4.0;1989;halooglasi;Odličan stan na dobroj lokaciji
118;Opština Vračar , Hram svetog Save , Svetog Save;435000;4.0;3686;halooglasi;Vračar, Hram, stan sa garažom
56;Opština Zvezdara , Mirijevo , Mirijevski venac;120000;2.0;2143;halooglasi;Mirijevski venac, Mirijevo
90;Opština Vračar , Hram svetog Save , Brane Crnčevića;412000;3.0;4578;halooglasi;Vračar, Hram Sv. Save - Brane Crnčevića, 90m2
77;Opština Voždovac , Medaković 3 , Braće Srnić;179000;3.0;2325;halooglasi;Medaković 3 Braće Srnić trosoban stan
97;Opština Novi Beograd , Bežanijska kosa 2 , Marka Čelebonovića;250000;4.0;2577;halooglasi;Izvanredan, svetao stan u zelenilu
83;Opština Zvezdara , Mirijevo , Kapetana Miloša Žunjića;164000;4.0;1976;halooglasi;83m2 +37m2 terasa, parking
43;Opština Palilula , Hadžipopovac , Vojvode Vuka;148000;2.0;3498;halooglasi;Novogradnja Hadzipopovac - bez provizije za kupca
41;Opština Vračar , Hram svetog Save , Šumatovačka;173000;1.5;4220;halooglasi;Vračar, 1.5, novogradnja, Šumatovačka ID#1298
46;Opština Palilula , Botanička bašta , Dalmatinska;115000;2.0;2500;halooglasi;Renoviran 2.0 stan u Dalmatinskoj, Botanička bašta
74;Opština Savski venac , Senjak , Stjepana Filipovića;186250;3.0;2540;halooglasi;Senjak, Hajd Park, osvetljen, trostran 3.0 stan ID
130;Opština Stari grad , Centar , Hilandarska;375000;4.0;2885;halooglasi;Divna salonska zgrada, lift, Stari grad, 4.0 ID#13
45;Opština Čukarica , Golf , Izvorska;128250;2.0;2850;halooglasi;Golf naselje, Izvorska ulica, 2.0, 45 m2 ID#1313
108;Opština Vračar , Hram svetog Save , Sokolska;288000;3.5;2667;halooglasi;Salonski kod Hrama, odličan
98;Opština Vračar , Hram svetog Save , Internacionalnih brigada;286000;3.5;2918;halooglasi;Internacionalnih brigada
100;Opština Novi Beograd , Blok 64 , Gandijeva;280000;4.0;2800;halooglasi;4.0 stan u blok 64 100m2+11m2 ID#1760
33;Opština Zvezdara , Konjarnik , Bulevar Kralja Aleksandra;91000;1.0;2758;halooglasi;Zvezdara, Bulevar Kralja Aleksandra, 33m2, 1.0 ID#
153;Opština Novi Beograd , Blok 61 , Dr Ivana Ribara;175000;5.0;1144;halooglasi;Dr Ivana Ribara, Blok 61, Novi Beograd
73;Opština Novi Beograd , Hotel Jugoslavija , Bulevar maršala Tolbuhina;215000;3.0;2945;halooglasi;Bulevar Maršala Tolbuhina (73m2+38m2), Hotel YU
74;Opština Palilula , Poštanska štedionica , 27. marta;234000;2.5;3162;halooglasi;Odličan stan, Poštanska štedionica, 27.Marta, 74m2
79;Opština Stari grad , Dunavski kej , Dunavski kej;380000;3.0;4810;halooglasi;Luksuzan stan, pogled na reku, Stari grad, 79m2
61;Opština Vračar , Hram svetog Save , Brane Crnčevića;238000;2.0;3902;halooglasi;Divan stan nadomak Hrama, Brane Crnčevića, 2.0
110;Opština Stari grad , Centar , Vlajkovićeva;370000;4.0;3364;halooglasi;Divan 4.0 salonski stan, Stari grad, Vlajkovićeva
115;Opština Stari grad , Obilićev venac , Obilićev venac;460000;4.0;4000;halooglasi;Centar - pešačka zona - Knez - Obilićev venac
80;Opština Vračar , Cvetni trg , Kralja Milana;259000;3.5;3238;halooglasi;Cvetni trg - Salonac
80;Opština Palilula , Botanička bašta , Šajkaška;219000;3.0;2738;halooglasi;Predivan 3.0 stan, Botanička bašta, 80 m2
108;Opština Stari grad , Atelje 212 , Svetogorska;293000;3.0;2718;halooglasi;Stari grad, Svetogorska ulica, salonac, 107m2
89;Opština Palilula , Centar , Bulevar despota Stefana;249000;3.5;2798;halooglasi;Izuzetan 3.5 stan, Bulevar despota Stefana, 89m2
61;Opština Palilula , Tašmajdan , Ilije Garašanina;195000;2.0;3197;halooglasi;TAŠMAJDAN Ilije Garašanina - odlična investicija
28;Opština Novi Beograd , Ledine , Višegradska;60000;1.0;2143;halooglasi;Ledine-Novi Surčin hram Sv.Mateja Novogradnja
84;Opština Voždovac , FON - Bilećka , Vojvode Stepe;297900;3.0;3567;halooglasi;Voždove kapije, luks, nov, garaža ID#1303
122;Opština Voždovac , Voždovačka crkva , Vojvode Stepe;319000;4.0;2615;halooglasi;Vojvode Stepe, novogradnja, 4.0, 3 garažna mesta!
56;Opština Zemun , Meandri , Bačka;122000;2.0;2179;halooglasi;Sunčan, lep
58;Opština Novi Beograd , Fontana , Pariske komune;150000;2.0;2586;halooglasi;Renoviran, sunčan
57;Opština Voždovac , Lekino brdo;176700;3.0;3100;halooglasi;Extra Lux stan na Lekinom brdu-bez provizije
64;Opština Zvezdara , Đeram pijaca , Pećska;215000;2.5;3359;halooglasi;Odličan, Zvezdara Đeram, cg, lift, 64m2+terasa 20,
54;Opština Rakovica , Vidikovac , Vidikovački venac;108000;2.0;2000;halooglasi;Vidikovac, Vidikovački venac, dvosoban stan
39;Opština Novi Beograd , Ledine , Oplenačka 2-5-8-10-12-14-16-18-20-22-24-26-28-30;79950;2.0;2050;halooglasi;Smart House zgrada Lux stan
81;Opština Novi Beograd , Blok 62 , Dušana Vukasovića;187000;3.0;2309;halooglasi;Stan na top lokaciji ID#128705
99;Opština Čukarica , Banovo brdo , Požeška;210000;3.0;2121;halooglasi;Požeška |crvena fasadna cigla |99m2 | 76+23 |
75;Opština Novi Beograd , Blok 63 , Nehruova;165000;3.5;2200;halooglasi;Odličan svetao stan u bloku 63 ID#1761
73;Opština Voždovac , Banjica , Bulevar oslobođenja;150000;3.0;2055;halooglasi;Banjica Bul oslobođenja 73m2 najlepsi pogled
48;Opština Rakovica , Miljakovac ,;106500;1.5;2219;halooglasi;Miljakovac - stan za svaku preporuku
108;Opština Zvezdara , Crveni krst , Pop Stojanova;180000;3.0;1667;halooglasi;Zvezdara, Crveni krst - Pop Stojanova
102;Opština Zvezdara , Lion , Subotička;337000;4.5;3304;halooglasi;Prodajemo četvoroiposoban dupleks kod Liona, 102m2
67;Opština Zvezdara , Lion , Braće Miladinov;182000;3.0;2744;halooglasi;Stan sa galerijom u visokom prizemlju
90;Opština Zvezdara , Lion , Braće Miladinov;245000;3.5;2742;halooglasi;Troiposoban penthouse
40;Opština Zvezdara , Lion , Braće Miladinov;114000;1.5;2897;halooglasi;Mali, funkcionalan stan u mirnoj ulici
50;Opština Zvezdara , Lion , Braće Miladinov;142000;2.0;2880;halooglasi;Lep, dvosoban stan
62;Opština Novi Beograd , Bežanijska kosa 3 , Kolumbova;142000;3.0;2290;halooglasi;Prodaje se stan u Kolumbovoj,uknjižen ID#82368
62;Opština Zvezdara , Učiteljsko naselje , Dr Velizara Kosanovića;135500;2.0;2185;halooglasi;Učiteljsko naselje - Dr Velizara Kosanovića
48;Opština Palilula , Hadžipopovac;168000;2.0;3529;halooglasi;Hadžopopovac, 2.0, lux novogrdnja
98;Opština Voždovac , Naselje Stepa Stepanović , Vojvode Stepe 391;289360;4.0;2953;halooglasi;Vojvode Stepe 391, Square 2, četvorosoban 98,09m
43;Opština Palilula , Hadžipopovac;148000;2.0;3498;halooglasi;Lux novogradnja, Hadžipopovac, 2.0, sa Pdv-om
61;Opština Palilula , Centar , Kneza Danila;290000;2.0;4754;halooglasi;Central Garden, lux, garaža, delimično opremljen
74;Opština Palilula , Višnjička Banja ,;140600;3.0;1900;halooglasi;Sunnyville,74m2 cena+pdv-retko u ponudi
62;Opština Novi Beograd , Bežanijska kosa 3 , Kolumbova;142000;3.0;2290;halooglasi;Stan na odličnoj lokaciji na Bežanijskoj kosi
114;Opština Stari grad , Dorćol , Cara Uroša;398300;4.0;3500;halooglasi;Četvorosoban stan, Beograd, ul. Cara Uroša
180;Opština Stari grad , Dorćol , Cara Uroša;629265;6.0;3500;halooglasi;Dupleks, Beograd, Cara Uroša
55;Opština Voždovac , Braće Jerković , Braće Jerković;140000;2.0;2545;halooglasi;Voždovac | Braće Jerković | 55m2+5m2
128;Opština Voždovac , Lekino brdo , Gospodara Vučića;250000;4.5;1953;halooglasi;Dupleks Gospodara Vucica 180
73;Opština Zvezdara , Bulevar kralja Aleksandra , Bulevar kralja Aleksandra;167200;3.0;2290;halooglasi;Ekskluzivna novogradnja kompletno opremljena
48;Opština Zvezdara , Bulevar kralja Aleksandra , Bulevar kralja Aleksandra;111000;2.0;2312;halooglasi;Opremljena novogradnja na Bulevaru
84;Opština Zvezdara , Bulevar kralja Aleksandra , Bulevar kralja Aleksandra 515;191700;3.0;2282;halooglasi;Opremljeni stan na Bulevaru - novogradnja
58;Opština Grocka , Kaluđerica , Preradovićeva br.21;92800;3.0;1600;halooglasi;Novogradnja 58mkv, dve spavace, useljiv.
45;Opština Voždovac , Lekino brdo , Gospodara Vučića;146000;2.0;3244;halooglasi;Gospodara Vučića, stan 2.0 sa garažom
65;Opština Stari grad , Kosančićev venac , Fruškogorska;250000;3.5;3846;halooglasi;Kosančićev venac, prestižna lokacija, salonac
54;Opština Voždovac , Medaković padina ,;79900;2.0;1480;halooglasi;54m2 – Medaković Padina – Beograd
77;Opština Zemun , Plavi horizonti ,;150000;3.0;1948;halooglasi;77m2 – Zemun – Plavi Horizonti, Beograd
80;Opština Savski venac , Dedinje ,;240000;3.0;3000;halooglasi;80m2 – Dedinje – kod Američke ambasade
92;Opština Novi Beograd , Blok 19a , Milentija Popovića;235000;4.0;2554;halooglasi;Blok 19a, 4.0, 92m2,Top lokacija,Parking obezbeđen
108;Opština Novi Beograd , Blok 65 , Tadije Sondermajera;413000;4.0;3855;halooglasi;Welport 3, Nov 107m2, 4.0,2Garaže, Dvostran,Pogled
77;Opština Voždovac , Braće Jerković , Meštrovićeva;179000;3.0;2325;halooglasi;Lux, Braće Jerković Meštrovićeva,3.0, Top lokacija
60;Opština Novi Beograd , Fontana , Omladinskih brigada;220000;3.5;3667;halooglasi;Fontana - 60kvm (građ.površine 68kvm)
110;Opština Rakovica , Vidikovac , Sretena Mladenovića Mike;130000;5.0;1182;halooglasi;Prodajem petosoban stan
75;Opština Novi Beograd , Blok 70 (kineski tržni centar) , Jurija Gagarina;193000;4.0;2573;halooglasi;Jurija Gagarina 82kvm (75kvm+2T)
93;Opština Palilula , Botanička bašta , Jaše Prodanovića;245000;4.0;2634;halooglasi;Palilula-Botanička bašta-Salonac-93m2+Terasa-Uknji
62;Opština Novi Beograd , Ledine ,;109120;2.5;1760;halooglasi;Ledine-Novogradnja-62m2 ID#2326
50;Opština Novi Beograd , Ledine ,;78000;2.5;1560;halooglasi;Ledine-Izvorska-Dvoiposoban-Novogradnja ID#2328
50;Opština Zemun , Altina , Ugrinovačka;99900;2.0;1998;halooglasi;Zemun Altina-Ugrinovačka-Uknjižen ID#2562
209;Opština Savski venac , Dedinje , Flore Sends;1000000;3.5;4785;halooglasi;Dedinje-Lux-Dva garažna mesta-Uknjižen ID#2596
209;Opština Savski venac , Dedinje , Flore Sends;800000;4.0;3828;halooglasi;Dedinje-Flore Sends-4.0-Dva garažna mesta-Uknjižen
70;Opština Zemun , Ćukovac;175000;3.0;2500;halooglasi;Zemun Novogradska 3.0 175000
49;Opština Zemun , Zemunske kapije;112700;2.5;2300;halooglasi;Zemun Skopljanska 2.5 112700
63;Opština Stari grad , Bajlonijeva pijaca , Dobračina;210000;2.0;3333;halooglasi;Centar,Skadarlija,Parking ID#1333
70;Opština Zemun , Save Kovačevića , Garibaldijeva;182000;3.0;2600;halooglasi;Zemun, ul. Garibaldijeva, 3-soban, 70m2
86;Opština Novi Beograd , Blok 38 , Bulevar Arsenija Čarnojevića;220000;3.5;2558;halooglasi;Blok 38, Dvostran, 86m2, 3,5 soban, 8/9, 2 mč
64;Opština Mladenovac , Mladenovac (mesto) , Crkvena;59000;3.0;922;halooglasi;Renoviran 3-soban stan - Tozino voće (Mladenovac)
45;Opština Voždovac , Banjica , Paunova;117000;2.0;2600;halooglasi;2.0 stan u kompleksu Paunov breg
74;Opština Voždovac , Banjica , Bulevar oslobođenja;150000;3.0;2027;halooglasi;Banjica - adaptibilan u 3.5 - 1% provizija
64;Opština Novi Beograd , Blok 61 , Jurija Gagarina;137000;2.5;2141;halooglasi;Odličan stan u Jurija Gagarina blok 61
60;Opština Novi Beograd , Blok 28 , Milutina Milankovića;167000;2.0;2783;halooglasi;2.0 Novi Beograd, Blok 28, Milutina Milankovića
85;Opština Voždovac , Naselje Stepa Stepanović , 2. srpske armije;235000;2.5;2765;halooglasi;Naselje Stepa Stepanovic
61;Opština Palilula , Tašmajdan , Kneza Danila;290000;2.0;4754;halooglasi;Lux 2.0 stan, Central garden ID#122726
87;Opština Voždovac , Lekino brdo , Strumička;308850;3.5;3550;halooglasi;Strumička br.72, Park view, 87m2
53;Opština Voždovac , Lekino brdo , Strumička;190800;1.5;3600;halooglasi;Strumička br.72, 53m2 Park view, novogradnja
90;Opština Stari grad , Skupština , Palmotićeva;290000;3.5;3222;halooglasi;Skupština, Palmotićeva, 90m2 sa dvorištem ID#7569
39;Opština Novi Beograd , Blok 70a , Dr Agostina Neta;117900;1.0;3023;halooglasi;Stan na top lokaciji ID#128744
56;Opština Novi Beograd , Ledine , Vojvođanska;95200;3.0;1700;halooglasi;3.0 stan Ledine, novogradnja ID#125782
56;Opština Voždovac , Jajinci , Umetnička 1. prilaz;111000;3.0;1986;halooglasi;Sunny Hill Jajinci - Stambeni kompleks u izgradnji
36;Opština Voždovac , Jajinci , Umetnička 1. prilaz;70300;1.5;1980;halooglasi;Sunny Hill Jajinci - Stambeni kompleks u izgradnji
27;Opština Voždovac , Jajinci , Umetnička 1. prilaz;53000;1.0;2000;halooglasi;Sunny Hill Jajinci - Stambeni kompleks u izgradnji
65;Opština Voždovac , Jajinci , Umetnička 1. prilaz;128500;3.0;2000;halooglasi;Sunny hill kompleks
44;Opština Voždovac , Jajinci , Umetnička 1. prilaz;85500;2.0;1981;halooglasi;Sunny hill kompleks
160;Opština Voždovac , Farmaceutski fakultet , Hajduk Stojka;185000;4.0;1156;halooglasi;Voždovac, lux tek završen stan, dupleks, ID 20944
100;Opština Zvezdara , Đeram pijaca , Pećska;300000;3.0;3000;halooglasi;Đeram pijaca, lux, novogradnja, garaža, ID 21474
104;Opština Novi Beograd , Blok 67a (A blok) , Uroša Matrinvoića;426400;4.0;4100;halooglasi;A blok, lux, komforan, garaža, ID 20920
57;Opština Savski venac , Humska , Gornjačka;192460;2.0;3376;halooglasi;Savski venac, odlična ponuda, ID 22249
83;Opština Vračar , Južni bulevar , Sime Igumanova;259000;3.0;3120;halooglasi;Vračar, lux stan sa saunom, ID 22230
83;Opština Novi Beograd , Blok 65 , Omladinskih brigada;390000;3.0;4699;halooglasi;West 65, lux sređen, uknjižen, ID 20487
155;Opština Vračar , Centar , Bulevar Kralja Aleksandra;499000;4.0;3219;halooglasi;Vračar-Crkva Svetog Marka-155m2-Uknjižen ID#2594
91;Opština Savski venac , Dedinje , Miloja Đaka;330000;4.0;3626;halooglasi;Dedinje - Beli Dvor-4.0-Garaža-Uknjižen ID#2548
41;Opština Zemun , Donji grad , Prvomajska;104000;1.0;2537;halooglasi;Zemun-Prvomajska-41m2-Uknjižen ID#2620
38;Opština Novi Beograd , Blok 65 , Omladinskih brigada;180000;1.0;4737;halooglasi;West Tower, lux nekretnina, ID 16068
70;Opština Zemun , Gornji grad , Ugrinovačka;195000;3.0;2786;halooglasi;Odlican odmah useljiv 3soban stan, 70kvm, Zemun.
49;Opština Rakovica , Kneževac , Slavka Rodića;79500;2.0;1645;halooglasi;Nov stan, Beograd, Kneževac,Slavka Rodića
43;Opština Voždovac , Lekino brdo , Pašmanska;151500;2.0;3523;halooglasi;Lekino brdo - Pašmanska 2.0 potpuno opremljen stan
83;Opština Zemun , Kalvarija , Prvomajska 59;238600;3.0;2875;halooglasi;Luksuzna novogradnja u Zemunu,Prvomajska 59
74;Opština Voždovac , Bioskop Voždovac , Admirala Vukovića;208000;3.0;2811;halooglasi;TOP Ponuda, LUX, trosoban, 74m2, Admirala Vukovica
66;Opština Zemun , Prvomajska , Dragana Rakića;132900;2.0;2014;halooglasi;Prvomajska, Dragana Rakića
131;Opština Stari grad , Dorćol , Cara Dušana;449000;5.0;3427;halooglasi;5.0, RETKO U PONUDI, Centar, Dorćol, 147m2 (131m2)
47;Opština Zemun , Altina , Taška Načića;87000;1.5;1851;halooglasi;Zemun,Altina,nov,uknjizen 47 m2
80;Opština Stari grad , Dorćol , Visokog Stevana;290000;4.0;3625;halooglasi;Odlican 4.0 stan,bez ulaganja
35;Opština Zvezdara , Vojvode Vlahovića , Vojvode Vlahovića;80000;2.0;2286;halooglasi;"2.0 Zvezdara, ""Vojvode Vlahovića"" - kod Sunca"
44;Opština Grocka , Boleč , 8. marta;70400;1.5;1600;halooglasi;Prodaja stanova u Bolecu (od 40 do 56 m2)!
54;Opština Novi Beograd , Bežanijska kosa 1 , Danila Lekića Španca;165000;1.5;3056;halooglasi;Bežanijska kosa I, jednoiposoban stan
88;Opština Stari grad , Dorćol , Gundulićev Venac;325000;3.0;3693;halooglasi;Trosoban stan na prodaju, Gundulićev Venac
87;Opština Voždovac , Kumodraška;243600;3.0;2800;halooglasi;Extra Lux stan na Voždovcu-bez provizije
86;Opština Voždovac , Vojvode Stepe;250500;4.0;2913;halooglasi;Extra lux stan u Vojvode Stepe-bez provizije
69;Opština Palilula , 27. marta , 27. marta;248500;3.0;3601;halooglasi;Top ponuda, EXTRA LUX, 69m2, 27.Marta, Palilula
53;Opština Zvezdara , Đeram pijaca , Preševska;149990;2.0;2830;halooglasi;Lux novogradnja, Preševska, 53 m2
30;Opština Zemun , Altina , Samaranova;51000;1.5;1700;halooglasi;Altina Novogradnja
46;Opština Zvezdara , Bulevar kralja Aleksandra , Vojvode Dovezenskog;135000;2.0;2935;halooglasi;Bulevar kralja Aleksandra, dvosoban stan
64;Opština Novi Beograd , Blok 62 , Jurija Gagarina;149900;2.5;2342;halooglasi;Blok 62 | 2.5 | 64+L
44;Opština Zvezdara , Lipov lad , Ulcinjska;154000;1.5;3500;halooglasi;Lipov lad, lux, novogradnja, ID 22338
124;Opština Novi Beograd , Blok 65 , Omladinskih brigada;648500;4.0;5230;halooglasi;West 65, luksuzan stan, izuzetan, ID 21471
39;Opština Palilula , Bulevar despota Stefana , Jovana Avakumovića;125000;1.0;3205;halooglasi;Jovana Avakumovića, kod MUP-a 39m2, jednosoban
87;Opština Voždovac , Lekino brdo , Kruševačka;250000;3.0;2874;halooglasi;Nov stan, dogovor lux, miran garaža, sve uknjiženo
50;Opština Palilula , Profesorska kolonija , Zdravka Čelara;138500;2.0;2770;halooglasi;Zdravka Čelara kod Ljube Stojanovica
48;Opština Novi Beograd , Blok 67a (A blok) , Jurija Gagarina;249500;2.0;5198;halooglasi;Lux namestan stan u ABloku
51;Opština Voždovac , Lekino brdo , Varvarinska;135000;2.0;2647;halooglasi;Fenomenalan Stan Lekino Brdo  51m2 2.0 Parking
64;Opština Zvezdara , Vukov Spomenik , Zahumska;210000;3.5;3281;halooglasi;Zvezdara, Vukov spomenik - Zahumska
106;Opština Vračar , Slavija , Makenzijeva;285000;3.0;2689;halooglasi;Renoviran dupleks  na Vračaru sa pogledom na Hram
82;Opština Voždovac , FON - Bilećka , Bilećka;328000;3.0;4000;halooglasi;Komforan trosoban stan, Voždove kapije, 82m2
17;Opština Vračar , Čubura , Cerska;61000;1.0;3588;halooglasi;Cerska - garsonjera 32 m2
58;Opština Zemun , Zemunske kapije , Šumadijska;149500;2.0;2578;halooglasi;Zemun 58 m2 lux
46;Opština Zvezdara , Mirijevo , Aleksandra Belića;119900;2.5;2607;halooglasi;Mirijevo, A. Belića, stvarno 76 m2(uknjiženo 46m2)
63;Opština Zemun , Retenzija , Aleksandra Dubčeka;174000;2.0;2762;halooglasi;Retenzija, retko u ponudi
73;Opština Čukarica , Banovo brdo , Toše Jovanovića;149000;2.5;2041;halooglasi;Čukarica | Toše Jovanovića | 73m2
86;Opština Voždovac , Naselje Stepa Stepanović , 2. srpske armije;235000;2.5;2733;halooglasi;Stepa Stepanović, 2. srpske armije, 86m2, 2.5 ID#2
103;Opština Vračar , Hram svetog Save , Nebojšina;412000;3.0;4000;halooglasi;Nebojšina-Novogradnja-Lux-103m2
55;Opština Vračar , Crveni krst , Sazonova;180774;2.0;3300;halooglasi;Lux, Crveni krst, 55m2 - Bez Provizije
75;Opština Čukarica , Banovo brdo , Steve Todorovića;217500;3.5;2900;halooglasi;Izuzetna lokacija, Banovo brdo, 3.5 stan
94;Opština Zemun , Zemunske kapije , Skopljanska;219000;4.0;2330;halooglasi;Zemunske kapije 4.0 stan sa 330m2 dvorišta, bašte
90;Opština Voždovac , Autokomanda , Bože Jankovića;179000;4.0;1989;halooglasi;Bože Jankovića, Autokomanda, Voždovac
92;Opština Novi Beograd , Bežanijska kosa 2 , Peđe Milosavljevića;259000;3.5;2815;halooglasi;Bežanijska kosa 2, vojni, 92m2, 3,5
71;Opština Zemun , Pregrevica , Pregrevica;220000;3.5;3099;halooglasi;Troiposoban 71m2, Pregrevica
38;Opština Zvezdara , Olimp , Vojvode Blažete;105000;2.5;2800;halooglasi;Prodajem lux stan Zvezdara,Vojvode Blažete 32,38m2
52;Opština Zvezdara , Mirijevo , Vitezova Karađorđeve zvezde;108500;2.0;2087;halooglasi;Useljiv,Lux, novogradnja, uknjizen stan u Mirijevu
68;Opština Zvezdara , Mirijevo , Vitezova Karadjordjeve Zvezde, Beograd (Zvezdara);127500;2.5;1894;halooglasi;Useljiv,Lux, Novogradnja, Uknjizen stan u Mirijevu
115;Opština Savski venac , Dedinje , Kronštatska;319000;4.0;2774;halooglasi;Kronštatska, Dedinje, Savski venac
65;Opština Voždovac , Vojvode Vlahovića , Generala Đoke Popovića;89500;2.0;1392;halooglasi;Nov stan Voždovac
81;Opština Vračar , Crveni krst , Metohijska;229000;3.5;2827;halooglasi;Crveni krst, odličan troiposoban stan, Metohijska
94;Opština Palilula , Centar , Kneza Danila;324299;3.0;3450;halooglasi;3.0 komforan stan u ulici Kneza Danila
59;Opština Novi Beograd , Stari Merkator , Bulevar Mihajla Pupina;155000;3.0;2627;halooglasi;Prodajemo odličan trosoban stan kod Retenzije 59m2
73;Opština Palilula , Karaburma , Mirijevski bulevar;189800;3.0;2600;halooglasi;Karaburma, renoviran stan, odmah useljiv
53;Opština Zvezdara , Mirijevo , Kapetana Miloša Žunjića;99400;2.0;1900;halooglasi;Kapetana Miloša Žunjića, Mirijevo 3, Zvezdara
72;Opština Novi Beograd , Blok 28 , Bulevar Milutina Milankovića;214900;3.0;2985;halooglasi;Blok 28, renoviran i opremljen
37;Opština Zvezdara , Učiteljsko naselje , Živka Davidovića;96200;1.5;2600;halooglasi;Živka Davidovića, Učiteljsko naselje, Zvezdara
94;Opština Novi Beograd , Blok 67a (A blok) , Uroša Martinovića;410000;4.0;4362;halooglasi;A Blok, novogradnja, Lux, terasa, 4.0 dve garaze
66;Opština Savski venac , Savski trg - Pristanište , Gavrila Principa;215000;3.0;3258;halooglasi;Gavrila Principa, Savski trg, Savski venac
67;Opština Palilula , Višnjička Banja , Mirka Milojkovića;124000;3.0;1851;halooglasi;Trosoban stan u Novogradnji
73;Opština Zvezdara , Mirijevo , Meše Selimovića;148000;3.5;2027;halooglasi;Odličan 3.5 stan kod Osnovne škole
75;Opština Voždovac , Bioskop Voždovac;232500;3.0;3100;halooglasi;Extra lux stan na Voždovcu-Bez provizije
47;Opština Novi Beograd , Blok 18 (Staro sajmište) , Sajmište;115000;2.0;2447;halooglasi;Hitna prodaja! Novi Beograd - Sajmište, 47m2
155;Opština Voždovac , Kumodraška;340000;4.0;2194;halooglasi;Extra lux stan sa dvorištem-bez provizije
92;Opština Savski venac , Beograd na vodi;405000;3.0;4402;halooglasi;Extra Lux opremljen stan BW ARIA  - bez provizije
47;Opština Zemun , Altina , Ugrinovački put 121;86045;1.5;1850;halooglasi;Novogradnja,uknjižen,lux stan,46,51m2-Nova Altina
66;Opština Zemun , Save Kovačevića , Dragana Rakića;132900;2.0;2014;halooglasi;Zemun-Save Kovačević, 2.0, 55+11, za preporuku!
49;Opština Novi Beograd , Paviljoni , Radoja Dakića;105000;2.0;2143;halooglasi;Paviljoni 49m2, 2.0 adaptibilan u 2.5, miran kraj
35;Opština Voždovac , Saobraćajni fakultet , Ljuba Vučkovića;79000;1.0;2257;halooglasi;Saobraćajni fakultet - Ljuba Vučkovića
38;Opština Zvezdara , Olimp , Vojvode Blazete;105000;2.0;2800;halooglasi;Prodajem lux stan Zvezdara,Vojvode Blažete 32,38m2
46;Opština Zvezdara , Olimp , Vojvode Blažete;129300;3.0;2811;halooglasi;Prodajem lux stan Zvezdara,Vojvode Blažete, 46m2
37;Opština Zvezdara , Olimp , Vojvode Blažete;89600;1.5;2422;halooglasi;Prodajem lux stan Zvezdara,Vojvode Blažete, 37m2
90;Opština Voždovac , Bioskop Voždovac , Bože Jankovića;243000;4.0;2700;halooglasi;Voždovac, Bože Jankovića, 4.0
26;Opština Zvezdara , Denkova bašta , Križanićeva;75400;1.0;2900;halooglasi;Prodajem, lux stan Zvezdara, 26 m2, Krizanićeva 18
35;Opština Zvezdara , Denkova bašta , Križanićeva;101500;2.0;2900;halooglasi;Prodajem lux stan Zvezdara, 35, m2, Krizanićeva 18
56;Opština Zvezdara , Denkova bašta , Križanićeva;162400;3.0;2900;halooglasi;Prodajem, lux stan Zvezdara, 56 m2, Krizanićeva 18
35;Opština Novi Beograd , Blok 65 , Tadije Sondermajera;144990;1.0;4143;halooglasi;Wellport Kula lux 35m2 vlasnik useljiv odmah
190;Opština Stari grad , Dorćol , Cara Uroša;662935;5.0;3500;halooglasi;Dupleks, Beograd, Cara Uroša
84;Opština Voždovac , Banjica , Crnotravska;173000;3.0;2060;halooglasi;3.0  Banjica, Crnotravska, uknjižen
41;Opština Zvezdara , Veliki Mokri Lug , Ristin Potok;80750;1.5;1970;halooglasi;Veliki Mokri Lug, Cvetanova Cuprija, 41kv, blizina
62;Opština Stari grad , Politika , Svetogorska;244000;2.0;3935;halooglasi;Odlična prilika, renoviran stan u centru grada ID#
97;Opština Novi Beograd , Blok 65 , Tadije Sondermajera;349900;3.5;3607;halooglasi;Wellport, nov, luksuzan troiposoban stan
87;Opština Novi Beograd , Blok 63 , Nehruova;189000;3.0;2172;halooglasi;Blok 63, 3.0, prostran, za svaku preporuku
87;Opština Novi Beograd , Blok 70 (kineski tržni centar) , Jurija Gagarina;209000;3.0;2402;halooglasi;Blok 70, Jurija Gagarina, komforan 3.0
45;Opština Zemun , Pregrevica , Kovača Jovana Petrovića;85000;1.5;1889;halooglasi;Kovača Jovana Petrovića, Pregrevica, Zemun
50;Opština Voždovac , Braće Jerković , Skendera Kulenovića;97500;2.0;1950;halooglasi;Odličan dvosoban brzo useljiv
131;Opština Vračar , Južni bulevar , Sime Igumanova;420000;4.0;3206;halooglasi;Prelep penthouse na Vracaru
37;Opština Zemun , Marija Bursać , Marije Bursać;89500;1.0;2419;halooglasi;1.0 kod Prvomajske sa nameštajem
86;Opština Vračar , Južni bulevar , Šumatovačka;395000;4.0;4593;halooglasi;Prodajemo luks četvorosoban stan na Vračaru, 86m2
55;Opština Rakovica , Kneževac;70000;1.5;1273;halooglasi;Odličan 1.5 stan u Rakovici, 35m2+20m2
67;Opština Rakovica , Kanarevo brdo , Kanarevo brdo;109000;2.5;1627;halooglasi;Rakovica - Kanarevo brdo, renoviran
113;Opština Savski venac , Centar , Sarajevska;350000;4.0;3097;halooglasi;Prodajemo četvorosoban stan, Sarajevska, 113m2
91;Opština Novi Beograd , Hotel Jugoslavija , Bulevar Mihajla Pupina;370000;4.0;4066;halooglasi;Četvorosoban stan kod hotela Jugoslavija, 91m2
102;Opština Vračar , Južni bulevar , Južni bulevar;260000;5.0;2549;halooglasi;Ekskluzivan stan na Vračaru Južni bul.
104;Opština Zvezdara , Crveni krst , Trajka Stamenkovića;329000;3.0;3163;halooglasi;Lux penthaus novogradnja 3.0 (4.0) 104 m2 (92m2)
79;Opština Vračar , Južni bulevar , Braće Radovanović;310000;3.0;3924;halooglasi;Trosoban stan u Kapijama Vračara, 79m2
74;Opština Novi Beograd , Blok 3 , Narodnih heroja;209000;2.5;2824;halooglasi;Fontana, dvoiposoban, 74m2 ID#1013
73;Opština Voždovac , Banjica , Bulevar oslobođenja;150000;3.0;2055;halooglasi;Uknjižen stan na Banjica - hitna prodaja ID#3405
76;Opština Stari grad , Takovska , Budimska;239000;3.0;3145;halooglasi;Prodajemo stan u  Budimskoj, Botanička bašta, 76m²
94;Opština Voždovac , Lekino brdo , Trebinjska;256000;3.5;2723;halooglasi;Prodajemo namešten dupleks, 94m2, Trebinjska
300;Opština Palilula , Bogoslovija , Mije Kovačevića;630000;5.0;2100;halooglasi;Petosoban stan kod Bogoslovije, 300 m2, dve etaže
52;Opština Voždovac , Dušanovac , Danijelova;178000;2.0;3423;halooglasi;Luks dvosoban stan na Voždovcu, 52m2, sa garažnim
357;Opština Voždovac , Dušanovac , Danijelova;645000;5.0;1807;halooglasi;Prodajemo izuzetan penthouse na Voždovcu, 357m2
58;Opština Čukarica , Banovo brdo , Paštrovićeva;169900;2.5;2929;halooglasi;Dvoiposoban stan u novoj zgradi kod Hipodroma,58m2
96;Opština Novi Beograd , Blok 70 (kineski tržni centar) , Gandijeva;288000;3.0;3000;halooglasi;Blok 70, Gandijeva, trosoban stan u blizini Save
83;Opština Vračar , Južni bulevar , Mlade Bosne;320000;4.0;3855;halooglasi;Prodajemo stan sa garažnim mestom,83m2, Vračar
286;Opština Savski venac , Dedinje , Neznanog junaka;1349000;5.0;4717;halooglasi;Petosoban stan, Dedinje,286m², dva garažna mesta
58;Opština Novi Beograd , Blok 70 (kineski tržni centar) , Jurija Gagarina;149000;2.0;2569;halooglasi;Prodajemo stan u Jurija Gagarina, Blok 70, 58m²
189;Opština Novi Beograd , Blok 19a , Vladimira Popovića;470000;6.0;2487;halooglasi;Trosoban stan, blok 19A,Vladimira Popovića,189m2
58;Opština Novi Beograd , Blok 65 , Omladinskih brigada;275000;2.0;4741;halooglasi;West 65, useljiv lux dvosoban stan, 58m2
47;Opština Voždovac , Naselje Stepa Stepanović , Vojvode Stepe;134500;2.0;2890;halooglasi;Square 2, Vojvode Stepe, 46,54m, dvosoban
50;Opština Voždovac , Naselje Stepa Stepanović , Vojvode Stepe 391;146176;2.0;2924;halooglasi;Vojvode Stepe 391, Square 2, dvosoban 50,58m
54;Opština Zvezdara , Bulbulder , Mehmeda Sokolovića;159000;2.0;2944;halooglasi;Stan Mehmeda Sokolovića, Bulbulder 54m², Zvezdara
50;Opština Zvezdara , Đeram pijaca , Vojvode Savatija;160000;2.0;3200;halooglasi;Prodajemo renoviran stan, Đeram 50m² , Beograd
147;Opština Čukarica , Banovo brdo , Tuniska;460000;4.0;3129;halooglasi;Banovo brdo , top lokacija , Kosutnjak
76;Opština Novi Beograd , Blok 63 , Jurija Gagarina;172400;3.0;2268;halooglasi;Blok 63 
64;Opština Savski venac , Dedinje , Velisava Vulovića;239000;3.0;3734;halooglasi;3.0 Dedinje, sa parking mestom i dvorištem
108;Opština Novi Beograd , Blok 65 , Tadije Sondermajera;386532;3.0;3600;halooglasi;Novogradnja, Wellport, stan na prodaju
51;Opština Zemun , Donji grad , Vrtlarska;157000;2.0;3078;halooglasi;Na prodaju renoviran stan u Zemunu
64;Opština Zvezdara , Gradska bolnica , Đoka Vojvodića;159900;2.5;2498;halooglasi;Uknjižen, sjajna lokacija, brzo useljiv
80;Opština Voždovac , Lekino brdo , Davida Pajica;225000;4.0;2812;halooglasi;Lekino brdo, lux,  80.25m2, bez provizije
69;Opština Novi Beograd , Blok 37 , Bulevar Arsenija Čarnojevića;145000;2.5;2101;halooglasi;Novi Beograd-Blok 37,dvoiposoban, 69m2
104;Opština Palilula , Botanička bašta , Bulevar despota Stefana;253000;4.0;2433;halooglasi;Kvalitetan stan kod botaničke bašte
59;Opština Palilula , Karaburma , Marijane Gregoran;112000;3.0;1898;halooglasi;3.0 stan na Karaburmi, Marijane Gregoran ID#2144
114;Opština Novi Beograd , Blok 64 , Zemunska;297000;6.0;2605;halooglasi;Dupleks 5.0 stan u bloku 64, Egipatska(Zemunska) I
75;Opština Novi Beograd , Blok 62 , Nehruova;157000;3.0;2093;halooglasi;3.0 stan u bloku 62, Nehruova ID#2527
49;Opština Palilula , Karaburma , Husinskih rudara;95000;2.5;1939;halooglasi;2.5 stan na Karaburmi, Husinskih Rudara ID#2628
55;Opština Voždovac , Vojvode Stepe , Kostolačka;143000;2.0;2604;halooglasi;2.0 stan na Voždovcu, Kostolačka ID#2644
58;Opština Novi Beograd , Fontana , Pariske komune;150000;2.0;2586;halooglasi;2.0 stan kod Fontane, Pariske komune ID#2661
65;Opština Voždovac , Šumice , Ustanička;186615;2.5;2900;halooglasi;Mesto gde vaš novac vredi više
49;Opština Voždovac , Šumice , Ustanička;146790;2.5;3000;halooglasi;Mesto gde vaš novac vredi više
48;Opština Voždovac , Šumice , Ustanička;142200;2.0;3000;halooglasi;Mesto gde vaš novac vredi više
67;Opština Stari grad , Dorćol , Budimska;283700;3.0;4290;halooglasi;Dorćol lux cena sa pdv-om
128;Opština Stari grad , Centar , Džordža Vašingtona;572040;4.0;4500;halooglasi;Rezervišite svoje mesto u krugu dvojke
113;Opština Stari grad , Centar , Džordža Vašingtona;506610;4.0;4500;halooglasi;Rezervišite svoje mesto u krugu dvojke
47;Opština Stari grad , Centar , Džordža Vašingtona;232500;2.0;5000;halooglasi;Rezervišite svoje mesto u krugu dvojke
160;Opština Stari grad , Dorćol , Cara Dušana;449900;6.0;2812;halooglasi;Fantastičan salonac na sjajnoj lokaciji
71;Opština Vračar , Južni bulevar , Šumatovačka;215000;3.0;3028;halooglasi;Prodajni dan 13. maj – Šumatovačka 157v
100;Opština Novi Beograd , Blok 61 , Dr Ivana Ribara;230000;4.0;2300;halooglasi;BLOK 61, četvorosoban, 100 m2, bez posrednika
52;Opština Vračar , Južni bulevar , Južni bulevar;195000;2.0;3750;halooglasi;Vračar, LUX, kompletno opremljen
34;Opština Voždovac , Banjica , Zorice Božović;66300;1.5;2001;halooglasi;Banjica - Zorice Božović - Novogradnja
52;Opština Rakovica , Skojevsko naselje , Vodice;110000;2.5;2115;halooglasi;Skojevsko Naselje 2.5 soban
37;Opština Rakovica , Kneževac , Kneževačka;67000;1.5;1811;halooglasi;Lux, Novogradnja, 37m2, Jednoiposoban, Rakovica
51;Opština Stari grad , 25. maj , Tadeuša Košćuška;195000;2.0;3824;halooglasi;Retko u ponudi! Stan na 25. Maju
49;Opština Zvezdara , Mirijevo ,;76280;2.0;1570;halooglasi;Useljiva Novogradnja. Toplotne pumpe. Bez Provizij
107;Opština Zvezdara , Vukov Spomenik ,;299600;4.0;2800;halooglasi;Kvalitetan. Osunčan. Brzo Useljiv. Lep Pogled
55;Opština Zvezdara , Mirijevo ,;109000;2.0;1982;halooglasi;Uknjižena Novogradnja. Toplotne pumpe. Useljivo
69;Opština Palilula , Krnjača ,;91400;3.0;1325;halooglasi;Kvalitetna Novogradnja. Brzo useljivo. Bez PDV-a
58;Opština Zvezdara , Cvetkova pijaca ,;150000;3.0;2586;halooglasi;Savršen Raspored. Brzo Useljiv. Kvalitetan. Cvetko
65;Opština Vračar , Čubura ,;185000;3.0;2846;halooglasi;Savršen raspored. Brzo useljiv. Podovi po izboru
45;Opština Zvezdara , Slavujev venac ,;140000;2.0;3111;halooglasi;Premium Novogradnja. Dvostran. Jugozapad.
91;Opština Zemun , Kej ,;370000;4.0;4066;halooglasi;Prelep lux stan u novogradnji
78;Opština Novi Beograd , Fontana , Studentska;189000;2.5;2423;halooglasi;Odličan, 2.5 stan kod Fontane
123;Opština Stari grad , Centar , Trg Nikole Pašića;419000;4.0;3407;halooglasi;Centar, Trg Nikole Pašića, salonac 136m2, Vsp, 4.0
49;Opština Zemun , Meandri , Bačka;123000;2.0;2510;halooglasi;Zemun, Bačka, mereno 56m2 sa terasom ID#7342
113;Opština Zemun , Tošin bunar , Petra Kočića;299990;6.0;2655;halooglasi;Zemun, lux, duplex, mereno 113m2 ID#7381
83;Opština Stari grad , Bajlonijeva pijaca , Cetinjska;372960;2.5;4500;halooglasi;Cetinjska Residence Dorcol  - kredit
76;Opština Savski venac , Centar , Admirala Geprata;289000;3.0;3803;halooglasi;Centar, pogled na park, lux, Admirala Geprata, 76
147;Opština Stari grad , Kalemegdan , Cara Dušana;449000;5.0;3054;halooglasi;5.0, Dorćol, kod Kalemegdana, 147m2(131m2)
47;Opština Surčin , Jakovo , Seoske partizanske straže;75000;2.0;1597;halooglasi;Luksuzni stanovi u izgradnji- Surčin (Jakovo)
158;Opština Zemun , Donji grad , Radoja Dakića;430000;4.5;2722;halooglasi;Ekskluzivni penthaus, Zemun - centar
63;Opština Novi Beograd , YUBC , Bulevar Mihajla Pupina;240000;2.0;3810;halooglasi;YUBC Bul Mihajla Pupina
63;Opština Zemun , Pregrevica , Užička;163696;3.0;2600;halooglasi;Novogradnja, useljivo odmah, bez agencijske prov.
60;Opština Zemun , Pregrevica , Užička;158205;2.0;2650;halooglasi;Novogradnja, useljivo odmah, bez agencijske prov.
56;Opština Savski venac , Beograd na vodi , Savska;234000;2.0;4179;halooglasi;BW Quartet 2, useljivo u junu 2024., bez provizije
57;Opština Surčin , Ledine , Isidore Sekulić;98000;3.0;1742;halooglasi;Ledine, 3.0 stan, 56.25m2, novogradnja,park. mesto
68;Opština Vračar , Hram svetog Save , Svetog Save;237000;3.0;3485;halooglasi;Salonac, Hram Svetog Save
50;Opština Rakovica , Skojevsko naselje , Luke Vojvodića;124000;2.0;2480;halooglasi;2.0 Skojevsko naselje, uknjižen
96;Opština Zvezdara , Mirijevo , Kapetana Miloša Žunjića;175000;4.0;1823;halooglasi;Vlasnik , Lokacija, Renoviran Kompletno,useljiv...
79;Opština Zvezdara , Mirijevo , Koste Nađa;144000;3.5;1823;halooglasi;Mirijevo, Koste Nadja, 3.5, 79 m2
65;Opština Zemun , Altina , Ugrinovački put;103000;4.0;1585;halooglasi;Stan novogradnja, LUX, 65m2
67;Opština Čukarica , Filmski grad , Miloja Zakića;167000;3.0;2493;halooglasi;3.0 Filmski grad, M. Zakića, odličan!
90;Opština Voždovac , Lekino brdo , Strumička;310000;4.0;3444;halooglasi;Lux novogradnja 90m2. Lekino brdo
42;Opština Zvezdara , Mirijevo;92400;2.0;2200;halooglasi;Lux novogradnja u Dusana Radovica- Bez provizije
55;Opština Vračar , Crveni krst;180180;2.5;3300;halooglasi;Extra lux stan u izgradnji-Bez provizije
58;Opština Zvezdara , Mirijevo;127600;3.0;2200;halooglasi;Lux novogradnja u Dusana Radovica- Bez provizije
51;Opština Zvezdara , Mirijevo;112200;2.0;2200;halooglasi;Lux novogradnja u Dusana Radovica- Bez provizije
106;Opština Rakovica , Stari Košutnjak , Pere Velimirovića;240000;4.5;2264;halooglasi;Stari košutnjak, duplex za preporuku, mereno 135m2
37;Opština Zemun , Altina , Samaranova 2;63000;1.5;1703;halooglasi;Altina novogradnja
63;Opština Voždovac , Naselje Stepa Stepanović , Vojvode Stepe 391;181200;2.5;2890;halooglasi;Vojvode Stepe, Square 2, dvoiposoban 62,70m
40;Opština Savski venac , Savski trg - Pristanište , Admirala Geprata;140000;1.5;3500;halooglasi;Beograd - centar - uknjižen stan oglašava prodavac
71;Opština Zemun , Save Kovačevića , Drenova;175650;2.5;2500;halooglasi;Zemun, Sava Kovačević, 2.5, 70m2
57;Opština Zvezdara , Mirijevo , Matice srpske;110000;2.0;1930;halooglasi;Stan u Mirijevu sa pogledom na Zvezdarsku šumu
76;Opština Novi Beograd , Blok 67a (A blok) ,;284000;3.0;3737;halooglasi;Sakura Park - Prelep trosoban stan
66;Opština Vračar , Hram svetog Save ,;270000;2.0;4091;halooglasi;Lux nov 2.0 stan 66m2+50m2 dvorište sa gar.mestom
66;Opština Vračar , Neimar , Sime Igumanova;259000;3.0;3924;halooglasi;Neimar, izuzetan trosoban stan ID#7613
105;Opština Vračar , Južni bulevar ,;398285;4.0;3795;halooglasi;Ekskluzivni stanovi za prestižan život na Vračaru!
60;Opština Čukarica , Sremčica , Porodice Milošević;67000;2.0;1117;halooglasi;Prodajem dvosoban stan u Sremčici
60;Opština Stari grad , Dunavski kej , Dunavski kej;240000;2.0;4000;halooglasi;Dorćol, Dunavski kej, mereno 68m2 ID#7309
142;Opština Stari grad , Centar , Džordža Vašingtona;636210;5.0;4500;halooglasi;Rezervišite svoje mesto u krugu dvojke
65;Opština Zemun , Altina , Hemingvejeva;107250;3.0;1650;halooglasi;Altina Hemingvejeva
76;Opština Surčin , Dobanovci , Branka Radičevića;111200;2.5;1463;halooglasi;Dobanovci Stan 76 dvoiposoban
74;Opština Zvezdara , Bulevar kralja Aleksandra , Bulevard kralja Aleksandra 515;113000;2.0;1527;halooglasi;Novogradnja na Bulevaru kralja Aleksandra 515
74;Opština Novi Beograd , Stari Merkator , Bulevar Mihajla Pupina;180000;3.0;2432;halooglasi;Stari Merkator ID#1025
110;Opština Stari grad , Kalemegdan , Cara Uroša;330000;3.0;3000;halooglasi;Prodaja-Stari grad ID#1152
45;Opština Novi Beograd , Ledine ,;88000;2.0;1972;halooglasi;Novi Beograd-Ledine ID#1167
44;Opština Zemun , Karađorđev trg , Kapetana Radiča Petrovića;86000;2.5;1955;halooglasi;Zemun-Karadjordjev trg ID#1170
111;Opština Vračar , Čubura , Cara Nikolaja II;410000;4.0;3694;halooglasi;Centar-Vracar ID#1174
130;Opština Stari grad , Centar , Hilandarska;375000;4.0;2885;halooglasi;Hilandarska,megasalonac,odlicna cena,lepa zgrada.
97;Opština Vračar , Centar , Krunska;390000;4.0;4021;halooglasi;Krunska,Muzej,drvoredi,salonac,luks,sjajan,parking
177;Opština Vračar , Čubura , Šumatovačka;569500;6.0;3218;halooglasi;Penthouse čuvene Grčke arhitekte Hristine Zerwe
68;Opština Čukarica , Banovo brdo ,;145000;3.0;2132;halooglasi;Odličan stan po super ceni
105;Opština Zemun , Pregrevica , Pregrevica;400000;3.0;3810;halooglasi;Pregrevica, 105m2, smarthome, trosoban, namesten
80;Opština Zvezdara , Lipov lad , Vranjska;219000;3.0;2738;halooglasi;Lipov Lad, 80M2, Beograd - Zvezdara, Vranjska
98;Opština Čukarica , Banovo brdo ,;275324;4.0;2809;halooglasi;Banovo brdo – lux – oktobar 2024.
119;Opština Savski venac , Beograd na vodi , Crnogorska;332000;4.5;2790;halooglasi;Centar,Crnogorska ,lux,salonac ID#1285
63;Opština Voždovac , Konjarnik , Ustanička;132900;2.0;2110;halooglasi;Uknjižen odmah useljiv odličan stan
55;Opština Novi Beograd , Blok 67a (A blok) ,;238000;2.0;4383;halooglasi;A Blok - lep dvosoban stan sa garažnim mestom
55;Opština Zvezdara , Smederevski put , Bulevar kralja Aleksandra 557;115000;3.0;2091;halooglasi;Stan, Bul. kralja Aleksandra, 55m2
48;Opština Zvezdara , Smederevski put , Bulevar kralja Aleksandra 557;101000;3.0;2104;halooglasi;Stan, Bul. kralja Aleksandra, 48m2
34;Opština Zvezdara , Smederevski put , Bulevar kralja Aleksandra 557;76500;2.0;2250;halooglasi;Stan, Bul. kralja Aleksandra, 34m2
72;Opština Vračar , Južni bulevar ,;279910;3.0;3905;halooglasi;Ekskluzivni stanovi za prestižan život na Vračaru!
72;Opština Savski venac , Beograd na vodi , Sarajevska;249550;3.0;3500;halooglasi;Beograd BW Sarajevska Bircaninova 71 + 6m2 Salonac
65;Opština Zemun , Zemunske kapije;149000;3.0;2292;halooglasi;Zemun  3.0 blizu Zemunski kapija 149000e
37;Opština Zemun , Save Kovačevića , Marije Bursać;89500;1.0;2419;halooglasi;1.0 kod Prvomajske, sa nameštajem
41;Opština Čukarica , Bele vode , Milana Šarca;42000;2.0;1024;halooglasi;2.0 Bele vode kod parka, za renoviranje
80;Opština Zvezdara , Učiteljsko naselje , Živka Davidovića;229900;3.0;2874;halooglasi;Lux nov stan sa parkingom
69;Opština Grocka , Kaluđerica , Preradovićeva;150000;6.0;2174;halooglasi;Kancalarija, lokal, apartman, stan + garaze.
41;Opština Palilula , Borča , Kikindska;73800;1.0;1800;halooglasi;Novogradnja, Borča Kikindska ulica
88;Opština Stari grad , Dorćol , Gundulićev Venac;325000;3.0;3693;halooglasi;Centar(Gundulićev venac),88m2,3.0+terasa #3995
103;Opština Vračar , Kalenić pijaca , Golsvordijeva;450000;3.0;4369;halooglasi;Vracar, Golsvordijeva
37;Opština Čukarica , Banovo brdo , Vinodolska;94500;1.0;2554;halooglasi;Banovo brdo, Vinodolska, jednosoban, 37m2
120;Opština Zemun , Zelena avenija , Petra Kočića;299990;5.0;2500;halooglasi;Zelena Avenija Zemun - Lux duplex stan na prodaju
49;Opština Palilula , Borča , Kikindska;88200;2.0;1800;halooglasi;Novogradnja, Borča Kikindska ulica
34;Opština Zvezdara , Konjarnik , Glasinačka;97900;1.5;2879;halooglasi;Prodajem stan na Konjarniku
60;Opština Novi Beograd , Blok 70 (kineski tržni centar) , Jurija Gagarina;201000;2.5;3350;halooglasi;Top stan preko puta A bloka
45;Opština Zemun , Altina , Ugrinovački put;78050;1.5;1750;halooglasi;Novogradnja,uknjižen lux stan,44,60m2- Nova Altina
92;Opština Savski venac , Dedinje ,;550000;4.0;5978;halooglasi;Lux stan u blizini Američke ambasade
64;Opština Voždovac , Dušanovac ,;160000;3.0;2500;halooglasi;Penthouse sa pogledom na Hram, bez provizije
168;Opština Voždovac , Medaković 3;355000;5.0;2113;halooglasi;Lux stan kod hotela Majdan sa dvorstem i parkingom
70;Opština Čukarica , Banovo brdo , Republička;213300;3.0;3080;halooglasi;Vrhunski luksuzan stan - novogradnja
89;Opština Čukarica , Banovo brdo , Republička;272400;3.0;3080;halooglasi;Vrhunski luksuzan stan - novogradnja
113;Opština Čukarica , Banovo brdo , Republička;346700;4.0;3080;halooglasi;Vrhunski luksuzan stan - novogradnja
67;Opština Novi Beograd , Blok 37 , Milutina Milankovića;169500;3.0;2530;halooglasi;Blok 37, Milutina Milankovića
61;Opština Zemun , Retenzija , Aleksandra Dubčeka;174000;2.0;2852;halooglasi;Zemun, Aleksandra Dubčeka, dvosoban stan
143;Opština Voždovac , Dušanovac , Strumička;450000;4.5;3162;halooglasi;Voždovac - ekskluzivni duplex u mirnom delu grada!
88;Opština Vračar , Južni bulevar , Šumatovačka;264000;4.0;3000;halooglasi;Vračar (Šumatovačka ulica), 88 m2, Banat Gradnja
55;Opština Palilula , Karaburma;120000;2.0;2182;halooglasi;Karaburma - dvosoban stan  , 1sprat , uknjižen
93;Opština Voždovac , Vitanovačka , Nestora Žučnog 19;236100;4.0;2550;halooglasi;Voždovac , 92,59m, četvorosoban, Voždovačka crkva
51;Opština Voždovac , Naselje Stepa Stepanović , Vojvode Stepe 391;146118;2.5;2890;halooglasi;Vojvode Stepe, Square 2, dvoiposoban 50,56m
50;Opština Zemun , Meandri , Banjička;107000;2.0;2140;halooglasi;Uknjižen, odmah useljiv stan. Bez provizije.
73;Opština Zemun , Zelena avenija , Tošin bunar;204232;2.5;2800;halooglasi;Zelena Avenija
57;Opština Palilula , Višnjička Banja , Darinke Jevrić;116000;3.0;2035;halooglasi;Izuzetan 3.0 svetao,bez ulaganja, terasa, pogled
86;Opština Voždovac , Naselje Stepa Stepanović , 2. Srpske Armije;235000;2.5;2733;halooglasi;Stepa Stepanović, Druge Srpske Armije ID#7725
163;Opština Stari grad , Centar , Hilandarska;770000;4.0;4724;halooglasi;Hilandarska 163m2 + 2 garažna mesta
54;Opština Surčin , Surčin (mesto) , Kosovska;97200;3.0;1800;halooglasi;Prodaja lux stanova Surčin-Kosovska, Jokini vrtovi
47;Opština Grocka , Kaluđerica , Svetislava Ristića 4;61000;1.5;1298;halooglasi;Kaluđerica novo 47m2 1,5 uknjižen 1/1 odmah uselji
41;Opština Grocka , Kaluđerica , Svetislava Ristića 4;64200;1.5;1599;halooglasi;Kaluđerica novo 40m2 1,5 uknjižen 1/1 odmah uselji
42;Opština Grocka , Kaluđerica , Svetislava Ristića;66200;2.0;1599;halooglasi;Kaluđerica Novo 41m2 2,0 uknjižen 1/1 odmah uselji
65;Opština Zvezdara , Lion , Koste Abraševića;209000;3.0;3215;halooglasi;Lion, Koste Abrasevica
89;Opština Zvezdara , Zvezdarska šuma , Trnavska;256650;3.0;2900;halooglasi;Premium trosoban stan na Zvezdari 88,5 m2
47;Opština Savski venac , Dedinje , Mihaila Avramovića;149000;2.0;3170;halooglasi;Dedinje, Mihaila Avramovica
63;Opština Zvezdara , Mirijevo , Radeta Markovića;135000;2.5;2143;halooglasi;Retko u ponudi, Novogradnja, Lux stan 63m2
70;Opština Zvezdara , Mirijevo , Radeta Markovića;149000;2.5;2129;halooglasi;Retko u ponudi Lux duplex 70m2, Karaburma
69;Opština Obrenovac , Obrenovac (mesto) , Aleksandra Ace Simovića;110000;3.0;1594;halooglasi;Obrenovac -Dudovi 69kvm
81;Opština Obrenovac , Rvati , Kralja Milana;110000;3.0;1358;halooglasi;Obrenovac- Rvati 81kvm
62;Opština Obrenovac , Obrenovac (mesto) , Majora Nebojše Tepavca;95000;2.5;1532;halooglasi;Stan u Centru, iza pošte 62kvm
115;Opština Novi Beograd , Ledine , Oplenačka;224250;5.0;1950;halooglasi;Lux penthaus sa najlepšim pogledom na Expo...
40;Opština Savski venac , Beograd na vodi , BW Bella;201888;0.5;5047;halooglasi;BW Bella - bez provizije kupce!
137;Opština Palilula , Bogoslovija , Čiče Romanijskog;315000;4.0;2299;halooglasi;Bogoslovija, Čiče Romanijskog
76;Opština Savski venac , Beograđanka , Admirala Geprata;289000;3.0;3803;halooglasi;Savski venac, Beograđanka - Admirala Geprata
116;Opština Stari grad , Centar , Hilandarska;360000;4.0;3103;halooglasi;Centar, salonac, I sprat, sa liftom
33;Opština Novi Beograd , Hotel Jugoslavija , Džona Kenedija;115000;1.5;3485;halooglasi;Hotel Jugoslavija, odmah useljiv
23;Opština Savski venac , Dedinje , Miće Orlovića;87633;1.0;3900;halooglasi;Odlična investicija
52;Opština Novi Beograd , Blok 67a (A blok) , Uroša Martinovića;239000;2.0;4596;halooglasi;A blok, 2.0, namesten, 52kvm, juzno, dvorisno orj
194;Opština Vračar , Crveni krst;952600;5.0;4910;halooglasi;Lux Penthaus salonac+terasa(187 m2-bez provizije)
123;Opština Zvezdara , Dimitrija Tucovića , Dimitrija Tucovića;362850;4.0;2950;halooglasi;Zvezdara, 300m od Zire, četvorosoban stan
89;Opština Čukarica , Filmski grad , Veljka Petrovića;136000;4.0;1528;halooglasi;Extra povoljan uknjiženi stan na Čukarici
60;Opština Stari grad , Dunavski kej , Dunavski kej;240000;2.0;4000;halooglasi;Pogled na reku, 68m2, 2.0, adaptibilan u 2.5, lift
54;Opština Voždovac , Banjica , Zorice Božović;106140;3.0;2000;halooglasi;Banjica - Zorice Božović - Novogradnja
52;Opština Zemun , Gornji grad , Alaska;122200;2.5;2350;halooglasi;“Alaska” oaza mira  dvoiposoban stan
66;Opština Voždovac , Ustanička , Ustanička 12;290400;3.0;4400;halooglasi;"Stambeno-poslovni objekat ""Sava Residence"""
46;Opština Voždovac , Ustanička , Ustanička;213900;2.0;4650;halooglasi;"Stambeno-poslovni objekat ""Sava Residence"""
55;Opština Voždovac , Ustanička , Ustanička;255750;2.0;4650;halooglasi;"Stambeno-poslovni objekat ""Sava Residence"""
50;Opština Voždovac , Ustanička , Ustanička;232500;2.0;4650;halooglasi;"Stambeno-poslovni objekat ""Sava Residence"""
42;Opština Voždovac , Ustanička , Ustanička;201600;2.0;4800;halooglasi;"Stambeno-posovni objekat ""Sava Residence"""
76;Opština Voždovac , Ustanička , Ustanička;342000;3.0;4500;halooglasi;"Stambeno-poslovni objekat ""Sava Residence"""
86;Opština Voždovac , Ustanička , Ustanička;404200;3.0;4700;halooglasi;"Stambeno-poslovni objekat ""Sava Residence"""
109;Opština Voždovac , Ustanička , Ustanička;468700;4.0;4300;halooglasi;"Stambeno-poslovni objekat ""Sava Residence"""
60;Opština Vračar , Gospodara Vučića , Gospodara Vučića;235000;3.0;3917;halooglasi;Vračar, novogradnja, lux, sa garažom
51;Opština Zvezdara , Gradska bolnica , Miloša Savkovića;97600;2.0;1951;halooglasi;2.0, top lokacija, Gradska bolnica
80;Opština Vračar , Hram svetog Save , Šumatovačka;245000;3.0;3062;halooglasi;Novo u ponudi, dizajnerski uređen, odličan
70;Opština Zvezdara , Dimitrija Tucovića , Toplička;70000;2.0;1000;halooglasi;Beograd, Zvezdara, Dimitrija Tucovica
46;Opština Rakovica , Centar , Kraljice Jelene;92000;2.0;2000;halooglasi;U izgradnji, Kraljice Jelene Rakovica
90;Opština Zemun , Zemun polje , Bertranda Rasela;150000;4.0;1667;halooglasi;Prodaja dupleksa Zemun Polje 90 kvadrata
73;Opština Čukarica , Čukarička padina , Mladena Mitrića;159000;2.5;2178;halooglasi;Čukarička padina, Mladena Mitrića, 2.5
75;Opština Vračar , Kalenić pijaca , Njegoševa;289000;2.5;3853;halooglasi;Njegoševa, Kalenić, stan sa dva parking mesta
68;Opština Stari grad , Dorćol , Dunavski kej;240000;2.0;3529;halooglasi;Dunavski kej - Dorćol ID#4449
81;Opština Novi Beograd , Blok 21 , Bulevar Mihaila Pupina;249900;3.0;3085;halooglasi;Na prodaju renoviran stan - retko u ponudi
64;Opština Čukarica , Cerak vinogradi , Vinogradski venac;139000;2.5;2172;halooglasi;2.5, Cerak Vinogradi, odličan, 64m2 (59m2+2L)
54;Opština Novi Beograd , Blok 62 , Jurija Gagarina;230000;3.0;4317;halooglasi;Prodaja lux stan - kopleks Petica Novi Beograd
57;Opština Zvezdara , Cvetkova pijaca , Donska;169000;2.5;2965;halooglasi;Cvetkova Pijaca, Donska
47;Opština Zemun , Altina , Ugrinovački put;86045;1.5;1850;halooglasi;Nova Altina 46.5m -Novogradnja, uknjižen lux stan
116;Opština Voždovac , Jove Ilića;359197;4.0;3097;halooglasi;Extra lux stan u Jove Ilića-bez provizije
90;Opština Čukarica , Žarkovo , Veljka Petrovića;136000;4.0;1525;halooglasi;Vlasnik, Uknjižen, Veljka Petrovića, Cerak, 89m2
68;Opština Vračar , Južni bulevar , Južni bulevar;217000;3.0;3202;halooglasi;Južni bulevar 174  stan na I spratu 68m2
100;Opština Zemun , Centar , Dobrovoljačka;257600;3.5;2600;halooglasi;Zemun, Dobrovoljačka, troiposoban stan 99.08m2
54;Opština Novi Beograd , Blok 63 , Jurija Gagarina;230000;2.5;4317;halooglasi;Lux stan u „Petici“, Blok 63
119;Opština Savski venac , Centar , Crnogorska;332000;4.0;2790;halooglasi;Četvorosoban stan na prodaju
73;Opština Novi Beograd , Sava centar , Vladimira Popovića;197000;3.0;2699;halooglasi;Novi Beograd, Sava centar - Vladimira Popovića
75;Opština Stari grad , Topličin venac , Pop Lukina;279000;3.0;3720;halooglasi;Izuzetan, strogi centar, retko u ponudi
73;Opština Zvezdara , Rudo , Mirka Sandića;210000;3.0;2877;halooglasi;Zvezdara, East Side - Mirka Sandića
34;Opština Zvezdara , Bulevar kralja Aleksandra , Bulevar kralja Aleksandra;87300;2.0;2568;halooglasi;Novogradnja kompletno opremljena
97;Opština Zvezdara , Cvetkova pijaca , Gospodara Vučića;240000;4.0;2490;halooglasi;Lux 4.0 stan kod Cvetkove pijace, 96,40 m2
92;Opština Novi Beograd , Bežanijska kosa 2 , Peđe Milosavljevića;259000;3.5;2815;halooglasi;Komforan stan 92m2, Bežanijska kosa 2
67;Opština Zemun , Pregrevica , Pregrevica;213730;3.0;3190;halooglasi;Stan direktno od investitora
60;Opština Čukarica , Banovo brdo , Mira Popare;188100;2.5;3135;halooglasi;Prodaja stana Banovo brdo Novogradnja
29;Opština Čukarica , Železnik , Milorada Popovića;66000;0.5;2276;halooglasi;Izuzetan apartman sa parkingom
69;Opština Čukarica , Železnik , Milorada Popovića;125000;2.0;1812;halooglasi;Lux dvosoban, parking
62;Opština Surčin , Ledine , Isidore Sekulić;110800;2.5;1799;halooglasi;Novogradnja Ledine-1800eur +pdv
24;Opština Stari grad , Centar , Bulevar despota Stefana;130000;2.0;5417;halooglasi;Dvosoban uknjižen Stari Grad
43;Opština Zemun , Zemunske kapije;98000;2.0;2279;halooglasi;Zemun  98000 Zemunske kapije
63;Opština Novi Beograd , Hotel Jugoslavija , Klare Cetkin;180000;2.5;2857;halooglasi;Novi Beograd 63m2 2.0 BEZ provizije
195;Opština Stari grad , Dorćol , Venizelosova;699000;4.0;3585;halooglasi;"""Novi Dorćol"", novo u ponudi, 125m2+70m2 terasa"
160;Opština Savski venac , Dedinje , Đorđa Radojlovića;400000;4.0;2500;halooglasi;Dedinje, Djordja Radojlovica, 4.0, 160 m2
78;Opština Palilula , Hadžipopovac , Bistrička;205000;3.0;2628;halooglasi;Bistricka 3.0
45;Opština Zemun , Altina , Ugrinovački put 34. deo;60750;2.5;1350;halooglasi;45m2 Altina - opis u tekstu oglasa
54;Opština Zemun , Altina , Ugrinovački put 34. deo;72900;2.5;1350;halooglasi;54m2 Altina - opis u tekstu oglasa
174;Opština Vračar , Čubura , Cara Nikolaja II;609000;4.5;3500;halooglasi;Top novogradnja Panorama Vračara 174m2 ceo sprat I
183;Opština Voždovac , Autokomanda;399000;6.0;2180;halooglasi;Extra lux šestosoban stan -bez provizije
60;Opština Zemun , Novi grad , Mačvanska;125000;2.5;2097;halooglasi;Zemun,lux novogradnja,Mačvanska
69;Opština Novi Beograd , Ledine , Oplenačka 2-5-8-10-12-14-16-18-20-22-24-26-28-30;134500;3.0;1949;halooglasi;Lux novogradnja u najlepsoj zgradi na Ledinama
101;Opština Stari grad , Centar , Bulevar despota Stefana;303000;3.0;3000;halooglasi;Desetka, Bulevar Despota Stefana
232;Opština Čukarica , Banovo brdo , Nikolaja Gogolja;800000;6.0;3448;halooglasi;Najluksuzniji Penthouse na Banovom Brdu
47;Opština Palilula , Zira , Ruzveltova;135000;2.0;2872;halooglasi;Širi centar, Zira - 2.0 uknjižen
65;Opština Voždovac , Vojvode Vlahovića , Miljana Miljanića;149000;3.0;2292;halooglasi;Odličan trosoban stan u Miljana Miljanića
70;Opština Novi Beograd , Blok 23;229000;3.0;3271;halooglasi;Prestižna lokacija, 3.0 lux, sunčan i svetao
104;Opština Novi Beograd , Hotel Jugoslavija;218000;3.0;2096;halooglasi;Pogled na Dunav
52;Opština Palilula , Karaburma , Juhorska;124000;2.5;2385;halooglasi;Beograd, Karaburma, Stan, 2.5, 52m2
250;Opština Vračar , Hram svetog Save;700000;6.0;2800;halooglasi;Extra Lux dupleks kod Hrama - bez provizije
61;Opština Zemun , Batajnica , Branislava Barišića Doktora;109800;2.5;1800;halooglasi;Novogradnja Batajnica, Branislava Barišića Doktora
145;Opština Savski venac , Beograd na vodi , Hercegovačka;1080000;4.0;7448;halooglasi;Lux stan na kaskadi u BW Residences
79;Opština Stari grad , Dorćol , Vojvode Dobrnjca;329000;3.0;4165;halooglasi;Sjajna lokacija, lux stan, retko u ponudi + garaža
65;Opština Zvezdara , Vojvode Vlahovića , Miljana Miljanića;149000;3.0;2292;halooglasi;Odličan trosoban stan u Miljana Miljanića
58;Opština Čukarica , Čukarička padina , Radnička;165000;3.0;2845;halooglasi;Renoviran, trosoban stan, Radnička
61;Opština Voždovac , Lekino brdo , Strumička;135000;2.5;2213;halooglasi;Dvoiposoban stan. Novogradnja. Lekino brdo
65;Opština Čukarica , Cerak vinogradi , Lipa;155000;2.5;2385;halooglasi;Cerak vinogradi, Lipa, 65+2m2, 2.5
83;Opština Vračar , Kalenić pijaca , Mileševska;255000;3.0;3072;halooglasi;Kalenic, Milesevska
56;Opština Novi Beograd , Ledine , Surčinska;117000;3.0;2089;halooglasi;Ledine 56m2 trosoban
108;Opština Savski venac , Kneza Miloša , Kneza Miloša;310000;3.5;2870;halooglasi;Top ponuda! Stan - 108m2 u Kneza Miloša Beograd
50;Opština Zvezdara , Učiteljsko naselje , Paje Jovanovića;123000;1.5;2500;halooglasi;Stan na Zvezdari 49m2
127;Opština Zvezdara , Učiteljsko naselje , Paje Jovanovića;210000;3.5;1656;halooglasi;Stan na Zvezdari 87,49m2+39,35m2
100;Opština Voždovac , Autokomanda , Vojvode Stepe;270000;3.5;2704;halooglasi;Izuzetna prilika Lux stan u centru! Vojvode Stepe
109;Opština Vračar , Kalenić pijaca , Sinđelićeva;375000;5.0;3440;halooglasi;Kalenić, četiri spavaće sobe, pogled na parkić
102;Opština Zvezdara , Vukov Spomenik , Ćirila i Metodija;485000;3.0;4755;halooglasi;Lux stan salonske visine u stambenom kompleksu ID#
58;Opština Voždovac , Vojvode Vlahovića;104400;3.0;1800;halooglasi;Odličan stan u Vojvode Vlahovića-bez provizije
77;Opština Novi Beograd , Paviljoni;199900;3.0;2596;halooglasi;Odlican Komplet renoviran stan u Bloku 8a
45;Opština Zemun , Altina , Ugrinovački put;83380;1.5;1853;halooglasi;Nova Altina 45m2- novogradnja, uknjižen, lux stan
43;Opština Palilula , Borča , Ratnih vojnih invalida;72000;1.5;1674;halooglasi;Palilula, Borča 3 - Ratnih vojnih invalida, 43m2
93;Opština Novi Beograd , Bežanijska kosa 3 ,;225000;3.5;2419;halooglasi;Odličan 3.5 stan na Bežanijskoj kosi
75;Opština Zemun , Retenzija , Prve pruge;225000;3.0;3000;halooglasi;Zemun, Retenzija - Prve pruge
67;Opština Stari grad , Centar , Hilandarska;260000;2.0;3881;halooglasi;Stari grad, Centar - Hilandarska
32;Opština Palilula , Karaburma , Jure Keroševića;70000;1.0;2188;halooglasi;Jednosoban stan kod Shopping centra Karaburma
92;Opština Stari grad , Gundulićev venac , Carigradska;320000;3.0;3478;halooglasi;Direktno od Vlasnika, kuca/stan/poslovni prostor
52;Opština Stari grad , Gundulićev venac , Carigradska;170000;3.0;3269;halooglasi;Direktno od Vlasnika, bez posrednika
51;Opština Grocka , Boleč , Hajduk Stanka;68850;2.0;1350;halooglasi;Novogradnja sa liftom, Boleč sa PDV-om
90;Opština Savski venac , Savski trg - Pristanište , Svetozara Radića;239000;4.0;2656;halooglasi;Savski trg - Svetozara Radića - salonaski ID#4213
36;Opština Novi Beograd , YUBC , Bulevar Mihajla Pupina;169000;1.5;4694;halooglasi;YUBC - Lux - garaža ID#4443
73;Opština Novi Beograd , Blok 70 (kineski tržni centar) , Gandijeva;220000;2.0;3014;halooglasi;Prodajem dvosoban stan, Blok 70
90;Opština Vračar , Centar , Brane Crnčevića;412000;3.0;4578;halooglasi;Vračar - Lux - Parking mesto ID#4410
117;Opština Vračar , Hram svetog Save , Katanićeva;369000;5.0;3154;halooglasi;Hram, Kataniceva, 5.0, 117 m2 sa 3 lodje + Garaza
101;Opština Novi Beograd , Blok 24 (Super Vero) , Bulevar Arsenija Čarnojevića;350000;4.0;3465;halooglasi;Blok 24, izuzetan četvorosoban stan, 101m2 ID#7442
39;Opština Voždovac , Medaković 2 , Radovana Simića Cige;95000;1.0;2436;halooglasi;Medaković II, mereno 44m2 ID#7448
66;Opština Voždovac , Lekino brdo , Miklošićeva;200000;2.5;3030;halooglasi;Lekino brdo, 2.5s ID#7450
96;Opština Savski venac , Dedinje , Neznanog Junaka;211000;4.0;2198;halooglasi;Dedinje , duplex ID#7507
66;Opština Novi Beograd , Blok 23 , Bulevar Arsenija Čarnojevića;175000;2.5;2652;halooglasi;Blizina Sava centra, duplex, mereno 81m2+15m2 tera
76;Opština Zvezdara , Mirijevo , Koste Nađa;144000;3.5;1895;halooglasi;Mirijevo, stan za preporuku 76m2 ID#7625
77;Opština Voždovac , Medaković 3 , Braće Srnić;185000;2.5;2403;halooglasi;Medaković 3, Braće Srnić, 77m2 ID#7648
138;Opština Zvezdara , Lion , Bulevar Kralja Aleksandra;398500;4.5;2888;halooglasi;Penthaus na Lionu ID#7670
46;Opština Voždovac , Lekino brdo , Veselina Masleše;141000;2.5;3065;halooglasi;Lekino brdo, kompletno opremljen, 46m2 ID#7679
151;Opština Savski venac , Centar , Višegradska;490000;6.0;3245;halooglasi;Centar, Višegradska, salonac, 151m2 ID#7680
57;Opština Zvezdara , Cvetkova pijaca , Vojvode Dovezenskog;159000;1.5;2789;halooglasi;Cvetkova pijaca, 57m2 sa 2 terase ID#7704
105;Opština Stari grad , Dorćol , Strahinjića Bana;245000;4.0;2333;halooglasi;Strahinjića Bana-odličan
85;Opština Zemun , Novi grad , Mačvanska;180000;3.5;2134;halooglasi;Zemun, 3.5 penthouse, lux
93;Opština Novi Beograd , Bežanijska kosa 2 , Nedeljka Gvozdenovića;225000;3.5;2419;halooglasi;Bežanijska Kosa, Nedeljka Gvozdenovića
65;Opština Zemun , Altina , Hemingvejeva;107250;3.0;1650;halooglasi;Altina Hemingvejeva
54;Opština Zvezdara , Lion , Radoja Domanovića;129600;2.0;2400;halooglasi;Lion, Radoja Domanovica, 2.0, 54 m2
54;Opština Voždovac , Lekino brdo;167500;2.5;3102;halooglasi;Extra lux stan u izgradnji-bez provizije
60;Opština Voždovac , Lekino brdo;186000;3.0;3100;halooglasi;Extra lux stan u izgradnji-bez provizije
62;Opština Voždovac , Lekino brdo;179400;3.0;2894;halooglasi;Extra lux stan u izgradnji- bez provizije
44;Opština Voždovac , Lekino brdo;127600;2.0;2900;halooglasi;Extra lux stan u izgradnji- Bez provizije
64;Opština Zvezdara , Zvezdarska padina;160300;3.0;2505;halooglasi;Extra lux stan kod Aviv Parka-Bez provizije
71;Opština Voždovac , Lekino brdo;206600;3.0;2910;halooglasi;Extra lux stan u izgradnji- Bez provizije
104;Opština Palilula , Bulevar despota Stefana ,;253000;4.0;2433;halooglasi;Botanička bašta - Bulevar despota Stefana
37;Opština Rakovica , Miljakovac , Borska;75500;2.0;2041;halooglasi;Miljakovac Borska Top lokacija
46;Opština Voždovac , Trošarina , Milisava Đurovića;126896;2.0;2800;halooglasi;Stepina Magnolija - Voždovac Vojvode Stepe
95;Opština Vračar , Bulevar kralja Aleksandra , Bulevar kralja Aleksandra;432000;3.0;4556;halooglasi;Landmark Residence, 2024., bivši Depo
40;Opština Palilula , Karaburma , Patrisa Lumumbe;59000;1.5;1475;halooglasi;Patrisa Lumumbe, duplex
85;Opština Novi Beograd , Blok 62 , Jurija Gagarina;198000;3.5;2329;halooglasi;Troiposoban stan,blok  62
66;Opština Zvezdara , Konjarnik , Bojadžinska;159800;2.5;2433;halooglasi;Moderan stan na Konjarniku - idealnog rasporeda
72;Opština Zvezdara , Konjarnik , Bojadžinska;174000;3.0;2428;halooglasi;Komforan trosoban stan - novogradnja Konjarnik
96;Opština Novi Beograd , Blok 19a , Bulevar Arsenija Čarnojevića;239000;4.0;2490;halooglasi;Blok 19a - Bulevar Arsenija Čarnojevića ID#4160
110;Opština Novi Beograd , Bežanijska kosa 2 , Ljubinke Bobić;260000;4.5;2364;halooglasi;Na prodaju četvoroiposoban stan 110m2
40;Opština Zemun , Altina , Ugriovacki put 82g;70000;1.0;1768;halooglasi;Jednosoban stan 39,6 m2
43;Opština Zemun , Altina , Ugrinovački put 82g;76000;1.5;1784;halooglasi;Jednoiposoban stan 42,6 m2
80;Opština Zvezdara , Konjarnik , Bojadžinska;192000;4.0;2415;halooglasi;Komforan 4.0 stan na Konjarniku
94;Opština Zvezdara , Konjarnik , Bojadžinska;227200;3.0;2432;halooglasi;Za ljubitelje komfora i velikih terasa
85;Opština Voždovac , Trošarina;276750;3.0;3256;halooglasi;Extra nov lux stan na Trosarini-Bez Provizije!
73;Opština Palilula , Tašmajdan , Svetozara Ćorovića;219000;3.0;3000;halooglasi;Tašmajdan
63;Opština Zvezdara , Mirijevo , Kapetana Miloša Žunjića;108000;3.0;1714;halooglasi;Bez provizije, novogradnja, lux
47;Opština Zvezdara , Đeram pijaca , Preševska 17-19;157000;2.0;3340;halooglasi;Novogradnja kod Đeram pijace - Preševska ulica
71;Opština Zvezdara , Đeram pijaca , Preševska;213000;3.5;3000;halooglasi;Novogradnja kod Đeram pijace - Preševska ulica
53;Opština Novi Beograd , Blok 67 (Belvil) , Bulevar Crvene Armije;196000;2.0;3698;halooglasi;Belvil 2.0, 53 m2, top pozicija, pogled
66;Opština Surčin , Surčin (mesto) , Krušedolska;98235;3.0;1500;halooglasi;Bez provizije za kupca, podno grejanje, kredit
148;Opština Palilula , Karaburma , Husinskih rudara;244000;4.0;1649;halooglasi;Uknizen stan od 148m2 ful namešten I opremljen
48;Opština Zemun , Novi grad , Ševina;105600;1.5;2200;halooglasi;Zemun,Ševina,stan 46 m2 ,parking,novogradnja,lux I
60;Opština Zvezdara , Bulbulder , Mariborska;176000;3.0;2933;halooglasi;Bulbulder Mariborska 3.0 nov uknjižen
38;Opština Zvezdara , Gradska bolnica , Učitelja Miloša Jankovića;117000;1.5;3079;halooglasi;Lep 1,5-soban stan kod Batutove
128;Opština Novi Beograd , Bežanijska kosa 2 , Dr Huga Klajna;285000;3.5;2227;halooglasi;Izvanredan stan, bez placanja dodatnog poreza.
92;Opština Stari grad , Centar , Vojvode Dobrnjca;368000;4.0;4000;halooglasi;Botanička bašta
89;Opština Novi Beograd , Blok 24 (Super Vero) , Bulevar Milutina Milankovića;315000;4.0;3539;halooglasi;Novi Beograd, 4.0
65;Opština Vračar , Neimar , Nebojšina;190000;2.0;2923;halooglasi;Vračar - Nebojšina - salonac
52;Opština Zvezdara , Mirijevo , Kapetana Miloša Žunjića;98800;2.0;1900;halooglasi;Lux novo, Mirijevo III, bazen, SPA centar
44;Opština Zvezdara , Mirijevo , Kapetana Miloša Žunjića;75600;2.0;1718;halooglasi;Bez provizije, novogradnja, lux
38;Opština Novi Beograd , Ledine , Oplenačka 2-5-8-10-12-14-16-18-20-22-24-26-28-30;75000;1.5;1974;halooglasi;Useljiv u najkvalitetnijoj zgradi na Ledinama
58;Opština Vračar , Krunska , Smiljanićeva;181500;2.0;3129;halooglasi;Beograd  Vracar  2.0 58m2
62;Opština Zemun , Pregrevica , Pregrevica 82;223500;2.5;3605;halooglasi;Prelep dvoiposoban stan sa 55m2 dvorišta, Zemun
86;Opština Vračar , Južni bulevar , Šumatovačka;283800;4.0;3300;halooglasi;Četvorosoban stan na Vračaru, novogradnja, 86m2
80;Opština Zvezdara , Konjarnik , Luneta Milovanovića;208000;3.0;2600;halooglasi;Predivan Trosoban Penthouse Stan +garaža Aviv Park
120;Opština Vračar , Hram svetog Save , Katanićeva;360000;4.0;3000;halooglasi;Vračar, Hram Sv. Save - Katanićeva, 120m2
97;Opština Rakovica , Vidikovac , Vidikovački venac;249000;3.5;2567;halooglasi;Prelep troiposoban stan od 97m2
122;Opština Čukarica , Cerak vinogradi , Vinogradski venac;195000;6.0;1598;halooglasi;Cerak vinogradi, Vinogradski venac
49;Opština Zvezdara , Lion;142000;2.0;2898;halooglasi;Dvosoban stan na Lionu
68;Opština Novi Beograd , Blok 29 , Bulevar Umetnosti;185000;3.0;2721;halooglasi;Blok 29, trosoban, uknjižen ID#13978
97;Opština Čukarica , Banovo brdo , Požeška;261117;4.0;2700;halooglasi;Banovo brdo, Požeška, četvorosoban, lux, nov
104;Opština Čukarica , Banovo brdo , Požeška;278910;4.0;2700;halooglasi;Banovo brdo, kod Šumarskog fakulteta, novogradnja
113;Opština Čukarica , Banovo brdo , Požeška;314272;4.0;2800;halooglasi;Banovo brdo, Požeška, nov u luksuznom kompleksu
99;Opština Čukarica , Banovo brdo , Požeška;265491;3.5;2700;halooglasi;Novogradnja na Banovom brdu
74;Opština Čukarica , Banovo brdo , Požeška;210643;2.5;2850;halooglasi;Banovo brdo, kod Šumarskog fakulteta, nov stan
110;Opština Zemun , Donji grad;320000;4.0;2909;halooglasi;Renoviran stan za prodaju, Zemun, 110 m2, ID1872
97;Opština Novi Beograd , Blok 65 , Tadije Sondermajera;363750;4.0;3750;halooglasi;Prodaja četvorosobnog stana Wellport,III faza,97m2
75;Opština Palilula , Profesorska kolonija , Stojana Novakovića;315000;3.0;4200;halooglasi;Palilula - Profesorska Kolonija - 75m2 ID#19207
45;Opština Voždovac , Braće Jerković , Braće Jerković 72;93500;1.5;2078;halooglasi;TOP PONUDA direktno od vlasnika
47;Opština Savski venac , Centar , Brankova;179000;2.5;3809;halooglasi;Centar, Brankova, 2.5, 47m2
57;Opština Voždovac , Lekino brdo , Braće Kovač;197000;2.5;3456;halooglasi;Lekino brdo, lux, 2.5 + terasa 80 kvm
58;Opština Čukarica , Čukarička padina , Radnička;128000;1.5;2207;halooglasi;dvosoban Čukarička padina
65;Opština Zvezdara , Cvetkova pijaca , Vjekoslava Kovača;140000;2.0;2154;halooglasi;Zvezdara, Cvetkova pijaca, Vjekoslava Kovača
60;Opština Voždovac , FON - Bilećka , Vojvode Stepe;162000;2.0;2700;halooglasi;Fantastičan 2.0, 60m2, Vojvode Stepe ID#1236
40;Opština Vračar , Kalenić pijaca , Kursulina;168800;1.5;4220;halooglasi;Odličan 1.5 stan, Kalenić, Kursulina ID#1227
49;Opština Novi Beograd , Paviljoni , Radoja Dakića;110000;2.0;2245;halooglasi;Svetao 2.0 stan u ulici Radoja Dakića,49m2 ID#1218
54;Opština Vračar , Hram svetog Save , Nebojšina;269000;2.0;4981;halooglasi;Ekskluzivna lokacija, Nebojšina, Hram, 2.0 ID#1215
29;Opština Zvezdara , Crveni krst , Vojislava Ilića;102600;1.0;3608;halooglasi;Luksuzna novogradnja ID#1107
86;Opština Novi Beograd , Blok 38 , Bulevar Arsenija Čarnojevića;219990;3.5;2558;halooglasi;Novi Beograd, Fontana, Bul.A.Č., 86m2 ID#1315
57;Opština Vračar , Kalenić pijaca , Kičevska;204000;2.5;3579;halooglasi;Renoviran 2.5 stan, Kalenić, Kičevska ID#1316
33;Opština Novi Beograd , Blok 24 (Super Vero) , Bulevar Milutina Milankovića;137500;1.0;4167;halooglasi;Lux renoviran, Blok 24, kod Vera, M.Milankovića ID
53;Opština Vračar , Čubura , Cara Nikolaja II;172000;2.0;3245;halooglasi;Vračar, 53m2, 2.soban, uknjižen ID#1746
67;Opština Novi Beograd , Blok 23 , Milentija Popovića;262000;2.5;3910;halooglasi;Retko u ponudi, bez posrednika
47;Opština Zemun , Batajnica , Kralja Mihaila Zetskog;79900;2.0;1700;halooglasi;Kod toplane, besplatan parking, dogovor za kes
67;Opština Voždovac , Dušanovac , Ljube Nedića;165300;3.5;2501;halooglasi;Prodaja stana, 66.10m2, 3.5, Pk, Voždovac
92;Opština Novi Beograd , Blok 37 , Bulevar Milutina Milankovića;205000;3.0;2228;halooglasi;Blok 37,3.0 stan
64;Opština Palilula , Karaburma , Pabla Nerude;109000;3.5;1708;halooglasi;Prodaja Novog Stana - Palilula - Karaburma
53;Opština Rakovica , Vidikovac , Vidikovački venac;97000;1.5;1830;halooglasi;Vidikovac, 53m2, 1.5
81;Opština Čukarica , Banovo brdo , Požeška;209990;3.0;2592;halooglasi;Požeška, Banovo Brdo 81m2 + 26m2(terasa), 3.0
34;Opština Palilula , Višnjička Banja , Mirka Milojkovića;81000;1.5;2382;halooglasi;Sunnyville-Višnjička Banja ID#1327
101;Opština Vračar , Hram svetog Save , Stojana Protića;484800;3.0;4800;halooglasi;Svetao prostran stan u luksuznoj zgradi kod Hrama
58;Opština Zemun , Prvomajska , Prvomajska;148000;2.0;2552;halooglasi;Prelep stan na VPR sa dvorištem
85;Opština Stari grad , Centar , Bulevar despota Stefana;330000;4.0;3882;halooglasi;Unikatan stan u istorijskoj zgradi
87;Opština Čukarica , Banovo brdo , Mladenovačka;212000;4.0;2437;halooglasi;Četvorosoban stan idealnog rasporeda
56;Opština Vračar , Čubura , Celjska;210000;2.0;3750;halooglasi;Dvosoban stan u novoj zgradi na Vračaru
89;Opština Vračar , Bulevar kralja Aleksandra , Kneza Miloša;285000;3.0;3202;halooglasi;Odličan za PP, lako deljiv
54;Opština Voždovac , Braće Jerković , Braće Jerković;140000;2.0;2593;halooglasi;Kompletno sređen stan na dobroj lokaciji
43;Opština Voždovac , Saobraćajni fakultet , Pazinska;90000;2.0;2093;halooglasi;Dvosoban Voždovac
73;Opština Vračar , Hram svetog Save , Nebojšina;240000;3.0;3288;halooglasi;Hram, Nebojšina, nov, uknjižen
56;Opština Rakovica , Petlovo brdo , Generala Zgonjanina;130000;4.0;2321;halooglasi;Petlovo brdo -56m2 uknjiženo - mereno 75m2
48;Opština Voždovac , Lekino brdo ,;142000;2.0;2958;halooglasi;Prelep i svetao Lux manji stan na odličnoj lokacij
67;Opština Novi Beograd , Blok 29 , Bulevar Zorana Đinđića;187000;3.0;2791;halooglasi;Stan na idealnoj lokaciji - Arena ID#122169
49;Opština Novi Beograd , Paviljoni , Radoja Dakića;104900;2.0;2141;halooglasi;Stan u mirnijem delu Novog Beograda ID#126202
71;Opština Novi Beograd , Blok 29 , Bulevar Arsenija Čarnojevića;217000;3.5;3056;halooglasi;Potpuno renoviran lux stan na idealnoj lokaciji ID
54;Opština Palilula , Karaburma , Mirijevski bulevar;125000;2.0;2315;halooglasi;Karaburma Mirijevski bulevar 54m2
55;Opština Zemun , Gornji grad , Pregrevica;55000;2.0;1000;halooglasi;Najlepši deo Zemuna-Pregrevica, 55m2, 2.0 ID#1711
29;Opština Stari grad , Kalemegdan , Cara Dušana;112000;0.5;3862;halooglasi;Kalemegdan, 29m2, 0.5, V/6, cg, lift ID#1713
54;Opština Zemun , Batajnica , Stevana Dubajića;106000;2.5;1963;halooglasi;Batajnica, novogradnja, parking mesto, ID 22207
73;Opština Voždovac , Banjica , Bulevar oslobođenja;155000;3.0;2123;halooglasi;Banjica, Bulevar oslobođenja, 3.0, pogled
70;Opština Novi Beograd , Blok 23 , Bulevar Arsenija Čarnojevića;229000;3.0;3271;halooglasi;Blok 23, BAČ, trosoban, renoviran, svetao
51;Opština Savski venac , Zeleni venac , Pop Lukina;165000;2.0;3235;halooglasi;Pop Lukina, Zeleni venac, Savski venac
125;Opština Savski venac , Centar , Deligradska;500000;4.0;4000;halooglasi;Hram, lux, namešten, sa garažom i parking mestom
40;Opština Zemun , Prvomajska , Rade Končara;110000;1.5;2750;halooglasi;Zemun, R. Končara
30;Opština Vračar , Južni bulevar , Južni bulevar;109000;1.0;3633;halooglasi;Odličan, funkcionalan
32;Opština Vračar , Hram svetog Save , Podgorička;129900;2.0;4059;halooglasi;Hram, salonska zgrada, odličan raspored ID#3177
56;Opština Zemun , Save Kovačevića , Šilerova;147900;3.0;2641;halooglasi;Zemun, Dom zdravlja, 2.5, nov, parking, useljiv
137;Opština Savski venac , Dedinje , Neznanog junaka;700000;3.0;5109;halooglasi;Dedinje, Lux, 3.0
120;Opština Savski venac , Senjak , Istarska;490000;4.0;4083;halooglasi;SENJAK, Šeher, Duplex 4.0 120 m2
86;Opština Zvezdara , Mirijevo , Dr Velimirovića;155000;3.5;1802;halooglasi;Mirijevo - 1.sprat uknjižen
68;Opština Zemun , Save Kovačevića , Šilerova;166260;3.0;2445;halooglasi;Zemun, Dom zdravlja, 3.0, nov, parking, useljiv
90;Opština Voždovac , Trošarina , Pazinska;239000;3.0;2656;halooglasi;Trošarina, 90m2, 3.0
71;Opština Voždovac , Braće Jerković , Vojvode Vlahovića;110000;3.5;1549;halooglasi;3.5 Braće Jerković, 71, EG, nov, Parking, uknjižen
33;Opština Novi Beograd , YUBC , Bulevar Mihajla Pupina;169000;1.5;5121;halooglasi;YUBC - odličan 1,5 soban stan sa garažnim mestom I
28;Opština Zvezdara , Gradska bolnica , Vojvode Sime Popovića;85000;1.0;3036;halooglasi;Zvezdara, Gradska bolnica, jednosoban, 28m2
41;Opština Zvezdara , Mirijevo , Matice srpske;83000;1.0;2024;halooglasi;Mirijevo, Matice Srpske, 41m2
63;Opština Voždovac , Naselje Stepa Stepanović , Generala Štefanika;155000;2.0;2460;halooglasi;Naselje Stepa Stepanović, lep dvosoban, 63m2
35;Opština Voždovac , Saobraćajni fakultet , Ljuba Vučkovića;84000;1.0;2400;halooglasi;Voždovac, Saobraćajni fakultet, 35m2 + dve terase
61;Opština Zemun , Zemun polje , Dušana Mađarčića Korčagina 2. deo;99900;2.0;1638;halooglasi;Povoljno, odličan  stan bez dodatnog ulaganja
42;Opština Vračar , Crveni krst , Nikole Stefanovića;145000;1.5;3452;halooglasi;Vračar, Crveni krst, odličan
70;Opština Rakovica , Labudovo brdo , Bubanjskih žrtava;115000;3.0;1643;halooglasi;Trosoban stan na prodaju, Labudovo brdo
42;Opština Rakovica , Skojevsko naselje , Ranka Žeravice;86000;1.5;2070;halooglasi;Odlični stanovi u novogradnji, Skojevsko naselje
90;Opština Čukarica , Filmski grad , Miloja Zakića;180000;2.5;2000;halooglasi;Dvoiposoban dupleks na prodaju, Filmski Grad
42;Opština Zvezdara , Mirijevo , Koste Nađa;99000;2.0;2357;halooglasi;Lux renoviran 2.0 stan u lepom delu Mirijeva ID#12
50;Opština Savski venac , Zeleni venac , Jug Bogdanova;212000;3.0;4240;halooglasi;Salonski stan, deljiv, Jug-Bogdanova, 50m2 ID#1272
92;Opština Palilula , Botanička bašta , Vojvode Dobrnjca;368000;3.5;4000;halooglasi;Luksuzan 3.5 salonski stan u Vojvode Dobrnjca ID#1
51;Opština Novi Beograd , Arena , Bulevar Milutina Milankovića;200000;2.0;3922;halooglasi;Arena, luks, namešten, 2.0, odmah useljiv! ID#1305
73;Opština Novi Beograd , Blok 70 (kineski tržni centar) , Gandijeva;220000;2.0;3014;halooglasi;2.0 stan sa baštom od 20m2 ID#1769
110;Opština Palilula , Tašmajdan , Knez Danilova;260500;3.5;2368;halooglasi;Tašmajdan 110m2 ID#1256
232;Opština Stari grad , Centar , Strahinjića Bana;1100000;6.0;4741;halooglasi;Centar 232m2 ID#1280
120;Opština Čukarica , Čukarička padina , Nodilova;300000;4.0;2500;halooglasi;Banovo brdo 120m2 ID#1392
416;Opština Novi Beograd , Blok 64 , Jurija Gagarina;670000;4.0;1611;halooglasi;Jurija Gagarina 416m2 ID#1409
122;Opština Voždovac , Voždovačka crkva , Vojvode Stepe;320000;4.0;2623;halooglasi;Vojvode Stepe 122m2 ID#1416
94;Opština Savski venac , Beograd na vodi , Bulevar Vudroa Vilsona;351000;3.0;3737;halooglasi;BW Eterna, uskoro useljivo, odlična cena ID#3186
81;Opština Zvezdara , Mirijevo , Ulofa Palmea;169000;3.0;2086;halooglasi;Mirijevo Ulofa Palmea 81m2
15;Opština Zvezdara , Severni bulevar , Severni bulevar;43000;0.5;2867;halooglasi;Odlična garsonjera na Zvezdari
73;Opština Voždovac , Braće Jerković , Braće Jerković;150000;3.0;2055;halooglasi;Porodičan 3.0 stan u ulici Braće Jerkovića, 78m2
89;Opština Novi Beograd , Stari Merkator , Aleksandra Dubčeka;259500;3.0;2916;halooglasi;Kompletno renoviran stan kod Starog Merkatora,89m2
93;Opština Voždovac , FON - Bilećka , Vojvode Stepe;324900;4.0;3512;halooglasi;Lux stan u Voždovim kapijama, garaža ID#1304
77;Opština Novi Beograd , Blok 63 , Jurija Gagarina;315000;3.0;4091;halooglasi;Retko u ponudi, Blok 63, Petica
38;Opština Voždovac , Banjica , Bulevar oslobođenja;96000;1.5;2526;halooglasi;Banjica, Bulevar oslobođenja, 1.5, 38m2+lođa, CG
84;Opština Novi Beograd , Blok 65 , Bulevar heroja sa Košara;300000;3.0;3571;halooglasi;Elixir Garden - 03 - Novi Beograd
150;Opština Zvezdara , Vukov Spomenik , Vojvode Bogdana;557000;5.0;3713;halooglasi;Retko u ponudi - Vukov spomenik, Vojvode Bogdana
67;Opština Palilula , Višnjička Banja , Mihaila Vujića;120000;3.0;1791;halooglasi;Visnjicka banja, Mihaila Vujica, 3.0, 67 m2
57;Opština Novi Beograd , Blok 63 , Jurija Gagarina;239000;2.0;4193;halooglasi;Extra ponuda u Sun City-ju
33;Opština Novi Beograd , Bežanijska kosa 3 , Kolumbova;89000;1.0;2697;halooglasi;1.0 stan na Bežanijskoj Kosi III, Kolumbova ID#259
60;Opština Zemun , Pregrevica;180000;2.5;3000;halooglasi;Stan sa pogledom na Dunav,direktna prodaja
39;Opština Zvezdara , Kluz , Predraga Vasića;83000;2.0;2128;halooglasi;Predraga Vasica 800m od bulevara/Kluz
33;Opština Zemun , Karađorđev trg , Nemanjina;71000;1.5;2152;halooglasi;Zemun Karađorđev trg Nemanjina 33m2
69;Opština Zemun , Meandri , Prizrenska;173750;3.0;2518;halooglasi;Zemun Meandri 3.0 nov
48;Opština Vračar , Bulevar kralja Aleksandra ,;129000;2.0;2688;halooglasi;Niška - 02 - Vračar
85;Opština Savski venac , Kneza Miloša , Kneza Miloša;389000;3.0;4576;halooglasi;Skyline, izuzetan, garaža
77;Opština Voždovac , Vojvode Stepe , Vojvode Stepe;169900;3.0;2206;halooglasi;Zgrada iz 2006-e
97;Opština Zemun , Gornji grad , Cara Dušana;245000;3.0;2526;halooglasi;Opremljen, garaža, lux
108;Opština Palilula , Hadžipopovac;373170;4.0;3469;halooglasi;Hadžipopovac, Lux novogrdnja, 4.0, garaža
42;Opština Zvezdara , Mirijevo , Koste Nađa;73900;2.0;1760;halooglasi;Vrh, Novo, 2soban, Poslednji
61;Opština Grocka , Kaluđerica , Bulevar revolucije;85400;2.5;1400;halooglasi;Vrh, Novo, 2 sobe, Moze kredit
40;Opština Vračar , Maksima Gorkog;119000;2.0;2975;halooglasi;Kuća/ Vračar/ 40m2
61;Opština Voždovac , Braće Jerković , Braće Jerković;109900;2.0;1802;halooglasi;Sunčan, dvostran, jugo-zapad
55;Opština Rakovica , Kanarevo brdo , Borska;105500;2.0;1918;halooglasi;Odličan, renoviran
74;Opština Vračar , Slavija , Kralja Milutina;220000;2.5;2973;halooglasi;Slavija, brzo useljiv
67;Opština Voždovac , Kumodraž , Božićna;99500;2.5;1485;halooglasi;Nov, svetao, useljiv
65;Opština Zemun , Gornji grad , Pregrevica;169000;2.5;2600;halooglasi;Nov, garažno mesto, odličan
30;Opština Novi Beograd , Blok 63 , Gandijeva;81000;1.5;2700;halooglasi;Stan od 30m2 / Visoko prizemlje / Blok 63
51;Opština Zemun , Altina , Ugrinovački put 33 deo;82500;2.5;1640;halooglasi;STAN 50m2,dnevna+2 spavaće sobe, useljivo-ALTINA
46;Opština Zemun , Plavi horizonti , Konstantina Jovanovića;70000;2.0;1522;halooglasi;Uknjižen,dvosoban,46m2+terasa18m2-Plavi horizonti
56;Opština Zemun , Prvomajska , Živka Petrovića;148000;2.5;2643;halooglasi;Nov, parking
122;Opština Savski venac , Dedinje , Dr Vojislava Stojanovića;590000;3.0;4836;halooglasi;Green Hill, 122m2+2 garažna mesta, Dedinje
52;Opština Zvezdara , Konjarnik;99000;2.0;1904;halooglasi;Zvezdara, Konjarnik,  2.0, 52m2
122;Opština Savski venac , Beograd na vodi , Hercegovačka;635000;4.0;5205;halooglasi;Luksuzno opremljen stan, 4.0., 122m2, Magnolia
46;Opština Novi Beograd , Paviljoni , General Ždanova;105000;2.5;2283;halooglasi;Paviljoni, kod Instituta
95;Opština Novi Beograd , Blok 70 (kineski tržni centar) , Jurija Gagarina;225000;3.5;2368;halooglasi;Svetao, sa velikom lođom
57;Opština Voždovac , Braće Jerković;123000;2.0;2158;halooglasi;Stan za prodaju, Braće Jerković, 57m2, ID1998
90;Opština Novi Beograd , Blok 37;210000;3.0;2333;halooglasi;Stan na prodaju, 37 blok, 90m2, ID1942
95;Opština Vračar , Crveni krst;455000;3.0;4789;halooglasi;Stan sa garažom za prodaju, Vračar 95m2
223;Opština Čukarica , Banovo brdo , Petra Lekovića;570000;6.0;2556;halooglasi;Lux stan na dva nivoa, 223m2, Banovo brdo
39;Opština Zvezdara , Mirijevo;83000;2.0;2128;halooglasi;Zvezdara, Mirijevo, Predraga Vasića, 2.0, 39m2
155;Opština Vračar , Gospodara Vučića;875000;4.0;5645;halooglasi;Luksuzan penthouse na prodaju, 155m2, 4.0, Vračar
210;Opština Savski venac , Dedinje , Neznanog junaka;1260000;4.0;6000;halooglasi;Luksuzan stan, 210m2, Neznanog junaka, Dedinje
60;Opština Novi Beograd , Blok 64 , Gandijeva;140000;2.0;2333;halooglasi;Veliki dvosoban stan, retko u ponudi
73;Opština Novi Beograd , Blok 70 (kineski tržni centar) , Gandijeva;214000;2.0;2932;halooglasi;Retko! Stan sa dvorištem-baštom
85;Opština Palilula , Botanička bašta , Šajkaška;230000;3.5;2706;halooglasi;Renoviran stan u centru
50;Opština Zvezdara , Lion , Bulevar kralja Aleksandra;165000;2.0;3300;halooglasi;Renoviran, sunčan
38;Opština Zemun , Novi grad , Timočka;99000;2.0;2605;halooglasi;Izuzetan iz 2007, lep, svetao
81;Opština Novi Beograd , Blok 64 , Gandijeva;169999;3.0;2099;halooglasi;Odlično pozicioniran, svetao
57;Opština Čukarica , Cerak vinogradi , Crvenih hrastova;131000;2.0;2298;halooglasi;Uknjižen, blizu škole, lep pogled ka zapadu
82;Opština Zemun , Batajnica , Mala;110000;3.0;1341;halooglasi;Batajnica, trosoban 72+10m2
44;Opština Zvezdara , Olimp;105000;2.0;2386;halooglasi;Novogradnja,Olimp, Milana Rakića,44m2,Lux,Top Lok.
37;Opština Palilula , Krnjača , Grge Andrijanovića ulica 2.;54000;2.0;1498;halooglasi;Novogradnja 36m2 dvosoban stan sa terasom
60;Opština Rakovica , Kanarevo brdo , Ivana Mičurina;120000;2.5;2000;halooglasi;KANAREVO BRDO 2.5 60 m2
78;Opština Zemun , Zemun polje , Bertranda Rasela;110000;2.5;1410;halooglasi;Zemun polje
61;Opština Čukarica , Banovo brdo , Karpoševa;156806;3.0;2600;halooglasi;Savršena lokacija uz savršenu zgradu
52;Opština Palilula , Karaburma , Juhorska;124000;2.5;2385;halooglasi;Bez provizije! Top lokacija! Odlicna investicija!
67;Opština Mladenovac , Mladenovac (mesto) , Kralja Petra Prvog 91;107000;3.0;1597;halooglasi;Trosoban stan sa kompletno opremljenom kuhinjom
92;Opština Novi Beograd , Arena , Bulevar Arsenija Čarnojevića;315000;3.0;3424;halooglasi;Blok 29 blizina Arene, renoviran, 92(L), useljiv
73;Opština Voždovac , Bioskop Voždovac , Vojvode Stepe;199900;3.0;2738;halooglasi;Dobra pozicija, crvena fasadna cigla, uknjižen
42;Opština Zemun , Save Kovačevića ,;101538;2.0;2455;halooglasi;Kvalitetna gradnja, proverenog investitora
86;Opština Novi Beograd , Bežanijska kosa 1 ,;182000;3.0;2116;halooglasi;Porodični stan sa savršenom terasom
35;Opština Zvezdara , Gradska bolnica , Ucitelja Milosa Jankovica 6;100000;2.0;2938;halooglasi;Stan na prodaju.
88;Opština Stari grad , Kopitareva gradina , Đure Daničića;189000;3.0;2148;halooglasi;Stan na izuzetnoj lokaciji ID#120534
59;Opština Zvezdara , Bulbulder , Veljka Dugoševića;129000;4.0;2186;halooglasi;Zvezdara-Bulbulder, 4.0, 59(T)
65;Opština Novi Beograd , Blok 23 , Antifašističke borbe;195000;2.5;3000;halooglasi;Blok 23
75;Opština Novi Beograd , YUBC , Bulevar Mihajla Pupina;315000;2.0;4200;halooglasi;YUBC, Bul. Mihajla Pupina 2.0
43;Opština Zemun , Batajnica , Majora Zorana Radosavljevića;71000;1.5;1651;halooglasi;Zemun, Batajnica, 1.5, novija gradnja
33;Opština Rakovica , Petlovo brdo , Đuje i Dragoljuba;55000;1.5;1667;halooglasi;Petlovo B, uknjižen kod Metroa
57;Opština Vračar , Južni bulevar , Južni Bulevar;170000;2.5;2982;halooglasi;2.5 stan na Vračaru, Južni Bulevar ID#2526
75;Opština Zvezdara , Mirijevo , Jelisavete Andrejević;145000;3.0;1933;halooglasi;Fantastičan stan u centru Mirijeva
50;Opština Savski venac , Dedinje , Miloja Đaka;199840;2.0;4000;halooglasi;Novogradnja na Dedinju - bez provizije za kupca
42;Opština Čukarica , Čukarička padina , Strugarska;133000;1.5;3167;halooglasi;Cukaricka Padina 42m2 L
30;Opština Zvezdara , Mirijevo , Ljubiše Miodragovića;63000;1.0;2100;halooglasi;Mirijevo Ljubiše Miodragovića 30m2
184;Opština Savski venac , Dedinje , Dr Vojislava Stojanovića;1250000;4.0;6793;halooglasi;Lux - Green Hill 184m2+60m2 T, 2 garazna mesta
130;Opština Palilula , Profesorska kolonija , Bistrička;500000;4.0;3846;halooglasi;Profesorska kolonija - LUX - 4.0 - 130m2
127;Opština Vračar , Krunska , Svetozara Markovića;399000;4.0;3142;halooglasi;Salonski stan, Svetozara Markovića
85;Opština Vračar , Kalenić pijaca , Kumanovska;311000;3.0;3659;halooglasi;Vračar,Metropol,Kumanovska,noviji,vojni,uknjižen
75;Opština Zemun , Karađorđev trg , Karađorđev trg;189000;3.0;2520;halooglasi;Zemun-Kej, 3.0 adaptibilan u 4.0, retko u ponudi!
59;Opština Novi Beograd , Blok 38 , Bulevar Arsenija Čarnojevića;160000;2.0;2712;halooglasi;Blok 38, 2.0 adaptibilan u 3.0, 59(L)
101;Opština Novi Beograd , Blok 37 , Narodnih heroja;240000;3.5;2376;halooglasi;Blok 37 sređen, 3.5, 94(101), dvostran, useljiv
51;Opština Zemun , Batajnica , Kneza Paskača;75000;2.0;1471;halooglasi;Batajnica, Kneza Paskača
67;Opština Palilula , Višnjička Banja , Mihaila Vujića;120000;3.0;1791;halooglasi;Višnjička banja, Mihaila Vujića
89;Opština Novi Beograd , Bežanijska kosa 2 , Peđe Milosavljevića;245000;3.5;2753;halooglasi;Bežanijska kosa Peđe Milosavljevića bela fasadna c
72;Opština Vračar , Krunska , Kneginje Zorke;270000;2.0;3750;halooglasi;Vračar, Kneginje Zorke
102;Opština Stari grad , Gundulićev venac;350000;4.0;3431;halooglasi;Odličan stan u centru na Dorćolu-bez provizije
44;Opština Voždovac , Naselje Stepa Stepanović;132000;2.0;3000;halooglasi;Lux stan u naselju Stepina Magnolija-bez provizije
43;Opština Voždovac , Vojvode Stepe;129000;2.0;3000;halooglasi;Extra lux stan u Vojvode Stepe-bez provizije
109;Opština Novi Beograd , Blok 61 , Jurija Gagarina;229900;4.0;2109;halooglasi;Blok 61, 109m2,
72;Opština Zemun , Gornji grad , Cara Dušana;163750;2.5;2274;halooglasi;Zemun-Cara Dušana, 72m2, 2.5
63;Opština Voždovac , Lekino brdo , Vojvode Prijezde;181400;4.0;2879;halooglasi;Lekino brdo, 63m2, 4.0
44;Opština Zemun , Gornji grad , Cara Dušana;107443;1.5;2442;halooglasi;Zemun-Cara Dušana, 44m2, 1.5
41;Opština Voždovac , Lekino brdo , Vojvode Prijezde;126700;2.0;3090;halooglasi;Lekino brdo, 41.41m2, III, eg, novo
50;Opština Novi Beograd , Stari Merkator , Luja Adamiča;124000;2.5;2480;halooglasi;Stari Merkator, dvoiposoban, odmah useljiv
62;Opština Zvezdara , Lion , Batutova;185000;2.0;2984;halooglasi;Zvezdara, Batutova,62m2, IIIsp, CG, 2.0 terasa
100;Opština Voždovac , Lekino brdo , Rade Končara;199900;3.0;1999;halooglasi;Lekino brdo-80m2 sa garažom 24m2 + parking
98;Opština Čukarica , Banovo brdo , Nodilova;275324;3.5;2809;halooglasi;Banovo brdo, 98m2, 3.5
97;Opština Palilula , Karaburma , Pera Ćetkovića;129000;3.0;1330;halooglasi;Karaburma-P.Ćetkovića, 97m2, V, eg
96;Opština Stari grad , Terazije , Kraljice Natalije;292740;3.5;3049;halooglasi;Terazije, 96m2, 3.5, salonac
96;Opština Novi Beograd , Bežanijska kosa 2 , Nedeljka Gvozdenovića;285000;4.0;2969;halooglasi;Bežanijska kosa II-N.Gvozdenovića, 96m2, I,  nameš
92;Opština Voždovac , Vojvode Stepe , Vojvode Stepe;253900;3.0;2760;halooglasi;Vojvode Stepe-Vojvoda Residence, 92m2, VI, novo
92;Opština Vračar , Centar , Sime Igumanova;220000;3.5;2391;halooglasi;Vračar-S. Igumanova, 92m2, 3.5
81;Opština Novi Beograd , Blok 63 , Gandijeva;184000;4.0;2272;halooglasi;Blok 63, 81m2, 3.5
80;Opština Stari grad , Skupština , Majke Jevrosime;230000;3.0;2875;halooglasi;Centar-M.Jevrosime, 80m2
68;Opština Palilula , Karaburma , Salvadora Aljendea;123000;2.5;1809;halooglasi;Karaburma-S.Aljendea, 68m2, I, ta
84;Opština Čukarica , Banovo brdo , Kraljice Katarine;240000;4.0;2857;halooglasi;Golf, Kraljice Katarine, 4.0, odlično organizovan
63;Opština Novi Beograd , Bežanijska kosa 3 , Magelanova;176151;2.0;2796;halooglasi;Kosa kvart, 63m2, 2.0
60;Opština Palilula , Karaburma , Mirijevski bulevar;125000;2.0;2083;halooglasi;Karaburma, 60m2, 2.0
60;Opština Voždovac , Vojvode Vlahovića , Nikole Beševića;91900;2.5;1532;halooglasi;Mitrovo brdo, kod Super Vera, 60m2, I, eg
56;Opština Palilula , Karaburma , Dr Đorđa Joanovića;120000;2.0;2143;halooglasi;Karaburma, 56m2, 2.0
49;Opština Palilula , Karaburma , Dragoslava Srejovića;98000;1.5;2000;halooglasi;Karaburma-D. Srejovića ugao sa S. Aljendea, 49m2,
89;Opština Novi Beograd , Blok 33 , Narodnih heroja;227000;3.0;2551;halooglasi;Genex kula, 89m2, 3.0, XXIII, CG, 2lifta, uknjižen
64;Opština Novi Beograd , Blok 23 , Bulevar Milutina Milankovića;177500;2.5;2773;halooglasi;Novi Beograd, Blok 23, 64m2 ,dvoiposoban, uknjižen
170;Opština Vračar , Gospodara Vučića , Gospodara Vučića;595000;5.0;3500;halooglasi;Vračar-G.Vučića, 170m2, 5.0
112;Opština Palilula , Poštanska štedionica , Kraljice Marije;250000;4.0;2232;halooglasi;Kod Vuka, 112m2, 4.0
75;Opština Savski venac , Kneza Miloša , Miloša Pocerca;199900;3.0;2665;halooglasi;Centar, Miloša Pocerca, jedinstven, lux 3.0 stan
102;Opština Voždovac , Medaković padina , Svetozara Radojčića;169500;3.0;1662;halooglasi;Medaković III, 102m2, II, podno,nov, parking mesto
83;Opština Zvezdara , Lion , Dojranska;244900;4.0;2951;halooglasi;Lion-Dojranska, 83m2
43;Opština Čukarica , Golf , Kraljice Katarine;125000;1.5;2907;halooglasi;Golf - Kraljice Katarine ID#1671
56;Opština Novi Beograd , Fontana , Narodnih heroja;165000;2.0;2946;halooglasi;2.0 kod Fontane ID#1528
24;Opština Zvezdara , Denkova bašta , Križanićeva;99000;0.5;4125;halooglasi;Moderna garsonjera ID#1787
78;Opština Vračar , Hram svetog Save , Šumatovačka;240000;3.0;3077;halooglasi;Kod Hrama, 78m2, 3.0
75;Opština Zvezdara , Gradska bolnica , Kladovska;202000;3.0;2693;halooglasi;Gradska bolnica, 75m2, 3.0
73;Opština Voždovac , Voždovačka crkva , Vojvode Stepe;199900;3.0;2738;halooglasi;Voždovačka crkva, 73m2, 3.0
72;Opština Palilula , Tašmajdan , Majora Ilića;278500;2.0;3868;halooglasi;Tašmajdan, 72m2
72;Opština Zvezdara , Mirijevo , Mirka Banjevića;147000;2.5;2042;halooglasi;Mirijevo, 72m2, 2.5
70;Opština Novi Beograd , Blok 23 , Milentija Popovića;198000;2.5;2829;halooglasi;Blok 23, 70m2, 2.5
66;Opština Novi Beograd , Blok 70 (kineski tržni centar) , Omladinskih brigada;156000;2.0;2364;halooglasi;Blok 70, 66m2, 2.0
63;Opština Voždovac , Saobraćajni fakultet , Vojvode Stepe;185000;2.0;2937;halooglasi;Saobraćajni fakultet, 63m2, 2.0
60;Opština Voždovac , Šumice , Sundečićeva;245000;2.0;4083;halooglasi;Šumice, 60m2, II, podno grejanje, lux
57;Opština Rakovica , Centar , Starca Milije;118000;2.5;2070;halooglasi;Rakovica-S.Milije, 57m2 II, cg
50;Opština Palilula , Kotež , Kalovita;79900;2.5;1598;halooglasi;Kotež-Kalovita, 50m2, 2.5
41;Opština Zvezdara , Mirijevo , Koste Nađa;99000;1.0;2415;halooglasi;Mirijevo, Koste Nađa, 1.0, luksuzan, prelep pogled
45;Opština Rakovica , Petlovo brdo , Rasinska;69000;1.5;1533;halooglasi;Petlovo brdo, 45m2, 1.5
52;Opština Zvezdara , Mirijevo , Vitezova Karađorđeve zvezde;108500;2.0;2087;halooglasi;Mirijevo, VKZ, 2.0, nov, lux, useljiv
54;Opština Zemun , Batajnica , Stevana Dubajića;98000;2.5;1839;halooglasi;Prodaje se kompletno opremljen stan u Batajnici
43;Opština Zemun , Batajnica , Majora Zorana Radosavljevića;71000;2.0;1651;halooglasi;Batajnica, 43m2, 2.0
33;Opština Voždovac , Lekino brdo , Belička;116000;1.0;3515;halooglasi;Lekino brdo, 33m2, 1.0
70;Opština Novi Beograd , Blok 23 , Bulevar Arsenija Čarnojevića;205000;3.0;2929;halooglasi;Blok 23,Bulevar Arsenija Čarnojevića,trosoban 70m2
110;Opština Zvezdara , Konjarnik , Slobodana Lale Berberskog;199990;4.5;1818;halooglasi;Konjarnik, 110m2, 4.5
92;Opština Stari grad , Skadarlija , Skadarska;280000;3.5;3043;halooglasi;Skadarlija-Skadarska, 92m2,
89;Opština Novi Beograd , Blok 24 (Super Vero) , Bulevar Milutina Milankovića;315000;4.0;3539;halooglasi;Blok 24, 89m2, 4.0
126;Opština Voždovac , Autokomanda , Vojvode Đurovića;340000;6.0;2698;halooglasi;Autokomanda, Lux duplex ,cena sa dva garažna mesta
88;Opština Voždovac , Kumodraž , Bulevar Peka Dapčevića;140000;3.0;1591;halooglasi;Kumodraž, 88m2, IV, cg,
84;Opština Čukarica , Čukarička padina , Radnička;184000;4.0;2190;halooglasi;Čukarička padina, 84m2, 4.0
71;Opština Rakovica , Stari Košutnjak , Pere Velimirovića;175000;2.5;2465;halooglasi;Stari Košutnjak, 71m2, 2.5
69;Opština Savski venac , Ekonomski fakultet , Karađorđeva;165000;3.0;2391;halooglasi;Savski trg, 69m2, IV, ta
45;Opština Voždovac , Hotel M , Vojvode Stepe;179000;2.0;3978;halooglasi;Voždove kapije, 45m2, 2.0
44;Opština Palilula , Karaburma , Salvadora Aljendea;110000;1.5;2500;halooglasi;Karaburma-T. C. Merkur, 44m2, 1.5
40;Opština Palilula , Karaburma , Husinskih rudara;57000;1.0;1425;halooglasi;Karaburma, 40m2, 1.0
25;Opština Palilula , Karaburma , Salvadora Aljendea;52000;0.5;2080;halooglasi;Karaburma, 25m2, 0.5
64;Opština Stari grad , Dorćol , Kneginje Ljubice;250000;2.0;3906;halooglasi;Gornji Dorćol, Kneginje Ljubice
60;Opština Voždovac , Braće Jerković , Braće Jerković;129000;2.0;2150;halooglasi;Voždovac | Braće Jerković | 60+4
64;Opština Novi Beograd , Blok 62 , Jurija Gagarina;193900;2.5;3030;halooglasi;Blok 62, sređen, namešten stan ID#1143
35;Opština Palilula , Borča , Ovčanski put;43000;1.5;1229;halooglasi;Nov stan, građevinska dozvola
39;Opština Palilula , Višnjička Banja , Slobodana Jovanovića;78000;1.0;2000;halooglasi;Jednosoban stan za prodaju u Višnjičkoj Banji
99;Opština Čukarica , Banovo brdo , Požeška;275000;3.5;2797;halooglasi;Novogradnja, odlične strukture i orjentacije
73;Opština Zemun , Save Kovačevića , Železnička;155000;3.0;2123;halooglasi;Zemun, 3.0, noviji, lux, brzo useljiv
150;Opština Zvezdara , Vukov Spomenik , Vojvode Bogdana;557000;5.0;3713;halooglasi;Predivan petosoban stan, Vojvode Bogdana, 150m2
45;Opština Palilula , Bogoslovija , Sime Šolaje;120000;2.0;2667;halooglasi;Sime Šolaje, Bogoslovija, Palilula
50;Opština Zvezdara , Vukov Spomenik , Cvijićeva;123000;2.0;2460;halooglasi;Cvijićeva, Vukov spomenik, Palilula
46;Opština Zvezdara , Mirijevo , Matice srpske;117000;2.5;2543;halooglasi;Matice srpske, Mirijevo, Zvezdara
69;Opština Voždovac , Banjica , Crnotravska;160000;3.0;2319;halooglasi;Banjica-Trošarina-Crnotravska ID#1325
65;Opština Savski venac , Dedinje , Veljka Lukića Kurjaka;162000;1.5;2492;halooglasi;Dedinje - Veljka Lukića Kurjaka
53;Opština Rakovica , Miljakovac , Stanka Paunovića Veljka;95000;2.0;1792;halooglasi;Uknjižen 2.0 stan kod Osnovne škole
69;Opština Voždovac , Šumice;178412;2.5;2600;halooglasi;Voždovac, Šumice
60;Opština Zvezdara , Mirijevo , Zagrađe;74000;2.0;1233;halooglasi;Vitezova Karađorđeve zvezde
49;Opština Palilula , Karaburma , Dragoslava Srejovića;98000;1.5;2000;halooglasi;Dragoslava Srejovića, Karaburma, Palilula
102;Opština Rakovica , Skojevsko naselje , Luke Vojvodića;185900;4.0;1823;halooglasi;Skojevsko naselje, komforan četvorosoban stan
61;Opština Zemun , Save Kovačevića , Rade Končara;150000;2.5;2459;halooglasi;Zemun, Rada Končara, nov, lux 2.5, odmah useljiv
114;Opština Novi Beograd , Blok 65 , Zemunska;291000;5.0;2553;halooglasi;Blok 65, Zemunska, nov, lux, 5.0 stan
90;Opština Zemun , Meandri , Bačka;125000;4.0;1389;halooglasi;Zemun, Meandri, Bačka, 4.0, duplex, useljiv
77;Opština Čukarica , Banovo brdo , Požeška;179900;3.5;2336;halooglasi;Banovo brdo, Požeška, 3.5, komforan, parking
32;Opština Palilula , Karaburma , Patrisa Lumumbe;70000;1.0;2188;halooglasi;Beograd, Karaburma, 32m2 , nov stan
33;Opština Zemun , Novi grad , Makedonska;85000;1.5;2576;halooglasi;Lux stan u mirnom delu Zemuna
34;Opština Sopot , Kosmaj;60392;2.0;1799;halooglasi;Kosmaj residence by Tesla Palace
34;Opština Mladenovac , Kosmaj;60392;2.0;1799;halooglasi;Kosmaj residence by Tesla Palace
70;Opština Zvezdara , Učiteljsko naselje , Onisima Popovića;210000;3.0;3000;halooglasi;Zvezdara, Aviv park, nov, 3.0, komforan
56;Opština Novi Beograd , Blok 65 , Omladinskih brigada;320000;2.0;5714;halooglasi;West Tower, nov, lux, namešten 2.0, odmah useljiv
58;Opština Novi Beograd , Blok 65 , Omladinskih brigada;272000;2.0;4690;halooglasi;West 65, nov, luksuzan, dvosoban stan
109;Opština Novi Beograd , Blok 61 , Jurija Gagarina;229900;4.0;2109;halooglasi;Blok 61, trostrano orijentisani 4.0, 109kvm
62;Opština Čukarica , Banovo brdo , Požeška;145000;2.0;2339;halooglasi;Banovo brdo, Požeška, 2.0, odmah useljiv
62;Opština Čukarica , Banovo brdo , Šumadijski trg;169900;2.5;2740;halooglasi;Banovo Brdo, Šumadijski trg, 2.5 lux
107;Opština Novi Beograd , Blok 65 , Tadije Sondermajera;399900;4.0;3737;halooglasi;Wellport, nov, luksuzan 4.0 stan
100;Opština Zvezdara , Konjarnik , Rudo;233000;6.0;2330;halooglasi;Petosoban stan kod Aviv centra  na dva nivoa
86;Opština Novi Beograd , Sava centar , Bulevar Arsenija Čarnojevića;175000;3.0;2035;halooglasi;Blok 23, Sava Centar, 3.0, panoramski pogled
51;Opština Vračar , Crveni krst , Vidovdanska;125000;2.0;2451;halooglasi;Vračar, 2.0, renoviran, parking, useljiv
77;Opština Novi Beograd , Blok 63;315000;3.0;4091;halooglasi;Prodaja luksuznog stana, Novi Beograd, Petica
73;Opština Novi Beograd , Blok 23 , Bulevar Arsenija Čarnojevića;189000;3.0;2589;halooglasi;Blok 23, Sava centar, 3.0, retko u ponudi
64;Opština Novi Beograd , Blok 37 , Bulevar Milutina Milankovića;149000;2.0;2328;halooglasi;Blok 37, Bul.Milutina Milankovića, dvosoban
40;Opština Novi Beograd , Blok 28 , Bulevar Milutina Milankovića;125000;2.0;3125;halooglasi;Blok 28, Vero, renoviran, 2.0, opremljen
161;Opština Novi Beograd , Blok 65 , Omladinskih brigada;990000;5.0;6149;halooglasi;West Tower, nov, luksuzan petosoban stan
61;Opština Novi Beograd , Blok 37 , Bulevar Milutina Milankovića;155000;2.0;2541;halooglasi;Blok 37, dvosoban, odmah useljiv
116;Opština Voždovac , Autokomanda , Jove Ilića;355000;4.0;3060;halooglasi;Jove Ilića, lux, nov,garaža ID#17184
65;Opština Novi Beograd , Blok 64 , Zemunska;175000;3.0;2692;halooglasi;Prodaje se stan u Bloku 64,novogradnja,garaža ID#1
135;Opština Savski venac , Dedinje , Dr Vojislava Stojanovića;590000;3.0;4370;halooglasi;Green Hill trosoban ekskluzivan stan
161;Opština Zvezdara , Crveni krst , Kajmakčalanska;370000;3.0;2298;halooglasi;Kajmakčalanska, Crveni krst, Beograd
101;Opština Vračar , Crveni krst , Gročanska;333000;3.0;3297;halooglasi;Lepota funkcionalnosti svakodnevnog života
43;Opština Voždovac , Lekino brdo , Pčinjska;97000;2.0;2256;halooglasi;Stan iza specijalnog suda Pčinjska Voždovac
53;Opština Palilula , Karaburma , Juhorska;88000;2.0;1679;halooglasi;Karaburma, 2.0, noviji, renoviran, odmah useljiv
133;Opština Novi Beograd , Bežanijska kosa 2 , Marka Čelebonovića;310000;4.5;2331;halooglasi;Bežanijska kosa II, 4.5, noviji, fasadna cigla
45;Opština Novi Beograd , Blok 70 (kineski tržni centar) , Jurija Gagarina;132600;2.0;2947;halooglasi;Blok 70, Jurija Gagarina, renoviran, 2.0 stan
39;Opština Zemun , Gornji grad , Karlovačka;104999;1.0;2692;halooglasi;Karlovačka, Gornji grad, Zemun
49;Opština Zemun , Donji grad , Kneza Pavla Karađorđevića;162000;2.5;3306;halooglasi;Kneza Pavla Karađorđevića, Donji grad, Zemun
32;Opština Novi Beograd , Fontana , Omladinskih brigada;114500;1.0;3578;halooglasi;Omladinskih brigada, Blok 1, Novi Beograd
48;Opština Čukarica , Banovo brdo , Požeška;129900;2.5;2706;halooglasi;Banovo brdo, Požeška, dvoiposoban
81;Opština Novi Beograd , Blok 64 , Gandijeva;169999;3.0;2099;halooglasi;Gandijeva, Blok 64, Novi Beograd
75;Opština Novi Beograd , Blok 65 , Tadije Sondermajera;371250;3.0;4950;halooglasi;Wellport, nov, lux opremljen 3.0 stan
41;Opština Voždovac , Jove Ilića , Jove Ilića;161999;0.5;3951;halooglasi;Jove Ilića, Charm Residences, nova garsonjera
36;Opština Voždovac , TC Stadion , Siva stena;98500;1.5;2736;halooglasi;Voždovac, TC Stadion, 1.5, noviji, fasadna cigla
75;Opština Palilula , Borča , Ratnih vojnih invalida;105000;3.0;1400;halooglasi;Borča, trosoban, okružen zelenilom
160;Opština Zvezdara , Lion , Đevđelijska;385500;4.0;2409;halooglasi;Lion, nov, lux, 4.0, parking, odmah useljiv
97;Opština Vračar , Krunska , Krunska;390000;3.0;4021;halooglasi;Vračar, Krunska, 3.0, salonac, pogled, parking
85;Opština Rakovica , Vidikovac , Vidikovački venac;149900;3.0;1764;halooglasi;Vidikovac, Vidikovački venac, renoviran 3.0
61;Opština Zemun , Save Kovačevića , Sava Burića;130000;2.5;2131;halooglasi;Zemun, Sava Kovačević, 2.5, renoviran
93;Opština Palilula , Profesorska kolonija , Draže Pavlovića;306000;3.0;3290;halooglasi;Profesorska kolonija, 3.0, adaptibilan
48;Opština Rakovica , Miljakovac , Dimitrija Koturovića;86000;1.5;1792;halooglasi;Miljakovac I, 1.5, retko u ponudi
115;Opština Vračar , Kalenić pijaca , Tomaša Ježa;490000;4.0;4261;halooglasi;Vračar, Kalenić, 4.0, raskošan, luksuzan
53;Opština Voždovac , Šumice , Glasinačka;111300;2.5;2100;halooglasi;Šumice, 2.5
59;Opština Zvezdara , Mirijevo , Radeta Markovića;130000;2.0;2203;halooglasi;Mirijevo, 2.0, nov, lux, parking mesto
56;Opština Zemun , Meandri , Bačka;122000;2.0;2179;halooglasi;Zemun, Meandri, Bačka, opremljen dvosoban
75;Opština Zemun , Karađorđev trg , Karađorđev trg;189000;3.0;2520;halooglasi;Zemun - Karađorđev trg - Kej
56;Opština Rakovica , Vidikovačka padina , Pilota Mihaila Petrovića;107000;2.5;1911;halooglasi;Rakovica, dvoiposoban, odmah useljiv
75;Opština Zvezdara , Bulbulder , Svetog Nikole;129000;3.0;1720;halooglasi;Zira, tri novije garsonjere, siva faza, 3 parkinga
97;Opština Čukarica , Banovo brdo , Požeška;130000;4.0;1340;halooglasi;Banovo brdo, Požeška, 4.0, komforan
116;Opština Savski venac , Centar , Sarajevska;300000;4.0;2586;halooglasi;Prodajemo četvorosoban stan, 116m2, Sarajevska
27;Opština Novi Beograd , Blok 19a , Milentija Popovića;80000;1.0;2963;halooglasi;Milentija Popovića, Blok 19A, Novi Beograd
65;Opština Voždovac , Braće Jerković , Dragice Končar;118000;2.5;1815;halooglasi;Braće Jerković, 2.5, odličan
58;Opština Zemun , Save Kovačevića , Sava Burića;116000;2.0;2000;halooglasi;Zemun, Sava Kovačević, komforan, 2.0 stan
85;Opština Zemun , Galenika , Milenka Verkića;137000;3.0;1612;halooglasi;Galenika, dvospratnica, 3.0, odmah useljiv
83;Opština Vračar , Kalenić pijaca , Mileševska;255000;3.5;3072;halooglasi;Vračar, Mileševska, troiposoban stan sa parkingom
41;Opština Zvezdara , Mirijevo , Kapetana Miloša Žunjića;83000;1.5;2024;halooglasi;Mirijevo namešten 1.5 stan ID#1313
122;Opština Čukarica , Cerak vinogradi , Vinogradski venac;195000;6.0;1598;halooglasi;Cerak vinogradi, komforan sedmosoban stan
77;Opština Palilula , Botanička bašta , Šajkaška;240000;3.0;3117;halooglasi;Botanička bašta, trosoban, panoramski pogled
65;Opština Novi Beograd , Blok 23 , Antifašističke borbe;195000;3.0;3000;halooglasi;Antifašističke borbe, blok 23, trosoban stan, 65m2
32;Opština Zvezdara , Učiteljsko naselje , Onisima Popovića;70900;1.0;2216;halooglasi;Zvezdara, Aviv park, noviji, 1.0, opremljen
101;Opština Zvezdara , Vukov Spomenik , Vojvode Bogdana;320000;4.0;3168;halooglasi;Prodajemo komforan stan kod Vuka, Vojvode Bogdana
67;Opština Novi Beograd , Blok 70a , Dr Agostina Neta;189900;2.0;2834;halooglasi;Blok 70a, Dr Agostina Neta, 2.0, adaptibilan
57;Opština Zvezdara , Đeram pijaca , Šabačka;161281;2.5;2829;halooglasi;Đeram, Šabačka, nov, lux dvoiposoban stan
61;Opština Novi Beograd , Blok 63 , Jurija Gagarina;149500;2.0;2451;halooglasi;Blok 63, Immo Centar, funkcionalan 2.0 stan
72;Opština Palilula , Botanička bašta , Bulevar despota Stefana;188900;2.0;2624;halooglasi;Botanička bašta, 2.0, useljiv, retko u ponudi
47;Opština Voždovac , Trošarina , Save Maškovića;164500;1.5;3500;halooglasi;Voždovac, Park Vila Residence, 1.5, nov, useljiv
37;Opština Stari grad , Bajlonijeva pijaca , Džordža Vašingtona;110000;1.5;2973;halooglasi;Bajloni, 1.5 salonac, odmah useljiv
53;Opština Zvezdara , Gradska bolnica , Vojvode Sime Popovića;130000;2.0;2453;halooglasi;Zvezdara, Gradska bolnica, 2.0, renoviran
163;Opština Voždovac , Lekino brdo , Lazara Tasića;400000;4.0;2454;halooglasi;Lekino brdo, 4.0, lux, namešten, garažno mesto
26;Opština Vračar , Crveni krst , Jovana Rajića;88500;1.0;3404;halooglasi;Vracar-Beogradsko dramsko pozoriste
67;Opština Vračar , Kalenić pijaca , Petrogradska;190000;2.0;2836;halooglasi;Kalenić- 2.0
93;Opština Novi Beograd , Bežanijska kosa 3 , Magelanova;249563;3.5;2705;halooglasi;Stan 92.26m2 na Bezanijskoj Kosi
44;Opština Palilula , Karaburma , Kamčatska;109956;2.0;2499;halooglasi;Karaburma, Kamčatska, nov lux dvosoban stan
61;Opština Palilula , Karaburma , Kamčatska;152440;2.5;2499;halooglasi;Karaburma, Kamčatska, nov, lux dvoiposoban stan
34;Opština Palilula , Karaburma , Kamčatska;84966;1.0;2499;halooglasi;Karaburma, Kamčatska, nov, lux jednosoban stan
50;Opština Čukarica , Čukarička padina , Radnička;102000;2.0;2040;halooglasi;Čukarička padina- Radnička
120;Opština Palilula , Cvijićeva , Zdravka Čelara;365000;3.5;3042;halooglasi;Dva spojena stana u Zdravka Čelara
96;Opština Novi Beograd , Blok 19a , Vladimira Popovića;350000;3.0;3646;halooglasi;Park Apartmani, izuzetan, trosoban stan
39;Opština Zemun , Cara Dušana , Karlovačka;104999;1.0;2692;halooglasi;Zemun, Karlovačka, 1.0, retko u ponudi
87;Opština Palilula , Botanička bašta , Bulevar despota Stefana;239000;3.0;2747;halooglasi;Botanička bašta- 3.0 Bulevar Despota Stefana
43;Opština Vračar , SC Vračar , Cara Nikolaja II;162000;1.5;3767;halooglasi;Vračar- 1.5 Cara Nikolaja II
84;Opština Zvezdara , Đeram pijaca , Pećka;215000;3.0;2560;halooglasi;Đeram-nov 3.0soban sa prelepim pogledom
56;Opština Voždovac , Vojvode Stepe , Vojvode Stepe;159000;2.0;2839;halooglasi;Vojvode Stepe, 56m2, 2.0
60;Opština Rakovica , Centar , Slavka Rodića;90000;2.0;1500;halooglasi;Slavka Rodića, 60m2, 2.0, III, cg ID#1659
50;Opština Zvezdara , Mirijevo , Vitezova Karađorđeve zvezde;94750;3.0;1895;halooglasi;Mirijevo, trosoban, 50 m2, II sprat, svetao stan
104;Opština Savski venac , Beograd na vodi , Hercegovačka;648000;3.0;6231;halooglasi;BW Terraces prodaja
67;Opština Voždovac , Šumice , Vladimira Tomanovića;143000;2.0;2134;halooglasi;Šumice, Hotel Srbija, uknjižen, brzo useljiv
71;Opština Čukarica , Banovo brdo , Požeška;196952;3.0;2800;halooglasi;Banovo brdo, Šumarski fakultet, nov, preporuka
46;Opština Voždovac , Lekino brdo , Veselina Masleše;141000;2.5;3065;halooglasi;2.5 stan na Voždovcu, Veselina Masleše ID#2619
92;Opština Savski venac , Beograd na vodi , Bulevar Vudroa Vilsona;500000;3.0;5444;halooglasi;Beograd na vodi ( Aria )
63;Opština Zvezdara , Mirijevo , Kapetana Miloša Žunjića;108670;3.0;1725;halooglasi;Mirjevo novogradnja, 3.0, odličan sprat, raspored
70;Opština Rakovica , Petlovo brdo , 11. krajiške divizije;99000;2.5;1414;halooglasi;Petlovo brdo, 2.5, useljiv
87;Opština Novi Beograd , Blok 45 (TC Enjub) , Jurija Gagarina;205000;3.0;2356;halooglasi;Blok 45 - kod  Doma  zdravlja - južna strana
88;Opština Savski venac , Dedinje , Milana Blagojevića Španca;349000;4.0;3966;halooglasi;Kod Belog dvora četvorosoban stan sa garažom
27;Opština Voždovac , Autokomanda , Vojvode Stepe;80000;1.0;2963;halooglasi;Voždovac-Autokomanda-Vojvode Stepe
59;Opština Zvezdara , Mali Mokri Lug , Smederevski put;100300;3.0;1700;halooglasi;Uknjižena novogradnja, 3,0, 59m2, Mali Mokri Lug
29;Opština Zvezdara , Mali Mokri Lug , Smederevski put;49300;0.5;1700;halooglasi;Uknjižena garsonjera, MML, 29 m2
57;Opština Novi Beograd , Blok 63;239000;2.0;4193;halooglasi;Prodaja odličnog stana na Novom Beogradu, Sun city
197;Opština Vračar , Neimar;720000;5.0;3655;halooglasi;Izuzetan stan, 5.0. Neimarski park, 197m2
72;Opština Zvezdara , Mirijevo , Mirka Banjevića;147000;2.5;2042;halooglasi;Mirijevo, Mirka Banjevica, 2.5, 72 m2
84;Opština Zvezdara , Bulevar kralja Aleksandra ,;252000;3.0;3000;halooglasi;Odličan trosoban stan na prodaju, Zvezdara
189;Opština Novi Beograd , Blok 19a , Vladimira Popovića;500000;3.0;2646;halooglasi;NBg, Park apartman, penthouse, namešten, garaža,
241;Opština Stari grad , Dorćol , Žorža Klemansoa;685000;4.0;2842;halooglasi;Stari grad, Žorža Klemansoa, 150m2 + T91m2, sa g/m
65;Opština Voždovac , Šumice , Bakićeva;182000;3.0;2800;halooglasi;Prodaja trosobnog stana, Šumice, 65m2
45;Opština Voždovac , Šumice , Bakićeva;126000;2.0;2826;halooglasi;Prodaja dvosobnog stana, Šumice, 45m2
71;Opština Čukarica , Banovo brdo , Kraljice Katarine;170000;2.0;2394;halooglasi;Stan sa dvorištem i terasom u Kraljice Katarine
33;Opština Novi Beograd , Bežanijska kosa 1 , Vespučijeva;78000;1.0;2364;halooglasi;Stan na prodaju - Vespucijeva ulica, Bezanija
65;Opština Stari grad , Dorćol , Francuska;199900;2.5;3075;halooglasi;Dorćol, Francuska, salonac, odlična investicija
59;Opština Stari grad , Terazije , Balkanska;284000;2.0;4814;halooglasi;Sjajan stan uži centar,Balkanska,59m2
83;Opština Stari grad , Bajlonijeva pijaca , Drinčićeva;245000;3.5;2952;halooglasi;Centar,Drinčićeva,salonac,83m2
130;Opština Rakovica , Vidikovac , Patrijarha Joanikija;220000;6.0;1692;halooglasi;Luksuzni dupleks, 130m², Vidikovac,Patrijarha Joan
57;Opština Čukarica , Cerak vinogradi ,;131000;2.0;2298;halooglasi;Cerak - Crvenih Hrastova - 01
71;Opština Novi Beograd , Blok 70a , Dr Agostina Neta;195000;2.5;2746;halooglasi;Blok 70a-blizu Save
118;Opština Vračar , Crveni krst , Golubačka;289000;3.0;2449;halooglasi;Golubačka - Vračar - Lux - Parking mesto
64;Opština Zemun , Karađorđev trg;157000;2.5;2453;halooglasi;Zemun, centar prelepa lokacija, Karadjordjev trg
64;Opština Čukarica , Cerak vinogradi , Kestenova;131500;2.0;2055;halooglasi;Cerak vinogradi 64m2, 2.0 sa zastakljenom terasom
155;Opština Savski venac , Dedinje , Slavka Ćuruvije;600000;4.0;3871;halooglasi;Dedinje, lux, 155m2, 4.0, III, lift, garaža ID#172
96;Opština Zvezdara , Đeram pijaca , Šabačka;268800;3.5;2800;halooglasi;Đeram pijaca, nov, useljiv, cena sa PDV-om
106;Opština Rakovica , Skojevsko naselje , Luke Vojvodića;250000;4.0;2358;halooglasi;Jedinstven četvorosoban stan s pogledom ka Avali
91;Opština Čukarica , Čukarička padina , Radnička;219000;3.5;2407;halooglasi;Čukarička padina, Radnička, 91m2,
55;Opština Novi Beograd , Blok 65 , Tadije Sondermajera;239500;2.0;4423;halooglasi;Prodaja dvosobnog stana Wellport, III faza, 54m2
41;Opština Mladenovac , Mladenovac (mesto) , Crkvena;45100;2.0;1100;halooglasi;Bez provizije
108;Opština Savski venac , Dedinje , Flore Sends;550000;3.0;5093;halooglasi;Dedinje, 108m2, 3.0, II, gas, lift, dve garaže ID#
77;Opština Voždovac , Banjica , Paunova;175000;3.0;2273;halooglasi;Banjica, 77m2, 3.0, VIII/12, cg, tv, lift ID#1652
68;Opština Novi Beograd , Bežanijska kosa 3 , Vespučijeva;148600;2.0;2185;halooglasi;Odličan 2.0 (2.5) stan na B. Kosi ID#1672
82;Opština Novi Beograd , Hotel Jugoslavija , Klare Cetkin;275000;3.0;3354;halooglasi;Hotel Jugoslavija - Klare Cetkin ( kockice )
91;Opština Zvezdara , Lion , Radojke Lakić;230000;3.0;2527;halooglasi;Lion, Radojke Lakic, 91m2
72;Opština Zvezdara , Mirijevo , Mirka Banjevića;147000;3.0;2042;halooglasi;Mirijevo Mirka Banjevića 72m2
67;Opština Voždovac , Šumice;150000;2.0;2239;halooglasi;Na prodaju stan kod Ljermontove
133;Opština Savski venac , Beograd na vodi , Bulevar Vudroa Vilsona;680000;4.0;5113;halooglasi;BW - SOLE , terasa 25 kv
121;Opština Vračar , Čubura , Cerska;415000;4.0;3430;halooglasi;Vračar, Cuburski park , nov ,lux ,neuseljavan
89;Opština Voždovac , Šumice , Vladimira Tomanovića;245000;4.0;2753;halooglasi;Bgd - Voždovac - Vladimira Tomanovića 89m2
70;Opština Zemun , Prvomajska;155000;3.0;2214;halooglasi;Beograd, Zemun, Prvomajska
53;Opština Stari grad , Dorćol , Strahinjića Bana;195000;2.0;3679;halooglasi;Top lokacija
39;Opština Zvezdara , Mirijevo , Zagrađe;77700;1.5;2000;halooglasi;Mirijevo stan 38.85m2 jednoiposoban
53;Opština Zvezdara , Mirijevo , Zagrađe;99446;2.0;1900;halooglasi;Mirijevo stan 52.34m2 - Dvosoban Vlasnik
25;Opština Zvezdara , Mirijevo , Zagrađe;54890;0.5;2196;halooglasi;Mirijevo garsonjera 25m2 novo useljivo
162;Opština Voždovac , Lekino brdo ,;230000;6.0;1420;halooglasi;Uknjižen duplex u sivoj fazi kod Šumica
72;Opština Vračar , Kalenić pijaca , Njegoševa;289000;2.0;4014;halooglasi;Retko u ponudi,Njegoševa,kod Kalenića,75m2
60;Opština Vračar , Karađorđev park , Nebojšina;269000;2.0;4483;halooglasi;Retko u ponudi,Novogradnja Vračar,Nebojšina,60m2
123;Opština Zemun , Prvomajska , Železnička;276000;4.0;2244;halooglasi;Beograd, Zemun, Prvomajska
30;Opština Voždovac , Vojvode Vlahovića;54000;1.0;1800;halooglasi;Novo u ponudi. Top lokacija. Bez provizije!
75;Opština Novi Beograd , Blok 23 , Bulevar Milutina Milankovića;182000;3.0;2427;halooglasi;3.0 Milutina Milankovića
92;Opština Vračar , Krunski venac , Kneginje Zorke;345000;3.0;3750;halooglasi;Vračar,Kneginje Zorke,salonac ID#1233
66;Opština Novi Beograd , Blok 44 (TC Piramida) , Nehruova;159900;2.0;2423;halooglasi;Blok 44, uknjižen stan za prodaju ID#599315
42;Opština Zvezdara , Mirijevo , Mirijevski venac;105000;1.5;2500;halooglasi;Stan Mirijevski Venac br2 42m2
52;Opština Palilula , Karaburma , Jabučka;92000;2.5;1769;halooglasi;Karaburma Jabučka 2.5 52m2pr cg renoviran uknjižen
163;Opština Vračar , Neimar , Mihaila Gavrilovića;700000;4.0;4294;halooglasi;Luksuzni stan kod Neimarskog parka
126;Opština Voždovac , Autokomanda , Vojvode Đurovića;340000;6.0;2698;halooglasi;Autokomanda, Vojvode Đurovića
79;Opština Stari grad , Centar , Vojvode Dobrnjca;329000;3.0;4165;halooglasi;Stari grad, luksuzan stan, Vojvode Dobrnjca ID#131
55;Opština Novi Beograd , Blok 63 , Gandijeva;130000;1.5;2364;halooglasi;1.5 stan u bloku 63, Gandijeva ID#2667
53;Opština Stari grad , Dorćol , Gospodar Jevremova;200000;1.5;3820;halooglasi;Prelep stan sa galerijom na prodaju, Gornji Dorćol
99;Opština Zvezdara , Slavujev venac , Braće Ribnikar;316000;3.5;3208;halooglasi;3.5 penthouse Novogradnja, Slavujev venac
76;Opština Vračar , Hram svetog Save , Nevesinjska;260000;3.5;3421;halooglasi;Hram, dva prelepa posebna stana u Nevesinjskoj
67;Opština Rakovica , Petlovo brdo , Svetozara Ivačkovića;102000;2.5;1522;halooglasi;Povoljno, Petlovo brdo, Svetozara Ivačkovića, 67m2
73;Opština Rakovica , Petlovo brdo , Svetozara Ivačkovića;105000;3.5;1438;halooglasi;Povoljno, Petlovo brdo, Svetozara Ivačkovića, 73m2
59;Opština Stari grad , Dorćol , Venizelosova;327000;2.0;5542;halooglasi;Novi Dorćol, lux, pametna zgrada
200;Opština Stari grad , Trg Republike , Kneza Mihaila;980000;6.0;4900;halooglasi;Salonski stan u Knez Mihailovoj ulici
70;Opština Savski venac , Dedinje ,;260000;2.0;3714;halooglasi;Moderan stan od 70m2 na Dedinju
37;Opština Stari grad , 25. maj , Pančevačka;140000;1.5;3784;halooglasi;25. maj, Pančevačka, 37m2 ID#54791
76;Opština Savski venac , Centar , Admirala Geprata;289000;3.0;3803;halooglasi;CENTAR, Admirala Geprata-vlasnik
58;Opština Novi Beograd , Blok 65 , Omladinskih brigada;272000;2.0;4690;halooglasi;West 65 - Omladinskih brigada
83;Opština Stari grad , Centar , Kosovska;315000;3.0;3795;halooglasi;Prelep stan,Kosovska ,Stari grad,Centar,83m2
88;Opština Stari grad , Atelje 212 , Svetogorska;255000;3.0;2898;halooglasi;Sjajan duplex,Svetogorska,Stari grad,88m2
73;Opština Novi Beograd , Blok 23 , Bulevar Milutina Milankovića;179900;3.0;2464;halooglasi;Blok 23, 3,0, sa garaznim mestom
40;Opština Zemun , Gornji grad , Alaska 5;94000;1.5;2350;halooglasi;“Alaska” oaza mira
73;Opština Voždovac , Kumodraž , Zemljoradnička;99000;2.5;1356;halooglasi;Beograd, Kumodraž, Zemljoradnička
60;Opština Čukarica , Čukarička padina , Obalskih radnika;139999;2.0;2333;halooglasi;Čukarička Padina 2.0 bez pisrednika
61;Opština Palilula , Karaburma , Husinskih rudara;122000;2.0;2000;halooglasi;Prodaja 2.0 stana,62m2,Husinskih rudara,Karaburma
62;Opština Palilula , Višnjička Banja , Višnjička;99000;3.0;1597;halooglasi;Uknjizeno, povraćaj PDV-a, parking mesto!
52;Opština Savski venac , Beograd na vodi , Bulevar Vudroa Vilsona;255000;2.0;4904;halooglasi;Atraktivan stan na Bw u Metropoliten kula
66;Opština Voždovac , Vojvode Stepe , Kostolačka;135000;2.5;2045;halooglasi;Voždovac,Vojvode Stepe,Kostolačka,2.5,66m2,uknjiž.
66;Opština Novi Beograd , Blok 22 , Bulevar Zorana Đinđića;199900;2.5;3029;halooglasi;Novi Beograd,Blok 22, 2.5,66m2,terasa,III/7,uknjiž
90;Opština Stari grad , Dorćol , Cara Dušana;437300;3.0;4900;halooglasi;Dorćol Centar - jedinstven trosoban stan
55;Opština Savski venac , Beograd na vodi , Bulevar Vudroa Vilsona;260000;2.0;4727;halooglasi;BW Metrpolitan- prodaja
47;Opština Zemun , Batajnica , Bihaćka;79000;1.0;1681;halooglasi;Beograd - Batajnica - Bihaćka 47m2(T)
89;Opština Čukarica , Filmski grad;136000;3.5;1528;halooglasi;Filmski grad, Veljka Petrovića, 3.5, 89m2
92;Opština Savski venac , Beograd na vodi , Hercegovačka;407000;3.0;4424;halooglasi;Prodaja lux stana, BW Aria, 3.0. 92m2
82;Opština Zvezdara , Crveni krst , Vojvode Šupljikca;297000;3.0;3622;halooglasi;Trosoban stan na prodaju, Crveni Krst
84;Opština Vračar , Kalenić pijaca , Sinđelićeva;345000;4.0;4107;halooglasi;Četvorosoban stan na prodaju, Vračar
31;Opština Rakovica , Petlovo brdo , Mihaila Simića;62000;1.0;2000;halooglasi;Petlovo brdo Mihaila Simića 31(T) 3/4 eg uknjižen
89;Opština Stari grad , London , Kneza Miloša;285000;3.0;3202;halooglasi;Stan kao poslovni prostor, centar grada, London
76;Opština Novi Beograd , Blok 30 (B92) , Bulevar Mihajla Pupina;235000;3.0;3092;halooglasi;Odličan stan, idealna lokacija - Отличная квартира
47;Opština Vračar , Neimar , Petra Kočića;185000;1.5;3936;halooglasi;Vračar-Neimarski park, salonac
103;Opština Zemun , Donji grad , Gundulićeva;330000;4.0;3204;halooglasi;"""ZEMUN"" - Eksluzivni stanovi u mirnoj ulici"
150;Opština Savski venac , Dedinje , Miloja Đaka;395000;4.0;2633;halooglasi;Dedinje, lux, 150m2, 4.0, garaža ID#1654
129;Opština Stari grad , Centar , Svetogorska;379000;6.0;2938;halooglasi;Svetogorska, 129m2, 5.0, III/4, eg, parking ID#165
73;Opština Novi Beograd , Blok 65 ,;294000;3.0;4027;halooglasi;Izuzetan trosoban stan, Elixir Garden
110;Opština Novi Beograd , Blok 63 , Japanska;369000;4.0;3355;halooglasi;Novogradnja, izuzetan, 90m2+20m2 terasa, garaza!
84;Opština Voždovac , Vojvode Stepe , Vojvode Stepe;298000;3.0;3568;halooglasi;Voždovac Voždove kapije trosoban stan
93;Opština Voždovac , Vojvode Stepe , Vojvode Stepe;325000;4.0;3513;halooglasi;Voždovac- Voždove kapije četvorosoban stan
86;Opština Zvezdara , Vukov Spomenik;328363;4.0;3818;halooglasi;Extra Lux stan kod Vuk. Spomenika-bez provizije
60;Opština Stari grad , Dorćol , Pančićeva;230000;2.0;3833;halooglasi;Dorćol, Pančićeva, 60m2, 3/7
63;Opština Čukarica , Banovo brdo , Karpoševa;186930;2.5;3000;halooglasi;Penthouse iz snova sa pogledom na Adu
85;Opština Novi Beograd , Blok 63 , Jurija Gagarina;169999;3.5;2000;halooglasi;Veliki porodičan stan! Odlična  lokacija!
72;Opština Palilula , Bogoslovija , Milice Janković;174960;3.0;2430;halooglasi;Nov, UKNJIŽEN , odličan kvalitet gradnje
64;Opština Zvezdara , Mirijevo , Samjuela Beketa;140000;3.0;2188;halooglasi;Mirijevo Samjuela Beketa 64m2
71;Opština Zvezdara , Vukov Spomenik , Zahumska;200000;3.0;2817;halooglasi;Centar salonac ID#1344
112;Opština Vračar , Južni bulevar , Južni Bulevar;345000;4.0;3080;halooglasi;Vraćar stan sa garažom ID#1362
86;Opština Vračar , Hram svetog Save , Kursulina;285000;3.0;3314;halooglasi;Vračar Kalenić pijaca
71;Opština Zemun , Gornji grad;162213;3.0;2285;halooglasi;Extra Lux stan Zemuna nova-bez provizije
59;Opština Čukarica , Žarkovo , Nika Strugara 1. prilaz;116000;2.0;1966;halooglasi;Odličan dvosoban stan, bez ulaganja, 59m2
98;Opština Novi Beograd , Blok 67 (Belvil) , Jurija Gagarina;315000;3.0;3214;halooglasi;Belvil - 11 - Novi Beograd
116;Opština Voždovac , TC Stadion , Vanđela Tome;220000;3.5;1897;halooglasi;Lux duplex, 116m2
22;Opština Vračar , Južni bulevar , Sime Igumanova;85000;0.5;3864;halooglasi;Vračar, uknjižena garsonjera na odličnoj lokaciji
46;Opština Zvezdara , Mirijevo , Dolačka;92000;2.0;2000;halooglasi;Mirijevo, Dolačka 3, novogradnja, uknjižen
46;Opština Zvezdara , Mirijevo , Dolačka;73600;2.0;1600;halooglasi;Mirijevo, Dolačka, novogradnja
46;Opština Voždovac , Trošarina , Milisava Đurovića;138000;1.5;3000;halooglasi;Trošarina, 46m2, bez provizije za kupca ID#50032
55;Opština Voždovac , Trošarina , Milisava Đurovića;165000;2.0;3000;halooglasi;Trošarina, 55m2, bez provizije za kupca ID#50036
116;Opština Savski venac , Savski trg - Pristanište , Sarajevska;300000;4.0;2586;halooglasi;Stan na odličnoj lokaciji ID#112451
36;Opština Voždovac , Dušanovac , Ozrenska;119000;1.0;3346;halooglasi;Ekskluzivna prodaja- Dusanovac, Ozrenska, 35.56 m2
87;Opština Stari grad , Dorćol , Mike Alasa;263999;3.0;3034;halooglasi;Dorćol, Mike Alasa, 3.0
95;Opština Zemun , Gornji grad;210852;4.0;2219;halooglasi;Extra Lux stan Zemuna nova-bez provizije
61;Opština Voždovac , Dušanovac;160000;2.5;2623;halooglasi;Lux stan na Dušanovcu - bez provizije
82;Opština Stari grad , Centar , Kosovska;315000;3.0;3841;halooglasi;Stari Grad, Kosovska, 82 m2, 3.0
87;Opština Zvezdara , Konjarnik , Mihaila Todorovića;190000;3.0;2184;halooglasi;Lux novogradnja na Konjarniku
52;Opština Zvezdara , Bulevar kralja Aleksandra , Ustanička;156000;2.0;3000;halooglasi;Lux Novogradnja Konjarnik Ustanička
71;Opština Zvezdara , Bulevar kralja Aleksandra , Ustanička;213000;4.0;3000;halooglasi;Lux Novogradnja Konjarnik Ustanička
125;Opština Voždovac , Jove Ilića;388368;4.0;3107;halooglasi;Extra Lux stan u Jove Ilića-bez provizije
55;Opština Palilula , Borča , Ratnih vojnih invalida;65000;1.5;1182;halooglasi;Palilula, Borča - Ratnih vojnih invalida, 55m2
56;Opština Savski venac , Dedinje ,;295000;1.5;5268;halooglasi;Lux stan sa garažom, Green Hill kompleks, Dedinje
73;Opština Palilula , Centar , Svetozara Ćorovića;219000;3.0;3000;halooglasi;Palilula Centar Svetozara Ćorovića 73m2
81;Opština Stari grad , Skupština , Takovska;300000;3.0;3704;halooglasi;Skupština, Takovska, autentičan 3.0 salonac
73;Opština Čukarica , Banovo brdo , Kraljice Katarine;200000;2.0;2740;halooglasi;Banovo brdo Kraljice Katarine 73 m2
69;Opština Palilula , Karaburma , Aleksandra Fleminga 29;82800;3.0;1200;halooglasi;Karaburma lux
78;Opština Zemun , Meandri , Sremskih boraca;159000;3.0;2038;halooglasi;Zemun Meandri
126;Opština Voždovac , Dušanovac , Vojvode Đurovića;340000;6.0;2698;halooglasi;Vojvode Đurovića, 126m2, sa dva garažna mesta
104;Opština Čukarica , Banovo brdo , Beogradskog bataljona;350000;5.0;3365;halooglasi;Banovo brdo, Golf naselje 110m2+18 m2 (T)+16 m2(L)
58;Opština Voždovac , Lekino brdo , Pašino brdo;174000;2.5;3000;halooglasi;Lekino brdo - novogradnja - promo prodaja
167;Opština Voždovac , Lekino brdo , Lekino brdo;388240;4.0;2325;halooglasi;Vračar, 4.0, lux, sa pdv-om
58;Opština Čukarica , Banovo brdo , Požeška;145000;2.0;2500;halooglasi;Banovo brdo-58m2+4m2 lodja
75;Opština Rakovica , Petlovo brdo , Generala Zgonjanina;130000;4.0;1733;halooglasi;Petlovo brdo, Generala Zgonjanina, 4.0, 75 m2 sa t
73;Opština Savski venac , Dedinje , Stjepana Filipovića;186250;3.0;2551;halooglasi;Dedinje, Stjepana Filipovica, 3.0, 73 m2
66;Opština Novi Beograd , Blok 65 ,;264000;3.0;4000;halooglasi;Exing 65 - lux 3.0 stan na prestižnoj lokaciji
62;Opština Vračar , Kalenić pijaca , Cara Nikolaja II;250000;2.5;4032;halooglasi;Stan - Beograd - Vračar - Mileševska 62m2
47;Opština Palilula , Karaburma , Jastrebačka;94000;1.5;2000;halooglasi;Odličan 1.5, Stara Karaburma
87;Opština Novi Beograd , Blok 63 , Nehruova;194500;4.0;2236;halooglasi;Izuzetan 4.0,Blok 63,Nehruova
55;Opština Zemun , Altina , Ugrinovački put 8. deo;104500;2.0;1900;halooglasi;Altina, 2.0, nov, uknjižen, parking
68;Opština Palilula , Višnjička Banja , Slobodana Jovanovića;120000;2.0;1765;halooglasi;Odlična lokacija par minuta od busa, Idee i vrtića
117;Opština Novi Beograd , Blok 45 (TC Enjub) , Dr Ivana Ribara;325000;4.0;2778;halooglasi;Blok 45 - Savski kej - Luks stan, 3/4
73;Opština Zemun , Save Kovačevića , Prvomajska;177600;2.5;2459;halooglasi;Odličan stan, na odličnoj lokaciji ID#1160
68;Opština Zvezdara , Đeram pijaca , Bulevar kralja Aleksandra;280000;2.5;4118;halooglasi;Salonac dogovor izuzetan na samom Bulevaru, retko
66;Opština Zemun , Karađorđev trg , Karađorđev trg;214900;2.5;3256;halooglasi;Karađorđev trg, 66m2,
56;Opština Zvezdara , Konjarnik , Ustanička;115000;2.0;2054;halooglasi;Konjarnik, dvosoban, 56(lođa), uknjižen ,useljiv
73;Opština Voždovac , Banjica , Bulevar oslobođenja;150000;3.0;2055;halooglasi;Voždovac, Bulevar oslobođenja 73m2 ID#1148
74;Opština Vračar , Krunski venac , Molerova;347800;3.0;4700;halooglasi;Divan salonac, Vračar, Molerova, 74m2 ID#1307
63;Opština Mladenovac , Mladenovac (mesto) , Kralja Petra Prvog br.64;81900;2.5;1300;halooglasi;Stan, Kralja Petra I 64, Mladenovac
103;Opština Vračar , Hram svetog Save , Nebojšina;425000;3.0;4126;halooglasi;Hram Svetog Save ID#1376
32;Opština Stari grad , Gundulićev venac , Budimska;90000;1.0;2812;halooglasi;Centar, Gundulićev venac,jednosoban,investicija ID
45;Opština Voždovac , Vojvode Vlahovića , Vojvodede Vlahović;90000;2.0;2000;halooglasi;Uknjižen stan Voždovac
101;Opština Vračar , Crveni krst , Grčića Milenka;210000;3.0;2079;halooglasi;Odličan stan Crveni krst, Grčića Milenka, 3.0, 101
61;Opština Zvezdara , Crveni krst , Dravska;250000;3.0;4098;halooglasi;Divan 3.0 stan na Crvenom krstu, Dravska ulica ID#
68;Opština Vračar , Hram svetog Save , Internacionalnih brigada;215000;2.5;3197;halooglasi;Idealna investicija, stan i lokal, Vračar, Hram ID
83;Opština Vračar , Kalenić pijaca , Mileševska;255000;3.0;3072;halooglasi;Vračar, Mileševska, crvene fasadne cigle, 83m2 ID#
58;Opština Vračar , Centar , Gospodara Vučića;187500;2.5;3233;halooglasi;Vračar, novogradnja, G.Vučića, 2.5 ID#1243
48;Opština Zvezdara , Crveni krst , Vojislava Ilića;177000;2.0;3688;halooglasi;Odličan stan, Vojislava Ilića, Crveni krst, 2.0 ID
54;Opština Voždovac , Šumice , Vladimira Tomanovića;132000;2.0;2444;halooglasi;Hitna prodaja, Šumice, Vladimira Tomanovića, 2.0 I
84;Opština Zvezdara , Vukov Spomenik , Ruzveltova;190000;4.0;2262;halooglasi;Odličan 4.0 stan u blizini Vukovog spomenika
83;Opština Stari grad , Bajlonijeva pijaca , Drinčićeva;245000;3.5;2952;halooglasi;Odličan salonac, Stari grad, Drinčićeva, 83 m2
42;Opština Palilula , Karaburma , Husinskih rudara;110000;1.5;2619;halooglasi;Simpatičan stan na Karaburmi, 52m2, 1.5, I sprat
50;Opština Stari grad , Skupština , Palmotićeva;179900;2.0;3598;halooglasi;Palmotićeva
50;Opština Mladenovac , Mladenovac (mesto) , Dimitrija Tucovića;75700;1.5;1531;halooglasi;Lux polunamešten stan sa podrumom u Mladenovcu
32;Opština Zemun , Altina , Ugrinovacki put 23;60000;1.0;1875;halooglasi;Prodajem stan na ulazu Altine
123;Opština Zemun , Novi grad ,;170000;4.0;1388;halooglasi;Izuzetno svetao dupleks, provizija 1.8%
149;Opština Vračar , Južni bulevar , Južni bulevar;385000;4.0;2584;halooglasi;Odličan dupleks na Vračaru, 4.0, 149m2
75;Opština Palilula , Višnjička Banja , Metalska;125000;2.0;1667;halooglasi;Dvosoban, Višnjička banja, 75m2, VPR, sa parkingom
121;Opština Rakovica , Vidikovac ,;283000;4.0;2339;halooglasi;Ekskluzivan 4.0 stan 121m2 sa gar.mestom, Vidikova
107;Opština Zvezdara , Vukov Spomenik;408526;4.0;3818;halooglasi;Extra Lux stan kod Vuk. Spomenika-bez provizije
138;Opština Voždovac , FON - Bilećka , Jove Ilića;470000;4.0;3406;halooglasi;Voždovac, Jove Ilića, 138m2
76;Opština Palilula , Botanička bašta , Poenkareova;225000;3.0;2961;halooglasi;Centar, Botanička bašta, 3.0, lux
67;Opština Palilula , Borča;93700;2.0;1399;halooglasi;Borča Centar 5 2.0
40;Opština Čukarica , Železnik;68276;2.0;1707;halooglasi;Čukarica Železnik 40m2
52;Opština Čukarica , Železnik;87457;3.0;1682;halooglasi;Čukarica Železnik 52m2
85;Opština Novi Beograd , Blok 63 , Nehruova;189000;4.0;2224;halooglasi;Blok 63 Nehruova 85m2
75;Opština Novi Beograd , YUBC , Bulevar Mihajla Pupina;315000;2.0;4200;halooglasi;Novi Beograd YUBC 75m2
90;Opština Vračar , Kalenić pijaca , Novopazarska;342000;3.0;3800;halooglasi;Kalenić, 3.0, salonac, lux
73;Opština Savski venac , Dedinje , Stjepana Filipovića;186000;3.0;2548;halooglasi;Dedinje - stan sa panoramskim pogledom
92;Opština Voždovac , Trošarina , Vojvode Stepe;207000;3.0;2250;halooglasi;Vozdovac,Vojvode Stepe
82;Opština Stari grad , Terazije , Kraljice Natalije;275000;3.5;3354;halooglasi;Terazije, Kraljice Natalije, salonac ID#1232
46;Opština Savski venac , Karađorđeva , Karađorđeva;135000;2.0;2935;halooglasi;Za totalno renoviranje
34;Opština Voždovac , Bioskop Voždovac , Kralja Vladimira;95000;1.5;2794;halooglasi;Voždovac, Kralja Vladimira
70;Opština Voždovac , Braće Jerković , Skendera Kulenovića;149000;3.0;2129;halooglasi;Voždovac Skendera Kulenovića
57;Opština Zvezdara , Mirijevo , Koste Nađa;101300;2.5;1777;halooglasi;Vrh, novo, 57m2 sa 2 spavaće, kredit
105;Opština Savski venac , Stadion Partizana , Dobropoljska;295000;3.0;2810;halooglasi;Snižena cena, nova zgrada uknjižen useljiv miran
50;Opština Zvezdara , Bulevar kralja Aleksandra , Bulevar kralja Aleksandra;125000;2.0;2500;halooglasi;2.0 stan Bulevar Kralja Aleksandra
45;Opština Rakovica , Vidikovac , Kneza Višeslava;112000;1.5;2489;halooglasi;TOP PONUDA, prizemlje,odlican za izdavanje,45m2,11
46;Opština Zemun , Gornji grad , Hercegovačka;105800;2.0;2300;halooglasi;Zemun Hercegovačaka 46 m2
110;Opština Novi Beograd , Blok 44 (TC Piramida) , Gandijeva;245000;4.5;2227;halooglasi;Blok 44 sjajan - 4 spavaće sobe preporuka dogovor
62;Opština Vračar , Kalenić pijaca , Maksima Gorkog;212000;2.0;3419;halooglasi;Vračar - Kalenić pijaca - 2.0 ID#19988
58;Opština Novi Beograd , Blok 4 (Politehnička akademija) , Pariske komune;150000;2.0;2586;halooglasi;Adaptibilan u 3.0 soban- Novi PVC prozori ID#50665
30;Opština Voždovac , Lekino brdo , Belička;116000;0.5;3867;halooglasi;Lekino brdo, Belička, 30m2 ID#54132
160;Opština Novi Beograd , YUBC , Bulevar Mihajla Pupina;580000;6.0;3625;halooglasi;Novi Beograd-YUBC, Bul.Mihaila Pupina, lux, 160m2
23;Opština Novi Beograd , Ledine , Rembrantova;34500;1.0;1500;halooglasi;Ledine, Rembrantova 23m2 - opis u tekstu oglasa
35;Opština Novi Beograd , Ledine , Rembrantova;29750;1.5;850;halooglasi;Ledine, Rembrantova 35m2 - opis u tekstu oglasa
35;Opština Novi Beograd , Ledine , Rembrantova;42000;1.5;1200;halooglasi;Ledine, Rembrantova 35m2 - opis u tekstu oglasa
35;Opština Novi Beograd , Ledine , Rembrantova;49000;1.5;1400;halooglasi;Ledine, Rembrantova 35m2 - opis u tekstu oglasa
183;Opština Zvezdara , Zvezdarska šuma , Veljka Dugoševića;450000;4.0;2459;halooglasi;Zvezdarska šuma, Veljka Dugoševića, 183m2 ID#53443
68;Opština Stari grad , Dorćol , Dunavski kej;240000;2.0;3529;halooglasi;Donji Dorćol, 68m2, V, cg
250;Opština Savski venac , Beograđanka , Dobrinjska;800000;6.0;3200;halooglasi;Centar-Dobrinjska, 250m2, pr,cg
122;Opština Stari grad , Skadarlija , Džordža Vašingtona;366000;6.0;3000;halooglasi;Skadarlija, 122m2, VI, cg
89;Opština Novi Beograd , Sava centar , Vladimira Popovića;229000;3.5;2573;halooglasi;Sava centar - Vladimira Popovića, 89m2
26;Opština Zemun , Centar , Vrtlarska;64998;0.5;2500;halooglasi;Zemunski park - Vrtlarska
134;Opština Savski venac , Dedinje , Krupanjska;450000;4.0;3358;halooglasi;Izvanredna lokacija - četvorosoban- do petosoban s
59;Opština Voždovac , Vojvode Stepe , Vojvode Stepe;135700;2.5;2300;halooglasi;Vojvode Stepe
44;Opština Rakovica , Centar , Janković Stojana;74000;1.0;1682;halooglasi;Rakovica - Janković Stojana ID#1674
95;Opština Čukarica , Čukarička padina , Obalskih radnika;249000;3.5;2621;halooglasi;Obalskih radnika, 3.5, 95m2, cg, IV/7, uknj.
20;Opština Rakovica , Miljakovac , Stevana Opačića;44000;0.5;2200;halooglasi;Beograd, Miljakovac, Stan, 0.5, 20m2
126;Opština Čukarica , Filmski grad , Kneza Višeslava;339000;3.5;2701;halooglasi;4.0, Direktna prodaja, Kneza Viseslava, 125,5m2, N
32;Opština Vračar , Slavija , Kneginje Zorke;125000;1.0;3906;halooglasi;Slavija, Kneginje Zorke, 1.0, 32m2, vpr/4, EG
139;Opština Novi Beograd , Bežanijska kosa 1 , Danila Lekića Španca;344990;4.0;2482;halooglasi;Bežanijka kosa 1 Danila Lekića Španca  uknjkižen
57;Opština Zvezdara , Mirijevo , Mirijevski bulevar;125000;2.0;2193;halooglasi;Dvostran stan sa otvorenim pogledom
36;Opština Zemun , Centar , Hercegovačka;84600;1.5;2350;halooglasi;Stan za prodaju, novogradnja, Zemun,36 m2 ID 1893
120;Opština Stari grad , Knez Mihailova ,;700000;3.0;5833;halooglasi;Stan za prodaju Knez Mihailova 120 m2 ID 1851
95;Opština Palilula , Botanička bašta ,;380000;3.0;4000;halooglasi;Stan za prodaju kod Botaničke bašte, 95m2, ID 1855
111;Opština Vračar , Hram svetog Save ,;462000;3.0;4181;halooglasi;Stan za prodaju sa garažnim mestom, Hram 110,5 m2,
110;Opština Zemun , Donji grad ,;400000;4.0;3636;halooglasi;Stan za prodaju, Zemun, 110 m2, ID1870
94;Opština Zemun , Donji grad ,;380000;4.0;4043;halooglasi;Stan za prodaju, Zemun, 94 m2, ID1869
87;Opština Novi Beograd , Blok 45 (TC Enjub) ,;280000;3.5;3218;halooglasi;Stan za prodaju sa garažom, Savski kej 87m2 ID 183
48;Opština Vračar , Južni bulevar , Riječka;148800;2.0;3100;halooglasi;Odlična lokacija, uknjižen
56;Opština Voždovac , Šumice , Splitska;142000;2.0;2536;halooglasi;Šumice, idealna lokacija ID#6888
42;Opština Zemun , Donji grad , Bosanska;125000;2.0;2976;halooglasi;Zemun-Bosanska-uknjižen,42m2+15m2 galerija+terasa
101;Opština Rakovica , Kneževac , Gočka;205000;4.0;2030;halooglasi;Gočka, Kneževac, Rakovica ID#1764
77;Opština Voždovac , Ustanička , Šamačka;170000;3.0;2208;halooglasi;KONJARNIK ul Šamaška  77m 3,0 II  uknjižen useljiv
59;Opština Čukarica , Banovo brdo , Nikolaja Gogolja;122900;2.5;2083;halooglasi;Banovo brdo - Nikolaja Gogolja, 59m2 + terasa
120;Opština Vračar , Hram svetog Save , Nikolaja Hartviga;541350;4.0;4511;halooglasi;Hram Svetog Save, Nikolaja Hartviga – u novogradnj
65;Opština Vračar , Hram svetog Save , Nikolaja Hartviga;293490;2.0;4515;halooglasi;Hram Svetog Save, Nikolaja Hartviga – u novogradnj
67;Opština Voždovac , Autokomanda , Generala Anrija;257000;3.0;3836;halooglasi;Generala Anrija – Voždovac ID#39343
130;Opština Savski venac , Centar , Birčaninova;425000;6.0;3269;halooglasi;Birčaninova, Mali Pariz ID#41698
54;Opština Čukarica , Banovo brdo , Zrmanjska;193000;2.0;3574;halooglasi;Zrmanjska, Ada Mall ID#40878
69;Opština Voždovac , Braće Jerković , Braće Jerković;149000;2.0;2159;halooglasi;Braće Jerković ID#42344
104;Opština Novi Beograd , Blok 45 (TC Enjub) , Nehruova;285000;4.0;2740;halooglasi;Nehruova, blok 45 ID#42406
139;Opština Zvezdara , Dimitrija Tucovića , Mraovića sokače;365000;4.0;2626;halooglasi;Komforan stan, odlična lokacija
102;Opština Vračar , Beogradska ,;395000;3.0;3873;halooglasi;Lux stan na Vračaru
28;Opština Zvezdara , Bulbulder , Dimitrija Tucovića;110000;0.5;3929;halooglasi;Dimitrija Tucovića, Centar, Zvezdara ID#2107
56;Opština Voždovac , Šumice , Ustanička;147000;2.5;2625;halooglasi;Ustanička, Šumice, Voždovac ID#2106
61;Opština Voždovac , Dušanovac , Ustanička;179990;2.5;2951;halooglasi;Ustanička, Dušanovac, Voždovac ID#2105
67;Opština Voždovac , Konjarnik ,;150000;2.0;2239;halooglasi;Dvosoban stan kod hotela Srbija
62;Opština Voždovac , Braće Jerković , Milovana Vidakovića;130000;3.0;2097;halooglasi;Voždovac, Braće Jerković-Milovana Vidakovića
52;Opština Zemun , Zemun polje , Anke Matić;69900;2.0;1344;halooglasi;Zemun Polje
46;Opština Voždovac , Braće Jerković , Braće Jerković;129000;2.0;2804;halooglasi;Voždovac - Braće Jerković 46kvm
33;Opština Palilula , Višnjička Banja , Mirka Milojkovića;80000;1.5;2424;halooglasi;Sunnyville, novogradnja 33m2 ID#7439
86;Opština Novi Beograd , Blok 33 , Bulevar Arsenija Čarnojevića;220000;4.0;2558;halooglasi;Stan 86m2, Bulevar Arsenija  Čarnojevića
54;Opština Novi Beograd , Blok 63 , Jurija Gagarina;230000;3.0;4317;halooglasi;Jurija Gagarina, Blok 63, Novi Beogard ID#2268
58;Opština Zemun , Zemun polje , Burgerovih;87000;2.0;1500;halooglasi;Stan 58kvm,uknjižen
43;Opština Vračar , Južni bulevar , Mlade Bosne;165000;2.0;3837;halooglasi;Vračar, Mlade Bosne, sređen (ID: 1010) ID#1010
75;Opština Zemun , Karađorđev trg , Karađorđev trg;189000;3.0;2520;halooglasi;Zemun Kej- Karađorđev trg
55;Opština Rakovica , Miljakovac , Nikole Marakovića;105500;1.5;1918;halooglasi;Miljakovac, Nikole Marakovića, 55m2 ID#7556
111;Opština Savski venac , Beograd na vodi , Bulevar Vudroa Vilsona;510000;4.0;4595;halooglasi;BW-LIBERA, Luke Čelovića Trebinjca, 4.0, 111m2
75;Opština Stari grad , Kalemegdan , Pjarona de Mondezira;250000;2.5;3333;halooglasi;Stan za preporuku na Starom gradu
75;Opština Čukarica , Cerak , Petefijeva;119000;3.0;1587;halooglasi;Stan za preporuku na Ceraku
37;Opština Vračar , Crveni krst , Sredačka;130000;1.0;3514;halooglasi;Sredačka, Crveni krst, Vračar ID#2104
65;Opština Zemun , Altina , Aleksandra Petrovića;124000;3.0;1908;halooglasi;Altina, Aleksandra Petrovića, 65m2, 3.0 ID#2464
46;Opština Palilula , Karaburma , Drenovačka;89000;2.0;1935;halooglasi;Karaburma, Drenovačka, 2.0, 46m2, 7/11, CG
59;Opština Zvezdara , Mirijevo , Nine Kirsanove;111891;3.0;1900;halooglasi;Odličan 3.0 stan - Mirijevo ID#3193
85;Opština Rakovica , Vidikovac , Vidikovački Venac;150000;3.0;1765;halooglasi;Vidikovački Venac Vidikovac Rakovica Beograd Sr...
53;Opština Čukarica , Banovo brdo , Požeška;123500;3.0;2330;halooglasi;Banovo Brdo - Požeška - trosoban stan
55;Opština Zvezdara , Gradska bolnica , Vojvode Sime Popovića;120000;2.5;2182;halooglasi;Zvezdara, Gradska bolnica, stan 55m2+T
76;Opština Novi Beograd , Tošin bunar , Tošin bunar;281200;3.0;3700;halooglasi;Novi Beograd, Tosin bunar, New Minel
54;Opština Zvezdara , Cvetanova ćuprija , Cvetanova ćuprija;81000;2.5;1500;halooglasi;Stan Cvetanova ćuprija 54 m2
58;Opština Čukarica , Cerak , Ratka Mitrovića;99000;2.0;1707;halooglasi;Cerak, 2.0
58;Opština Zemun , Gornji grad , Kumanovska;209900;3.0;3619;halooglasi;Kumanovska, Gornji grad, Zemun ID#1373
26;Opština Voždovac , Lekino brdo , Kolašinska;85000;0.5;3269;halooglasi;Voždovac, Lekino brdo - Kolašinska
55;Opština Čukarica , Banovo brdo , Bogoljuba Čukića;125000;2.0;2273;halooglasi;Čukarica, Banovo brdo - Bogoljuba Čukića
94;Opština Palilula , Hadžipopovac , Preradovićeva;230000;4.0;2447;halooglasi;Palilula, Hadžipopovac - Preradovićeva
60;Opština Čukarica , Banovo brdo , Karpoševa;174900;3.0;2915;halooglasi;Novogradnja Čukarica 60m2 ID#4884
47;Opština Palilula , Višnjička Banja , Slanački Put;115500;2.0;2457;halooglasi;Sunnyville, lux gradnja ID#5856
81;Opština Zvezdara , Mirijevo , Aleksandra Belića;166000;3.5;2049;halooglasi;Mirijevo, Aleksandra Belića, uknjižen ID#6044
100;Opština Novi Beograd , Blok 63 , Jurija Gagarina;459000;4.0;4590;halooglasi;Novi Beograd, Petica, lux 101m2 ID#5584
67;Opština Zvezdara , Vukov Spomenik , Dimitrija Tucovića;235000;3.0;3507;halooglasi;Vukov spomenik, Dimitrija Tucovica, 3.0, 67 m2 (T)
85;Opština Zvezdara , Mirijevo , Ljubiše Miodragovića;96000;3.0;1129;halooglasi;Top, Mirijevo, 85m2, 3 sobe, terasa,
74;Opština Palilula , Borča , Bratstva i jedinstva;105000;3.0;1419;halooglasi;Borča 3, renoviran, galerija 30m2, ID 21969
96;Opština Novi Beograd , Blok 67a (A blok) , Jurija Gagarina;395000;3.0;4115;halooglasi;Retko u ponudi. A blok - stan sa baštom, ID 20950
96;Opština Novi Beograd , Blok 19a , Vladimira Popovića;375000;3.0;3906;halooglasi;Blok 19a, renoviran, komforan, ID 20780
48;Opština Zemun , Batajnica , Marka Peričina Kamenjara;62400;2.0;1300;halooglasi;Batajnica - Marka Peričina Kamenjara
52;Opština Zvezdara , Kluz , Živka Davidovića;119000;1.5;2288;halooglasi;Zvezdara, Kluz - Živka Davidovića
51;Opština Vračar , Neimar , Južni bulevar;145000;2.0;2843;halooglasi;Vračar, Neimar - Južni bulevar
177;Opština Vračar , Hram svetog Save , Bulevar oslobođenja;796500;5.0;4500;halooglasi;Vračar, Hram Svetog Save - Bulevar oslobođenja
153;Opština Vračar , Hram svetog Save , Stojana Protića;625920;4.0;4091;halooglasi;Vračar, Hram Svetog Save - Stojana Protića
68;Opština Palilula , Hadžipopovac , Zdravka Čelara;207000;3.0;3044;halooglasi;Palilula, Hadžipopovac - Zdravka Čelara
86;Opština Savski venac , Stadion Partizana , Surdulička;240800;3.0;2800;halooglasi;Savski venac, Topčidersko brdo - Surdulička
48;Opština Palilula , Karaburma , Uralska;97000;2.0;2021;halooglasi;Karaburma - Uralska 48+2 (T)
68;Opština Vračar , Hram svetog Save , Svetog Save;237000;3.0;3485;halooglasi;Salonac, plato Hrama, ulica Svetog Save, 3.0, 68m2
34;Opština Zvezdara , Vukov Spomenik , Dalmatinska;130000;1.5;3824;halooglasi;Vukov spomenik, Dalmatinska, 1.5, renoviran ID#118
45;Opština Voždovac , Šumice , Ustanička;179000;2.0;4025;halooglasi;Luksuzno opremljen, idealan 2.0 penthaus, Šumice I
64;Opština Surčin , Ledine , Višegradska;129990;2.5;2050;halooglasi;Ledine- novogradnja kod hrama Sv.Mateja ID#1780
49;Opština Zemun , Centar , Kneza Pavla Karađorđevića;162000;2.5;3306;halooglasi;Beograd, Centar, Stan, 2.5, 49m2
108;Opština Zvezdara , Crveni krst , Pop Stojanova;180000;3.0;1667;halooglasi;Crveni krst, Pop Stojanova, 3.0, 108 m2
51;Opština Palilula , Botanička bašta , Bulevar despota Stefana;139000;3.0;2725;halooglasi;Botanicka basta, Bulevar despota Stefana
64;Opština Vračar , Hram svetog Save , Internacionalnih brigada;298000;2.0;4656;halooglasi;Hram, Internacionalnih brigada, 2.0, 64 m2
136;Opština Voždovac , Autokomanda , Vojvode Stepe;450000;2.0;3309;halooglasi;Autokomanda, Vojvode Stepe
120;Opština Novi Beograd , Stari Merkator , Bulevar maršala Tolbuhina;375000;6.0;3125;halooglasi;Hotel YU - Bulevar maršala Tolbuhina
52;Opština Zvezdara , Đeram pijaca , Đevđelijska;200000;2.0;3846;halooglasi;Đeram-Đevđelijska-Novogradnja-Parking
72;Opština Zvezdara , Mirijevo , Petrarkina;158400;3.0;2200;halooglasi;Petrarkina, renoviran, trosoban
55;Opština Voždovac , Medaković 3 , Braće Srnić;134000;2.0;2436;halooglasi;Medaković III, 55m2, VI, cg
57;Opština Palilula , Karaburma , Pera Ćetkovića;98500;2.0;1728;halooglasi;Karaburma,dvosoban,57+8kvm lodje
82;Opština Stari grad , Skadarlija ,;369000;3.0;4500;halooglasi;82m2 – Skadarlija, Dorćol, Stari grad, Beograd
126;Opština Stari grad , Dorćol ,;441000;4.0;3500;halooglasi;126m2 – Kapetan Mišina, Dorćol, Beograd
112;Opština Stari grad , Dorćol ,;400000;3.0;3571;halooglasi;112m2 – Budimska, Dorćol, Beograd
61;Opština Novi Beograd , Tošin bunar ,;190700;2.0;3126;halooglasi;61m2, New Minel – Faza Ii, Tosin Bunar, Beograd
67;Opština Novi Beograd , Tošin bunar ,;207855;3.0;3102;halooglasi;67m2, New Minel – Faza Ii, Tosin Bunar, Beograd
55;Opština Palilula , Karaburma , Pere Ćetkovića;107000;2.0;1945;halooglasi;Karaburma-P.Ćetkovića, 55m2, II, eg, odličan
38;Opština Voždovac , Naselje Stepa Stepanović , Šumadijske divizije;112500;1.0;2961;halooglasi;Stepa Stepanović, 38m2, VII, cg, namešten
142;Opština Voždovac , Medaković padina ,;145000;4.0;1021;halooglasi;Medaković - Padina - uknjižen sredjen  stan ID#296
53;Opština Barajevo , Gaj , Barajevska;52000;2.0;981;halooglasi;Barajevo, Gaj, bela fas cigla, uknj, cg ..
73;Opština Vračar , Južni bulevar , Sime Igumanova;190000;3.0;2603;halooglasi;Vračar, 3.0 , izvorno stanje ID#6886
83;Opština Voždovac , Medaković 1 , Medakovićeva;102000;4.0;1229;halooglasi;Medakovićeva, porodičan stan sa 3 spavaće sobe
87;Opština Novi Beograd , Blok 63 ,;195000;6.0;2241;halooglasi;ID#47051, Prodaja, Stan, Blok 63, 87 m2
23;Opština Čukarica , Banovo brdo , Kijevska;64900;0.5;2822;halooglasi;Banovo brdo - Kijevska ID#4369
60;Opština Barajevo , Barajevo (mesto) , 20. oktobra;57000;2.0;950;halooglasi;Barajevo, Naselje Gaj, 20. oktobra, 60m2
107;Opština Vračar , Hram svetog Save , Katanićeva;550000;4.5;5140;halooglasi;Vračar-Hram, Katanićeva 107m2, toplotne pumpe, LUX
64;Opština Zvezdara , Vukov Spomenik , Zahumska;280000;2.0;4375;halooglasi;Vukov spomenik, Zahumska, 64m2 namešten, parking I
27;Opština Zvezdara , Cvetkova pijaca , Milana Rakića;125000;0.5;4630;halooglasi;Odlična garsonjera u novijoj zgradi ID#7554
70;Opština Voždovac , FON - Bilećka , Jove Ilića;270000;2.5;3857;halooglasi;Voždovac, izuzetna lokacija ID#7549
27;Opština Novi Beograd , Blok 19a , Milentija Popovića;80000;1.0;2963;halooglasi;Milentija Popovića, Blok 19A, Novi Beograd ID#1967
65;Opština Stari grad , Dorćol , Kapetan Mišina;199900;3.0;3075;halooglasi;Dorćol, Kapetan Mišina, 3,0,65m2, T
146;Opština Savski venac , Ekonomski fakultet , Gavrila Principa;515000;3.0;3527;halooglasi;Stan Gavrila Principa_146m2
64;Opština Novi Beograd , Blok 21 , Bul Zorana Đinđića;240000;2.5;3750;halooglasi;Hyatt, namešten, useljiv, pogodan za dnevno izdav
66;Opština Voždovac , Vojvode Stepe , Kostolačka;135000;3.0;2045;halooglasi;Voždovac - Kostolačka ID#1663
20;Opština Rakovica , Miljakovac , Stevana Opačića;44000;0.5;2200;halooglasi;Miljakovac, Stevana Opačića, 20m2, 0.5 ID#2465
75;Opština Voždovac , Banjica , Bulevar oslobođenja;150000;3.0;2000;halooglasi;Banjica, Bulevar oslobođenja, 75m2, 3.0 ID#2463
55;Opština Zemun , Altina , Aleksandra Petrovića;105000;3.0;1909;halooglasi;Altina, Aleksandra Petrovića, 55m2, 3.0 ID#2461
27;Opština Zvezdara , Mirijevo , Radmile Savićević;56990;0.5;2111;halooglasi;Uknjižena garsonjera, Mirijevo, 27m2+ 11m2 T ID#21
93;Opština Palilula , Botanička bašta , Bulevar Despota Stefana;316200;4.0;3400;halooglasi;Botanička bašta, novogradnja 93m2, Pdv
20;Opština Rakovica , Miljakovac , Stevana Opačića;43000;0.5;2150;halooglasi;Uknjižena garsonjera na Miljakovcu ID#3409
99;Opština Rakovica , Miljakovac , Stevana Opačića;142000;3.5;1434;halooglasi;Komforan 3.5 stan - 1434 eur/m2 ID#3407
42;Opština Rakovica , Miljakovac , Nikole Marakovića;95000;1.5;2262;halooglasi;Uknjižen stan na Miljakovcu ID#3406
116;Opština Stari grad , Centar , Hilandarska;360000;4.0;3103;halooglasi;Centar, Hilandarska, 116m2+10m2T, 4.0 ID#2469
72;Opština Zvezdara , Mirijevo , Petrarkina;158400;3.0;2200;halooglasi;Mirijevo, Petrarkina, 72m2, 3.0 ID#2466
93;Opština Vračar , Crveni krst , Metohijska;219900;4.0;2365;halooglasi;Vračar-Crveni Krst-4.0-Uknjižen ID#2514
107;Opština Novi Beograd , Blok 70a , Omladinskih brigada;220000;3.0;2056;halooglasi;Blok70A,Omladinskih brigada,107m2,adaptiblan u 3.5
55;Opština Palilula , Karaburma , Dr. Đorđa Joanovića;120000;2.0;2182;halooglasi;Karaburma,  Dr. Đorđa  Joanovića, 55m2
70;Opština Savski venac , Beograd na vodi ,;427888;2.0;6114;halooglasi;Bw Perla - stan od 70m2, bez provizije
100;Opština Rakovica , Labudovo brdo , 11. krajiške divizije;190000;3.5;1900;halooglasi;Labudovo brdo, 100m2, II, cg,
221;Opština Vračar , Kalenić pijaca , Ljubostinjska;620000;6.0;2805;halooglasi;Kalenić pijaca, 221, III, cg
143;Opština Zemun , Batajnica , Braće Mihajlović Tripić;220000;4.5;1538;halooglasi;Batajnica, 143m2, pr+I+ptk, cg,
92;Opština Novi Beograd , Bežanijska kosa 3 , Magelanova;249563;3.0;2713;halooglasi;Kosa kvart, 92m2, pr, novogradnja
73;Opština Stari grad , Terazije , Dobrinjska;230000;2.0;3151;halooglasi;Centar-Dobrinjska, 73m2, III, cg
23;Opština Stari grad , Knez Mihailova , Cara Lazara;118000;1.0;5130;halooglasi;Pešačka zona, Cara Lazara, 23m2+16m2 ID#6887
41;Opština Novi Beograd , Fontana , Studentska;125000;1.0;3049;halooglasi;Fontana, Studentska, 41m2, 1.5 ID#2397
112;Opština Novi Beograd , Blok 65 , Omladinskih brigada;515200;3.0;4600;halooglasi;West 65 Kula, perfektna novogradnja ID#6523
73;Opština Zvezdara , Zvezdarska šuma , Kladovska;202000;3.0;2767;halooglasi;Na odličnoj lokaciji, novogradnja, mereno 75m2 ID#
57;Opština Voždovac , Vojvode Vlahovića ,;110000;4.0;1930;halooglasi;Vojvode Vlahovića, nov duplex sa parking mestom ID
39;Opština Zvezdara , Mirijevo , Mihaila Bulgakova;73000;1.5;1872;halooglasi;Mirijevo, Mihaila Bulgakova, 39m2+12m2 ID#52333
66;Opština Novi Beograd , Blok 70 (kineski tržni centar) , Omladinskih brigada;156000;2.0;2364;halooglasi;Blok 70, 66m2, IV, cg
115;Opština Čukarica , Banovo brdo , Požeška;380655;4.0;3310;halooglasi;Banovo brdo - Požeška ID#4027
80;Opština Čukarica , Banovo brdo , Požeška;283874;3.0;3548;halooglasi;Banovo brdo - Požeška ID#4026
67;Opština Čukarica , Banovo brdo , Požeška;238788;2.0;3564;halooglasi;Banovo brdo - Pozeska ID#4025
45;Opština Voždovac , Braće Jerković , Vitanovačka;99000;1.0;2200;halooglasi;Voždovac, Braće Jerković - Vitanovačka, 45m2
72;Opština Voždovac , Medaković 2 , Radovana Simića Cige;133000;3.0;1847;halooglasi;Medaković II, Radovana Simića Cige, 72m2, 3.0 ID#2
57;Opština Zvezdara , Cvetkova pijaca , Donska;169000;2.5;2965;halooglasi;Cvetkova pijaca - Donska ID#1564
71;Opština Voždovac , Braće Jerković , Milovana Vidakovića;110000;4.0;1549;halooglasi;Voždovac, Vojvode Vlahovića, Milovana Vidakovića,
64;Opština Zemun , Galenika , Emilije Jakšić;120000;2.0;1875;halooglasi;Emilije Jakšić, Nova Galenika, Zemun ID#1093
40;Opština Čukarica , Banovo brdo;123200;1.5;3080;halooglasi;Novogradnja Banovo brdo ID#1757
38;Opština Zemun , Save Kovačevića , Mića Radakovića;109000;1.5;2868;halooglasi;Zemun-M.Radakovića, 38m2, V, cg, hitna prodaja
67;Opština Voždovac , Banjica , Save Maškovića;260000;3.0;3881;halooglasi;Banjica, 67m2, IV, cg, novo
83;Opština Vračar , Kalenić pijaca , Mileševska;255000;3.0;3072;halooglasi;Kalenić pijaca, 83m2, V, cg
75;Opština Novi Beograd , Blok 63 , Nehruova;165000;3.5;2200;halooglasi;Nehruova Blok 63 Novi Beograd Beograd Srbija
156;Opština Savski venac , Beograd na vodi ,;945888;3.0;6074;halooglasi;Bw Riviera - stan od 156m2, bez provizije
92;Opština Novi Beograd , Bežanijska kosa 1 ,;250000;3.5;2717;halooglasi;Novi Beograd - Bežanijska Kosa
67;Opština Novi Beograd , Hotel Jugoslavija , Aleksinačkih rudara;209990;2.0;3134;halooglasi;Aleksinačkih rudara, Hotel Yu, Novi Beograd ID#175
78;Opština Novi Beograd , Bežanijska kosa 2 , Ismeta Mujezinovića;171600;3.5;2200;halooglasi;Lep duplex na Bežanijskoj kosi ID#2120
85;Opština Voždovac , Lekino brdo , Bačvanska;249000;4.0;2929;halooglasi;Luksuzan 4.0 Bačvanska, 85m2 + terase, useljiv, uk
76;Opština Voždovac , Medaković 3 , Braće Srnić;145000;3.5;1908;halooglasi;Medaković 3 -odličan stan  76m2 + 14m2 ID#3117
60;Opština Čukarica , Banovo brdo;188100;2.5;3135;halooglasi;Novogradnja Banovo brdo ID#1754
60;Opština Čukarica , Banovo brdo;188100;2.5;3135;halooglasi;Novogradnja Banovo brdo ID#1752
77;Opština Zvezdara , Učiteljsko naselje , Zivka Davidovica;204050;2.5;2650;halooglasi;Prodaja, stan, Zivka Davidovica, 77m2, Id733
283;Opština Vračar , Hram svetog Save , Patrijarha Varnave;1130000;6.0;3993;halooglasi;Duplex-penthaus,Patrijarha Varnave, 283m2+2PM ID#1
135;Opština Savski venac , Dedinje , Miloja Đaka;375000;4.0;2778;halooglasi;Savski venac, Beli dvor - Miloja Đaka, 135m2
88;Opština Stari grad , Centar , Balkanska;245000;4.0;2784;halooglasi;Stari grad, Centar - Balkanska, 88m2
61;Opština Zvezdara , Mirijevo , Pupinova;72500;3.0;1189;halooglasi;Zvezdara, Mirijevo - Pupinova, 61m2
73;Opština Voždovac , Voždovačka crkva , Vojvode Stepe;204400;3.0;2800;halooglasi;Voždovac, Voždovačka crkva, Vojvode Stepe, 3.0, 73
60;Opština Vračar , Neimar , Gospodara Vučića;299000;2.0;4983;halooglasi;Vračar, Neimar, Gospodara Vučića, 2.0, 60m2
87;Opština Palilula , Bulevar despota Stefana , Bulevar despota Stefana;230000;4.0;2644;halooglasi;Cvijićeva-Bulevar despota Stefana
52;Opština Obrenovac , Obrenovac (mesto) , Topolice;80080;2.0;1540;halooglasi;Stan u izgradnji 52m2 u Obrenovcu
88;Opština Čukarica , Cerak , Petefijeva;155000;4.0;1761;halooglasi;Cerak, 88m2
113;Opština Stari grad , Terazije;345000;4.0;3053;halooglasi;Strogi centar, Terazije, 4.o, 5/6
43;Opština Voždovac , Braće Jerković , Braće Jerković;107000;2.0;2488;halooglasi;Brace Jerkovic,Vozdovac. Brace Jerkovic
44;Opština Zemun , Save Kovačevića , Bosanska;110000;2.0;2500;halooglasi;Zemun,Bosanska, 2.0,  44M2+ter, uknjizen
66;Opština Savski venac , Palata pravde , Durmitorska;228000;2.0;3455;halooglasi;"Preko puta ""Beograda na vodi"", namešten, luksuzan"
39;Opština Zvezdara , Bulbulder , Dimitrija Tucovića;143500;2.0;3679;halooglasi;Zvezdara, Bulbuder- Dimitrija Tucovića 39m2+21m2 T
73;Opština Novi Beograd , Blok 70 (kineski tržni centar) , Gandijeva;213500;2.0;2925;halooglasi;Novi Beograd, Blok 70 - Gandijeva 73m2
186;Opština Vračar , Hram svetog Save , Dubljanska;632000;4.0;3398;halooglasi;Vračar, Hram Svetog Save - Dubljanska 186m2
126;Opština Voždovac , Autokomanda , Vojvode Đurovića;340000;5.0;2698;halooglasi;Voždovac, Autokomanda - Vojvode Đurovića 126m2
66;Opština Vračar , Kalenić pijaca , Njegoševa;285000;2.0;4318;halooglasi;Vračar,  Kalenić pijaca - Njegoševa 66m2+6m2
33;Opština Vračar , Kalenić pijaca , Hadži Prodanova;135000;1.0;4091;halooglasi;Vračar, Kalenić - Hadži Prodanova
54;Opština Voždovac , Vitanovačka , Miloša Svetića;236000;2.0;4370;halooglasi;LUX Stan, FULL - Sunset + Garage 54m2 Nov
89;Opština Novi Beograd , Dr Ivana Ribara , Dr Ivana Ribara;179000;3.5;2011;halooglasi;Dr Ivana Ribara, blok 72, odličan porodični stan
96;Opština Vračar , Centar , Kneza Miloša;285000;6.0;2969;halooglasi;Vračar, Kneza Miloša, 96m2 ID#54862
34;Opština Voždovac , Lekino brdo , Miklošićeva;59000;1.5;1735;halooglasi;Beograd, Lekino brdo, Stan, 1.5, 34m2
74;Opština Mladenovac , Mladenovac (mesto) , Strahinjića Bana;74000;3.0;1000;halooglasi;Mladenovac, Strahinjića Bana, 74m2, uknjižen, reno
67;Opština Voždovac , Trošarina , Save Maškovića;225000;2.5;3358;halooglasi;NOV stan Voždovac uz Bulevar oslobođenja saGARAŽOM
74;Opština Savski venac , Dedinje , Mihaila Avramovića;249000;3.0;3365;halooglasi;Mihajla Avramovica 74m2
48;Opština Savski venac , Klinički centar , Durmitorska;129000;1.5;2688;halooglasi;Durmitorska, investicija, 48m2, 1.5
35;Opština Zemun , Altina , Pavla Vuisića;67000;1.5;1914;halooglasi;Zemun, Altina, novogradnja, 1,5 soban
100;Opština Zvezdara , Bulbulder , Dragiše Lapčevića;380000;3.0;3816;halooglasi;Lux novogradnja u blizini Zvezdarske šume, komplet
96;Opština Zemun , Altina , Predraga Lakovića;168000;3.0;1750;halooglasi;Altina, trosoban uknjižen stan sa parkingom
87;Opština Zvezdara , Bulbulder , Veljka Dugoševića;168000;2.0;1931;halooglasi;Zvezdara,V.Dugoševića 52m2+35m2 terase
32;Opština Zemun , Zemun polje , Akrobate Aleksića;59000;0.5;1844;halooglasi;Zemun polje, garsonjera  sa terasom
32;Opština Savski venac , Beograd na vodi , Bulevar Vudroa Vilsona;174888;0.5;5465;halooglasi;BW Nika, pogled na Apollo kompleks ID#3163
60;Opština Zvezdara , Cvetkova pijaca , Olge Jovanović;153000;2.0;2550;halooglasi;Zvezdara Olge Jovanovic 2 uknjize 60(L) 1/5 eg nov
37;Opština Surčin , Boljevci , Ulica mira;53500;1.5;1446;halooglasi;Boljevci, 37m2, 1.5, nov, uknjižen, parking mesto
66;Opština Palilula , Kotež , Veletinska;96000;2.5;1455;halooglasi;Kotež, odličan 2.5,novije PTK,IV/4,66m2,terasa
69;Opština Voždovac , Lekino brdo , Tetovska;313000;3.0;4596;halooglasi;Tetovska, Lekino brdo, Voždovac ID#2267
110;Opština Čukarica , Banovo brdo , Požeška;259000;4.0;2355;halooglasi;Retko u ponudi - Banovo brdo, Pozeska, 4.0, 110 m2
66;Opština Grocka , Vinča , Krajinska;63000;2.0;955;halooglasi;Prodaja stanova, Vinča
41;Opština Savski venac , Dedinje , Borivoja Drobnjakovića;158000;1.0;3854;halooglasi;Savski venac - Dedinje
81;Opština Voždovac , Braće Jerković , Dragice Končar;168000;3.5;2074;halooglasi;Voždovac - Braće Jerković
158;Opština Čukarica , Banovo brdo ,;399000;6.0;2525;halooglasi;Predivan stan za prodaju na Banovom Brdu
110;Opština Savski venac , Beograd na vodi ,;749900;4.0;6856;halooglasi;Luksuzan stan za prodaju u Beogradu na vodi
82;Opština Vračar , Čubura , Celjska;307500;4.0;3750;halooglasi;Četvorosoban stan u novoj zgradi na Vračaru
60;Opština Zemun , Galenika , Jovana Stojsavljevića;126000;3.0;2100;halooglasi;Galenika, Jovana Stojsavljevića, adaptiran stan
56;Opština Zvezdara , Konjarnik , Olge Alkalaj;119000;2.0;2125;halooglasi;Konjarnik, Olge Alkalaj
65;Opština Vračar , Hram svetog Save , Katanićeva;195000;2.0;3000;halooglasi;Katanićeva, Vračar, Hram
36;Opština Voždovac , Lekino brdo , Vojvode Prijezde;122500;1.5;3403;halooglasi;Lekino Brdo 1,5 uknjižen sa velikom terasom 43m2 I
62;Opština Voždovac , Lekino brdo , Gospodara Vučića;150000;2.5;2419;halooglasi;Gospodara Vučića uknjižen duplex ID#1326
85;Opština Novi Beograd , Dr Ivana Ribara , Dr Ivana Ribara;188000;2.5;2212;halooglasi;Blok 71,Dr I.Ribara,do Save,85m2,lođa,2 m.čvora
88;Opština Novi Beograd , Blok 45 (TC Enjub) , Jurija Gagarina;205000;3.0;2330;halooglasi;Blok 45,kod škole,2.5,88m2,lođa,10/11,useljiv
60;Opština Zemun , Batajnica , Svetog Serafima Sarovskog;105000;2.0;1750;halooglasi;Batajnica,fas.cigla,2.0,60m2,lođa,3/4,cg,t.voda
50;Opština Zvezdara , Bulevar kralja Aleksandra , Bulevar kralja Aleksandra;119900;1.0;2398;halooglasi;Bulevar kralja Aleksandra
37;Opština Vračar , Bulevar kralja Aleksandra , Sredačka;130000;1.5;3514;halooglasi;Vukov spomenik, odličan
59;Opština Palilula , Kotež , Studenička;77000;2.0;1305;halooglasi;Kotež
45;Opština Novi Beograd , Blok 72 , Dr Ivana Ribara;123000;1.5;2733;halooglasi;Blok 72, Dr Ivana Ribara
54;Opština Čukarica , Sremčica , Dvoržakova;70000;2.0;1296;halooglasi;Čukarica, Sremčica - Dvoržakova
39;Opština Zvezdara , Zvezdarska šuma , Ledinačka;119000;1.5;3051;halooglasi;Zvezdarska suma, Ledinacka, 1.5, 39 m2
54;Opština Novi Beograd , Ledine , Vojvođanska;105027;2.5;1950;halooglasi;"Novi Blok ,,Ledine"""
76;Opština Novi Beograd , Ledine , Vojvođanska;143773;3.5;1900;halooglasi;"Novi blok ,,LEDINE"""
65;Opština Novi Beograd , Blok 65 , Bulevar heroja sa Košara;220000;2.0;3385;halooglasi;Nov, Elixir garden, 65m2.2 sobe,2 terase, garaža
93;Opština Voždovac , Saobraćajni fakultet , Generala Rašića;390000;4.0;4194;halooglasi;Voždovac, Saobraćajni fakultet - Generala Rašića
61;Opština Zvezdara , Crveni krst , Dravska;250000;3.0;4098;halooglasi;Zvezdara, Crveni krst - Dravska
66;Opština Savski venac , Beograd na vodi , Hercegovačka;242888;2.5;3732;halooglasi;BW Nova 65.08m2 ID#10264
48;Opština Savski venac , Beograd na vodi , Hercegovačka;193888;2.0;4062;halooglasi;BW Nova 47,73m2 ID#10265
98;Opština Savski venac , Beograd na vodi , Hercegovačka;335888;4.0;3453;halooglasi;BW Nova 97.27m2 ID#10266
46;Opština Voždovac , Braće Jerković , Braće Jerković;129000;2.0;2804;halooglasi;Braće Jerković, uknjižen, nov, namešten
38;Opština Voždovac , Autokomanda , Kraljevačka;99900;1.0;2629;halooglasi;Voždovac, Kraljevačka, uknjižen, useljiv
53;Opština Vračar , Čubura , Loznička;249000;2.0;4698;halooglasi;Vračar, Loznička, lux, novogradnja
67;Opština Palilula , Višnjička Banja , Višnjički venac;125000;2.5;1866;halooglasi;Višnjička banja, Energoprojektove zgrade
33;Opština Zvezdara , Mirijevo , Matice srpske;70000;1.0;2121;halooglasi;Mirijevo, Matice srpske, useljiv
52;Opština Palilula , Karaburma , Juhorska;124000;3.0;2385;halooglasi;Siri centar-Karaburma ID#1145
77;Opština Novi Beograd , Blok 67 (Belvil) , Jurija Gagarina;288750;3.0;3750;halooglasi;Novi Beograd-Sakura-plus PDV ID#1175
85;Opština Novi Beograd , Blok 67 (Belvil) , Jurija Gagarina;318750;3.0;3750;halooglasi;Novi Beograd-Sakura-plus PDV ID#1176
75;Opština Novi Beograd , Blok 67 (Belvil) , Jurija Gagarina;281250;3.0;3750;halooglasi;Novi Beograd-Sakura-plus PDV ID#1177
55;Opština Savski venac , Beograd na vodi , Hercegovačka;275000;2.0;5000;halooglasi;Savski venac, Beograd na vodi - Hercegovačka
85;Opština Novi Beograd , Blok 65 , Bulevar heroja sa Košara;280000;3.0;3294;halooglasi;TOP NOV, Elixir garden, 85m2,3 sobe, terasa, garaž
41;Opština Zvezdara , Mirijevo , Koste Nađa;99000;2.0;2415;halooglasi;Mirijevo Koste Nađa 2.0
72;Opština Novi Beograd , Blok 45 (TC Enjub) , Jurija Gagarina;182000;3.0;2528;halooglasi;Blok 45,trosoban,72m2,lux,kod škole
47;Opština Savski venac , Beograd na vodi , Bulevar Vudroa Vilsona;223888;2.0;4773;halooglasi;BW Rima, ka Galeriji, bez provizije ID#3165
31;Opština Čukarica , Žarkovo , Buda Tomovića;58000;1.0;1871;halooglasi;Žarkovo - renoviran i uknjižen
130;Opština Savski venac , Senjak ,;215000;6.0;1654;halooglasi;Izuzetan 5.0 stan u odličnom okruženju, Senjak
82;Opština Čukarica , Filmski grad , Arčibalda Rajsa;170000;3.0;2073;halooglasi;Filmski grad - uknjižen
34;Opština Savski venac , Dedinje , Omladinska;129000;1.5;3794;halooglasi;Dedinje, Miće Orlovića, 34m2 ID#53660
57;Opština Zemun , Batajnica , Braće Barišić;58000;2.0;1018;halooglasi;Batajnica, Zemun, 2.0 stan,, 57m2
67;Opština Novi Beograd , Blok 45 (TC Enjub) , Jurija Gagarina;165000;2.5;2463;halooglasi;Blok 45, dvoiposoban stan od 67m2
57;Opština Voždovac , Braće Jerković , Brace Jerković;131100;2.0;2300;halooglasi;Braće Jeković, 57m2, renoviran
41;Opština Savski venac , Beograd na vodi , Hercegovačka;201888;1.0;5003;halooglasi;BW Bella 40.35m2 ID#10263
96;Opština Zemun , Kalvarija , Svetozara Miletića;240000;4.0;2500;halooglasi;Zemun, Kalvarija, uknjižena novogradnja
56;Opština Voždovac , Lekino brdo , Miklošićeva;195000;3.0;3482;halooglasi;Stan sa garažom
68;Opština Novi Beograd , Blok 70 (kineski tržni centar) , Jurija Gagarina;215000;2.5;3162;halooglasi;Jurija Gagarina, Blok 70, Novi Beograd ID#2265
89;Opština Vračar , Centar ,;285000;4.0;3202;halooglasi;Vračar, Kneza Miloša, 89m2, 4.0 ID#2510
34;Opština Čukarica , Železnik , Radnih akcija;70000;2.0;2059;halooglasi;Nov potpuno opremljen dvosoban stan
35;Opština Zvezdara , Vukov Spomenik , Đuke Dinić;85000;1.0;2429;halooglasi;Vukov spomenik, Bulevar, 35m2, uknjižen
79;Opština Vračar , Beogradska , Resavska;325000;3.0;4114;halooglasi;Resavska, salonac
55;Opština Rakovica , Skojevsko naselje , Luke Vojvodića;137500;2.5;2500;halooglasi;Košutnjak, Luke Vojvodića
39;Opština Zvezdara , Kluz , Predraga Vasića;83000;2.0;2128;halooglasi;Zvezdara, Kluz, Predraga Vasica-Hitna prodaja
57;Opština Zvezdara , Severni bulevar , Veljka Dugoševića;134000;2.5;2351;halooglasi;LUX renoviran, polunamešten,CG 2.5 stan
32;Opština Stari grad , Centar , Carice Milice;129500;1.0;4047;halooglasi;Centar, odmah useljiv
52;Opština Palilula , Karaburma , Ćustendilska;120000;2.5;2308;halooglasi;Karaburma, lux novogradnja 52m2 ID#7750
40;Opština Palilula , Karaburma , Ćustendilska;99000;2.5;2475;halooglasi;Karaburma, lux novogradnja 40m2 ID#7751
64;Opština Palilula , Karaburma , Ćustendilska;144000;2.5;2250;halooglasi;Karaburma, lux novogradnja 64m2 ID#7752
42;Opština Surčin , Bečmen , Stevana Radišića;67000;2.0;1595;halooglasi;Surčin, Bečmen
34;Opština Voždovac , Lekino brdo , Tetovska;130000;0.5;3860;halooglasi;Tetovska, Lekino brdo, Voždovac ID#2264
32;Opština Zemun , Altina , Ugrinovački put;60000;1.0;1875;halooglasi;Altina, Ugrinovački put, 32m2, 1.0 ID#2434
64;Opština Grocka , Kaluđerica , Bulevar revolucije;97000;3.0;1516;halooglasi;Smederevski put, 64m2, nov, uknjižen, lift, parkin
38;Opština Zvezdara , Učiteljsko naselje , Vladimira Gortana;95000;2.0;2500;halooglasi;Uliteljsko naselje, novogradnja, garaža, ID 2187
64;Opština Stari grad , Gundulićev venac , Šantićeva;250000;3.0;3906;halooglasi;Gundulićev venac, Šantićeva
25;Opština Rakovica , Vidikovac , Kneza Višeslava;48000;0.5;1920;halooglasi;Vidikovac, Kneza Višeslava
89;Opština Novi Beograd , Blok 45 (TC Enjub) , Jurija Gagarina;210000;3.0;2360;halooglasi;Novi Beograd-3.0
58;Opština Vračar , Kalenić pijaca , Kičevska;204000;3.0;3517;halooglasi;Beograd, Kalenić pijaca, Stan, 3.0, 58m2
41;Opština Rakovica , Novo Skojevsko naselje , Luke Vojvodića;92000;1.5;2244;halooglasi;Rakovica, Novo Skojevsko naselje - Luke Vojvodića
71;Opština Novi Beograd , Blok 38 , Omladinskih brigada;178000;2.5;2507;halooglasi;Novi Beograd, Blok 38 - Omladinskih brigada
153;Opština Vračar , Gradić Pejton , Stojana Protića;689490;4.0;4506;halooglasi;Beograd, Vračar, Stojana Protića
59;Opština Rakovica , Skojevsko naselje , Luke Vojvodića;137500;3.0;2331;halooglasi;Retko u ponudi! Odličan 3.soban stan-Skojevsko nas
41;Opština Palilula , Borča , Severina Bijelića;73000;1.5;1780;halooglasi;Palilula, Borča, Severina Bijelića, 41m2
69;Opština Palilula , Hadžipopovac , Zdravka Čelara;172000;2.0;2493;halooglasi;Hadžipopovac, Zdravka Čelara 69m2 adaptabilan
58;Opština Palilula , Karaburma , Ćustendilska;135000;2.5;2328;halooglasi;Karaburma, lux novogradnja 58m2 ID#7748
80;Opština Stari grad , Dorćol , Solunska;190000;1.0;2375;halooglasi;Dorćol, Solunska, 80m2 ID#54851
38;Opština Novi Beograd , Blok 2 ,;167000;4.0;4395;halooglasi;Otona Župančića - 02 - Novi Beograd
26;Opština Čukarica , Bele vode , Milana Šarca;42000;1.5;1615;halooglasi;Bele vode, jednoiposoban stan kod parka 26m2
38;Opština Surčin , Ledine , Oplenačka;74000;1.5;1947;halooglasi;Surčin l Oplenačka l 38m2
69;Opština Zvezdara , Lipov lad , Bulevar Kralja Aleksandra;215000;2.5;3116;halooglasi;Bulevar kralja Aleksandra, Lipov lad, Zvezdara ID#
185;Opština Vračar , Bulevar kralja Aleksandra , Bulevar kralja Aleksandra;795000;4.0;4298;halooglasi;Depo, Landmark Residence, 2024., od investitora
107;Opština Zvezdara , Učiteljsko naselje , Svetog Klimenta;283550;4.0;2650;halooglasi;Zvezdara, Učiteljsko naselje, Sv. Klimenta, 107m2
45;Opština Palilula , Hadžipopovac;170000;1.5;3778;halooglasi;Top lokacija, Hadžipopovac, 45m2
30;Opština Stari grad , Terazije , Terazije;179000;0.5;5967;halooglasi;Prodaja, stan, Terazije, 30m2, Id1039
79;Opština Stari grad , Dorćol , Cara Uroša;269000;2.5;3405;halooglasi;Retko u ponudi, Gornji Dorćol, Cara Uroša 79m2
72;Opština Zvezdara , Mirijevo , Mirka Banjevića;147000;2.5;2042;halooglasi;Beograd, Mirijevo, Mirka Banjevića
80;Opština Zemun , Meandri , Blagoja Jovovića;155000;3.0;1938;halooglasi;Zemun, Zagorska, CG, topla voda, II sprat
67;Opština Novi Beograd , Hotel Jugoslavija;210000;2.0;3134;halooglasi;Prostran dvosoban stan na izuzetnoj lokaciji
59;Opština Vračar , Kalenić pijaca;222000;2.0;3763;halooglasi;Kalenić, Vračar 59m2 višefunkcionalan stan
98;Opština Zemun , Kalvarija , Zlatiborska;319872;3.0;3264;halooglasi;Kalvarija, Pametna zgrada, Lux novogradnja
67;Opština Zemun , Kalvarija , Zlatiborska;218688;3.0;3264;halooglasi;Kalvarija, Pametna zgrada, Lux novogradnja
61;Opština Voždovac , Trošarina , Vojvode Stepe;165000;2.5;2705;halooglasi;Nov stan,Vojvode Stepe
55;Opština Čukarica , Vodovodska , Milorada Jovanovića;115000;2.5;2091;halooglasi;Čukarica, Milorada Jovanovića,vpr/5
43;Opština Čukarica , Vodovodska , Milorada Jovanovića;88000;1.5;2047;halooglasi;Čukarica, Milorada Jovanovića,5/5
49;Opština Čukarica , Vodovodska , Milorada Jovanovića;103000;2.5;2102;halooglasi;Žarkovo, Milorada Jovanovića,5/5
44;Opština Vračar , Neimar , Kornelija Stankovića;130000;2.5;2955;halooglasi;Neimar, Kornelija Stankovića, uknjižen
64;Opština Vračar , Hram svetog Save , Internacionalnih brigada;298000;2.0;4656;halooglasi;Hram, Internacionalnih brigada, lux, prodaje se
59;Opština Zemun , Galenika , Jovana Stojsavljevića;120000;3.5;2034;halooglasi;Galenika, J.Stojsavljevića, stan adaptiran u 3.5 (
37;Opština Zemun , Altina , Ugrinovački put 10. deo;54500;1.5;1473;halooglasi;Altina, Ugrinovački put 10.deo, stan 37m2
80;Opština Rakovica , Skojevsko naselje , Luke Vojvodića;157000;4.0;1962;halooglasi;Skojevsko naselje, Luke Vojvodića, stan
44;Opština Zemun , Pregrevica ,;129900;1.5;2986;halooglasi;Novogradnja, Zemun, Pregrevica, 43,50m2
51;Opština Zemun , Pregrevica ,;152940;2.0;2999;halooglasi;Novogradnja, Pregrevica, stan 51m2
57;Opština Zemun , Zemun polje , Dejana Dubajića;91200;2.5;1600;halooglasi;Zemun polje, 57m2, 2.5 - odlična novogradnja
67;Opština Savski venac , Palata pravde , Dr Aleksandra Kostića;198000;3.0;2955;halooglasi;Dr Aleksandra Kostića, dvostrano orijentisan stan
74;Opština Palilula , Hala Pionir , Bulevar despota Stefana;195000;3.0;2635;halooglasi;Hala Pionir, Bulevar despota Stefana, prodaja stan
77;Opština Voždovac , Bioskop Voždovac , Kirila Savića;182000;3.0;2364;halooglasi;Bioskop Voždovac, Kirilo Savić, prodaja stana
54;Opština Stari grad , Kosančićev venac , Kosančićev venac;260000;3.0;4815;halooglasi;Stari Grad, Kosančićev venac, salonski stan
50;Opština Palilula , Borča , Popova bara nova 302.;69900;1.5;1398;halooglasi;Zrenjaninski put, odlična novogradnja, 50m2
79;Opština Palilula , Karaburma , Sime Šolaje;149900;3.0;1897;halooglasi;Karaburma, stan sa garažom
70;Opština Voždovac , Jajinci , Bulevar JNA;140000;3.0;2000;halooglasi;Lux novogradnja Voždovac, Bulevar JNA 70m2
130;Opština Voždovac , Jajinci , Bulevar JNA;250000;4.0;1923;halooglasi;Vozdovac, Bulevar JNA, 130m2, Novogradnja
84;Opština Vračar , Kalenić pijaca , Sinđelićeva;345000;4.0;4107;halooglasi;Vračar, Kalenić, odličan 4.0 stan
82;Opština Zemun , Ćukovac , Vlade Obradovića;180000;4.0;2195;halooglasi;Kvalitetan dupleks prodaja
142;Opština Stari grad , Centar , Brankova;440000;6.0;3099;halooglasi;Brankova, salonac, odličana lokacija
69;Opština Palilula , Višnjička Banja , Mirka Milojkovića;153000;2.5;2231;halooglasi;Prodaje se Lux 2.5-68,59kv,garaza
86;Opština Voždovac , Banjica , Paunova;248000;3.0;2884;halooglasi;Banjica - Paunova - Lux
100;Opština Voždovac , Vojvode Stepe , Vojvode Stepe;200000;4.0;2000;halooglasi;Voždovac  - Vojvode Stepe ID#3663
26;Opština Čukarica , Banovo brdo;84370;0.5;3245;halooglasi;Novogradnja Banovo brdo ID#1751
95;Opština Novi Beograd , Bežanijska kosa 1 , Vajara Živojina Lukića;225000;4.0;2368;halooglasi;Bežanijska kosa I MZ, Vajara Živojina Lukića, 95m2
88;Opština Stari grad , Atelje 212 , Svetogorska;255000;3.0;2898;halooglasi;Stari grad, Atelje 212 - Svetogorska 88m2
89;Opština Vračar , Slavija , Kneza Miloša;285000;3.5;3202;halooglasi;Vračar, Kneza Miloša, 89+7 m2
53;Opština Novi Beograd , Blok 61 , Jurija Gagarina;133000;2.0;2509;halooglasi;2,0 uknjižen stan u Bloku 61
47;Opština Palilula , Bogoslovija , Sloga;115000;2.0;2477;halooglasi;Bogoslovija - Stara Karaburma - Sloga
85;Opština Novi Beograd , Blok 72 , Mileve Marić Ajnštajn;185000;3.0;2176;halooglasi;Novi Beograd,bl.72, Mileve Marić Ajnštajn 3.0,85m2
80;Opština Voždovac , Vojvode Stepe , Vojvode Stepe;160000;2.0;2000;halooglasi;Vojvode Stepe, 80 m2, 2.0
106;Opština Stari grad , Centar , Vlajkovićeva;370000;4.0;3491;halooglasi;Vlajkovićeva ID#1242
65;Opština Novi Beograd , Bežanijska kosa 2 , Peđe Milosavljevića;157000;2.0;2415;halooglasi;Bežanijska kosa 2,uknjižen ,useljiv
70;Opština Zvezdara , Mirijevo , Jelisavete Andrejević;150000;3.0;2143;halooglasi;Fantastičan stan u centru Mirijeva
51;Opština Novi Beograd , Blok 24 (Super Vero) , Bulevar Milutina Milankovića;220000;2.0;4314;halooglasi;Blok 24-Super Vero
40;Opština Vračar , Maksima Gorkog , Grahovska;119000;2.0;2975;halooglasi;Vračar-dvorišna kuća
73;Opština Čukarica , Čukarička padina , Obalskih radnika;179888;3.0;2464;halooglasi;Čukarička padina-LUX duplex
49;Opština Voždovac , Darvinova pošta , Kumodraška;133256;2.0;2750;halooglasi;Prodaja stana u SmartHome novogradnji, Voždovac
100;Opština Voždovac , Vojvode Stepe , Vojvode Stepe;395000;4.0;3950;halooglasi;4.0 Lux Duplex u Vojvode Stepe
168;Opština Vračar , Cvetni trg , Resavska;890000;6.0;5298;halooglasi;Originalan, renoviran salonac na Vračaru, Resavska
77;Opština Palilula , Botanička bašta , Šajkaška;240000;3.5;3117;halooglasi;3.5 Botanička bašta, Šajkaška ulica ID#1279
47;Opština Zemun , Gornji grad;123000;1.5;2639;halooglasi;Lux novogradnja, Zemun, Gornji grad, 46,61 m2
120;Opština Savski venac , Dedinje , Generala Save Grujića;390000;3.0;3250;halooglasi;Dedinje, Generala Save Grujica
91;Opština Voždovac , Vojvode Stepe , Vojvode Stepe;300000;4.0;3297;halooglasi;Lux, Voždove kapije, 91m2 + 2pm, uknjižen
69;Opština Voždovac , Kumodraž , Gunjak;99900;3.0;1448;halooglasi;Stan i krov kompletno adaptirani 2018-e godine
70;Opština Novi Beograd , Blok 70 (kineski tržni centar) , Gandijeva;250000;2.0;3571;halooglasi;Blok 70 - Gandijeva ID#1558
60;Opština Savski venac , Savski trg - Pristanište , Sarajevska;210000;3.0;3500;halooglasi;Odličan stan - Savski Trg - Sarajevska
70;Opština Novi Beograd , Blok 23 ,;249500;3.0;3564;halooglasi;Arena - Namešten - Lux
60;Opština Vračar , Cvetni trg , Resavska;280000;2.5;4667;halooglasi;Kod Manježa, 60+30 ID#1310
87;Opština Savski venac , Dedinje;380000;3.0;4368;halooglasi;Komforan stan sa sopstvenim dvorištem i parkingom
36;Opština Vračar , Slavija;145000;1.0;4028;halooglasi;Odličan jednosoban stan, 36m2, Slavija
46;Opština Voždovac , Lekino brdo;170000;1.5;3696;halooglasi;Nov stan i garažno mesto, 46m2, 1.5, Lekino brdo
46;Opština Palilula , Višnjica , Nova 114;70000;2.0;1522;halooglasi;Višnjica, Nova 114 - 46 m2
75;Opština Savski venac , Savski trg - Pristanište , Doktora Aleksandra Kostića;195000;3.0;2600;halooglasi;Savski trg, Doktora Aleksandra Kostića, 75 m2
47;Opština Zemun , Save Kovačevića , Ohridska;110000;1.5;2340;halooglasi;Ohridska Save Kovačevića Zemun Beograd Srbija
39;Opština Stari grad , Skadarlija , Cetinjska;126000;2.0;3231;halooglasi;Cetinjska Skadarlija Stari grad Beograd Srbija
89;Opština Zemun , Retenzija , Aleksandra Dubčeka;259500;3.0;2916;halooglasi;Izuzetan, lux, okružen zelenilom
86;Opština Zvezdara , Đeram pijaca , Šabačka;253000;3.0;2975;halooglasi;Luks 3,0 stan 85.03 m2 sa terasom 70m2, Đeram
185;Opština Savski venac , Dedinje;670000;4.5;3622;halooglasi;Moderan duplex sa garazom i parking mestom
45;Opština Zemun , Altina , Ugrinovački put;78050;1.5;1750;halooglasi;Novogradnja, uknjižen lux stan,44.6m2- Nova Altina
70;Opština Zemun , Altina , Ugrinovački put;129815;3.0;1854;halooglasi;Novogradnja, uknjižen lux stan,70m2- Nova Altina
47;Opština Zemun , Altina , Ugrinovački put;86990;1.5;1851;halooglasi;Novogradnja, uknjižen lux stan,47m2- Nova Altina
120;Opština Vračar , Krunski venac , Kneginje Zorke;380000;4.5;3167;halooglasi;Kneginje Zorke, Vracar.
71;Opština Novi Beograd , Blok 62 , Jurija Gagarina;173500;3.0;2444;halooglasi;Komforan stan u Bloku 62
77;Opština Zvezdara , Vukov Spomenik , Vojvode Brane;219000;3.0;2844;halooglasi;Vukov spomenik - Vojvode Brane
57;Opština Novi Beograd , Hotel Jugoslavija , Palmira Toljatija;138000;2.0;2421;halooglasi;Hotel YU, Palmira Toljatija
59;Opština Čukarica , Banovo brdo , Nikolaja Gogolja;122900;2.0;2083;halooglasi;Banovo brdo | Nikolaja Gogolja | 59m2
47;Opština Zvezdara , Cvetkova pijaca , Živka Davidovića;149900;2.0;3189;halooglasi;Cvetkova pijaca | Živka Davidovića | 47m2
71;Opština Zvezdara , Cvetkova pijaca , Živka Davidovića;226500;3.0;3190;halooglasi;Cvetkova pijaca | Živka Davidovića | 71m2
43;Opština Palilula , Krnjača , Sutjeska;67000;1.5;1558;halooglasi;Palilula | Krnjača | Sutjeska
65;Opština Stari grad , Skupština , Palmotićeva;308000;3.0;4771;halooglasi;Centar | Palmotićeva | 3,0
60;Opština Zemun , Zemunske kapije , Banatska;162000;2.5;2700;halooglasi;Banatska, Meandri, Zemun ID#1253
66;Opština Zemun , Gornji grad , Užička;161300;3.0;2444;halooglasi;Užička, Pregrevica, Zemun ID#1658
71;Opština Zemun , Gornji grad , Užička;166950;3.0;2351;halooglasi;Užička, Pregrevica, Zemun ID#1660
73;Opština Zemun , Gornji grad , Užička;170500;3.0;2336;halooglasi;Užička, Pregrevica, Zemun ID#1661
51;Opština Zemun , Gornji grad , Užička;161350;3.0;3164;halooglasi;Užička, Pregrevica, Zemun ID#1662
43;Opština Zemun , Batajnica , Majora Zorana Radosavljevića;71000;1.5;1651;halooglasi;Majora Zorana Radosavljevića, Batajnica, Zemun ID#
65;Opština Palilula , Bogoslovija , Bata Lakina;220000;2.5;3385;halooglasi;Bata Lakina, Bogoslovija, Palilula ID#1930
55;Opština Voždovac , Konjarnik , Ustanička;135000;3.0;2455;halooglasi;Konjarnik, Ustanička, 3.0 uknjižen ID#17300
100;Opština Vračar , Cvetni trg , Krunska;695000;3.5;6950;halooglasi;Cvetni trg, Krunska
129;Opština Rakovica , Kanarevo brdo , Jelke Bojkić Makavejev;175000;5.0;1357;halooglasi;Kanarevo brdo, Jelke Bojkic Makavejev
96;Opština Vračar , Centar , Kneza Miloša;285000;4.0;2969;halooglasi;Vračar, Skupština - Kneza Miloša
32;Opština Rakovica , Petlovo brdo ,;64000;1.0;2000;halooglasi;Petlovo brdo, Hablova, 1,0, 32m2, I
40;Opština Vračar , SC Vračar , Smiljanićeva;132000;2.0;3300;halooglasi;Vračar, Smiljanićeva, 2,0, 40m2, pr
83;Opština Voždovac , Trošarina , Milisava Đurovića;246690;4.0;3000;halooglasi;Voždovac, novogradnja, 4,0, 82m2, ,I, građevinska
80;Opština Voždovac , Trošarina , Milisava Đurovića;238710;3.0;3000;halooglasi;Voždovac, novogradnja, 3,0, 79m2, ,II, građevinska
55;Opština Voždovac , Trošarina , Milisava Đurovića;155640;2.0;2870;halooglasi;Voždovac, novogradnja, 2,0, 54m2, ,PR, građevinska
44;Opština Voždovac , Trošarina , Milisava Đurovića;131640;1.5;3000;halooglasi;Voždovac, novogradnja, 1.5. 44m2, I, građevinska d
272;Opština Voždovac , Vojvode Stepe , Admirala Vukovića;750000;4.0;2757;halooglasi;Voždovac (Beograd), Vojvode Stepe, Stan, 4, 272m2
76;Opština Novi Beograd , Blok 28 , Bulevar Milutina Milankovića;209900;3.0;2762;halooglasi;Blok 28, 76,lođa, trosoban, uknjižen, odličan
92;Opština Novi Beograd , Bežanijska kosa 3 , Srđana Aleksića;199990;3.5;2174;halooglasi;3,5-soban, 92m2+T, bela fasadna cigla
111;Opština Novi Beograd , Bežanijska kosa 2 , Ljubinke Bobić;239000;3.5;2153;halooglasi;Kompletno renoviran, 111 m2 sa velikom baštom
54;Opština Palilula , Karaburma , Uralska;85900;2.0;1591;halooglasi;Karaburma, 47m2 + 7,5m2 lođa, uknjižen
124;Opština Stari grad , Centar , Terazije;839000;4.0;6766;halooglasi;4.0, STARI GRAD, CENTAR, 139m2 (124m2+T), Lux
183;Opština Čukarica , Žarkovo , Ratka Mitrovica;250000;5.0;1366;halooglasi;Žarkovo Ratka Mitrovića 183m2 T40
104;Opština Palilula , Karaburma , Bore Vukmirovića;300000;3.0;2885;halooglasi;Prodajem stan u ulici Bore Vukmirovića 14
63;Opština Zvezdara , Mirijevo , Milića od Mačve;75000;2.5;1190;halooglasi;Mirijevo, 2.5, 63m2, 75.000 povraćaj PDV-a
47;Opština Zemun , Save Kovačevića , Ohridska;110500;1.5;2351;halooglasi;Ohridska, Naselje Sava Kovačević, Zemun ID#1301
50;Opština Savski venac , Zeleni venac , Gavrila Principa;194000;3.0;3880;halooglasi;Savski venac, Zeleni venac - Gavrila Principa
39;Opština Stari grad , Centar , Cara Lazara;118000;2.0;3026;halooglasi;Stari grad, Centar - Cara Lazara
46;Opština Zvezdara , Mirijevo , Jovanke Radaković;99000;2.0;2152;halooglasi;Mirijevo - Jovanke Radaković, 46m2 + parking mesto
70;Opština Savski venac , Dedinje , Slavka Ćuruvije;260000;2.0;3714;halooglasi;Savski venac, Dedinje - Slavka Ćuruvije
56;Opština Savski venac , Dedinje , Mihaila Avramovića;194500;3.0;3473;halooglasi;Savski venac, Dedinje (VMA) - Mihaila Avramovića
56;Opština Čukarica , Žarkovo , Ace Joksimovića;81500;2.0;1455;halooglasi;Žarkovo, Ace Joksimovica
83;Opština Voždovac , Braće Jerković , Dragice Končar;147000;3.0;1771;halooglasi;Dragice Končar, sređen, uknjižen ID#1346
57;Opština Zvezdara , Gradska bolnica , Velebitska;205000;2.5;3596;halooglasi;Zvezdara, Gradska bolnica - Velebitska
57;Opština Vračar , Krunski venac , Smiljanićeva;271000;2.0;4754;halooglasi;Vračar, Krunski venac - Smiljanićeva
40;Opština Vračar , Slavija , Smiljanićeva;130000;2.0;3250;halooglasi;Vračar, Slavija - Smiljanićeva
61;Opština Stari grad , Centar , Bulevar despota Stefana;183600;1.5;3010;halooglasi;Stari grad, centar - Bulevar despota Stefana
58;Opština Zemun , Save Kovačevića , Slikarska;160000;2.5;2759;halooglasi;Zemun, Sava Kovačević - Slikarska
37;Opština Zvezdara , Denkova bašta , Vojislava Ilića;125000;1.5;3378;halooglasi;Zvezdara, Denkova bašta - Vojislava Ilića
62;Opština Voždovac , Vojvode Vlahovića , Milovana Vidakovića;128000;3.0;2065;halooglasi;Voždovac, Vojvode Vlahovića - Milovana Vidakovića
86;Opština Novi Beograd , Blok 63 , Nehruova;162000;4.0;1884;halooglasi;Nehruova 86m2
84;Opština Palilula , Ruzveltova , Ruzveltova;198000;3.0;2357;halooglasi;Vukov spomenik
50;Opština Savski venac , Sarajevska;172000;2.0;3440;halooglasi;Sarajevska, bliže centru, 50+7kvm
66;Opština Rakovica , Vidikovac , Vidikovački Venac;124900;2.0;1892;halooglasi;Rakovica, Vidikovac - Vidikovački venac
82;Opština Stari grad , Centar , Kosovska;315000;3.0;3841;halooglasi;KOSOVSKA
127;Opština Stari grad , Gundulićev venac , Vojvode Dobrnjca;290000;3.0;2283;halooglasi;Salonac u centru grada
60;Opština Novi Beograd , Blok 67 (Belvil) , Jurija Gagarina;235000;3.0;3917;halooglasi;Belville, renoviran, namešten
83;Opština Zvezdara , Lion , Preševska;240000;3.0;2892;halooglasi;Zvezdara, Lion - Preševska
48;Opština Rakovica , Miljakovac , Dimitrija Koturovića;86000;1.5;1792;halooglasi;Miljakovac, Dimitrija Koturovića, 48m2, 1.5 ID#250
89;Opština Savski venac , Kneza Miloša , Kneza Miloša;285000;3.0;3202;halooglasi;Beograd, Kneza Miloša, Stan, 3.0, 89m2
60;Opština Rakovica , Labudovo brdo , 11. krajiške divizije;127000;2.0;2117;halooglasi;Labudovo brdo, 60m2, II, cg, renoviran
44;Opština Grocka , Kaluđerica , Stepe Stepanovića 33;65700;1.5;1500;halooglasi;Lux novogradnja Kaluđerica- povraćaj PDV-a
88;Opština Stari grad , Dorćol , Kapetan Mišina;315000;3.0;3580;halooglasi;Gornji Dorćol, Kapetan Mišina - 3.0 salonac
75;Opština Voždovac , Lekino brdo , Vojislava Nanovića;350000;3.0;4667;halooglasi;Merin Hill, 75m2+82m2, dvorište, lux
50;Opština Novi Beograd , Stara Bežanija , Pere Segedinca;102000;2.5;2040;halooglasi;Beograd, Stara Bežanija, Pere Segedinca
56;Opština Zvezdara , Konjarnik , Ustanička;152000;2.5;2714;halooglasi;Konjarnik-Ustanička-Dvoiposoban-Uknjižen ID#2547
53;Opština Savski venac , Beograd na vodi ,;234000;2.0;4454;halooglasi;Beograd na vodi, zgrada King's Park , 52m2
59;Opština Savski venac , Kneza Miloša ,;265000;3.0;4492;halooglasi;Stan za prodaju, Kneza Miloša, 59m2 ID1948
51;Opština Zvezdara , Konjarnik ,;99000;2.0;1941;halooglasi;Konjarnik, 51m2, dvosoban, prvi sprat, u manjoj zg
107;Opština Vračar , Crveni krst ,;277000;4.0;2589;halooglasi;Crveni krst, četvorosoban, VPR, 70m2+ terasa  ID19
226;Opština Vračar , SC Vračar ,;885092;6.0;3922;halooglasi;Duplex stan na prodaju novogradnja  Vračar 226,66
193;Opština Vračar , SC Vračar ,;756056;6.0;3919;halooglasi;Duplex stan na prodaju novogradnja  Vračar 192,93
58;Opština Vračar , SC Vračar ,;236077;2.0;4089;halooglasi;Stan na prodaju novogradnja  Vračar 57,74 m2, ID17
72;Opština Vračar , SC Vračar ,;370000;4.0;5150;halooglasi;Stan na prodaju novogradnja  Vračar 71,84m2, ID175
80;Opština Vračar , SC Vračar ,;360000;3.0;4520;halooglasi;Stan na prodaju, novogradnja, Vračar, 79,64 m2, ID
66;Opština Zvezdara , Mirijevo , Aleksandra Bugarskog;124750;3.0;1900;halooglasi;3,0,Mirijevo III,65,66m2,eg,novo sa pdv,I/III,
42;Opština Zvezdara , Mirijevo , Aleksandra Bugarskog;79150;1.5;1895;halooglasi;1,5,Mirijevo III,41,67m2,I/III,novo sa pdv,garaže
30;Opština Vračar , Južni bulevar , Južni bulevar;113000;1.0;3767;halooglasi;Vračar, Južni bulevar, Južni bulevar, 1.0, 30m2
79;Opština Palilula , Centar , Takovska;243000;3.0;3076;halooglasi;Centar -dvosoban+garsonjera
50;Opština Voždovac , Naselje Stepa Stepanović , Kaplara Momčila Gavrića;170000;2.0;3400;halooglasi;Lux Stepa Stepanovic
56;Opština Palilula , Karaburma , Pabla Nerude;110900;3.5;1980;halooglasi;Karaburma - Pabla Nerude - Nov
35;Opština Voždovac , Šumice , Ljermontova;87000;1.0;2486;halooglasi;1.0 Šumice 35m2, Xlll, cg, uknjižen, adaptibilan I
134;Opština Savski venac , Beograd na vodi , Hercegovačka;740000;4.0;5522;halooglasi;Simfonija I, lux, dupleks, dve garaže, ID 22154
66;Opština Voždovac , Naselje Stepa Stepanović , Timočke divizije;185000;2.0;2803;halooglasi;Odličan stan u srcu naselja Stepa Stepanović
52;Opština Palilula , Karaburma , Juhorska;124000;2.5;2385;halooglasi;Beograd Karaburma stan 2.5, 52m2
73;Opština Čukarica , Žarkovo , Generala Milutina Vlajića;195000;3.0;2671;halooglasi;3,0-Uknjižen-stan-garaža-dvorište-bez-ulaganja
82;Opština Voždovac , Naselje Stepa Stepanović , Šumadijske divizije;218000;3.0;2659;halooglasi;3,0 Stepa Stepanovic, uknjižen, odličan
58;Opština Čukarica , Čukarička padina , Radnička;135000;2.0;2328;halooglasi;2,0 Adaptibilan, odlična lokacija i zgrada
90;Opština Novi Beograd , Blok 45 (TC Enjub) , Jurija Gagarina;201000;3.0;2233;halooglasi;Blok 45, 90m2,odličan,komotan svetao,pogled
41;Opština Voždovac , Banjica , Bulevar oslobođenja;106000;2.0;2585;halooglasi;Banjica renoviran stan 41 m2 2-soban svetao
80;Opština Zvezdara , Učiteljsko naselje , Živka Davidovića;189900;3.0;2374;halooglasi;3.0 uciteljsko naselje Zivka Davidovica 80m2
200;Opština Palilula , Cvijićeva , Cvijićeva;1050000;5.0;5250;halooglasi;Palilula, Centar - Cvijićeva 200m2
46;Opština Vračar , Krunski venac , Desanke Maksimović;235000;2.0;5109;halooglasi;Vračar, Krunski venac - Desanke Maksimović 46m2
51;Opština Palilula , Karaburma , Dragoslava Srejovića;94000;2.5;1843;halooglasi;Karaburma, 2.5, 51m2 ID#1464
47;Opština Zvezdara , Učiteljsko naselje , Svetog Klimenta;124550;1.5;2650;halooglasi;Zvezdara, Učiteljsko naselje, Sv. Klimenta, 47m2 I
78;Opština Zvezdara , Učiteljsko naselje , Čardaklijina;179000;3.0;2295;halooglasi;Odlican funkcionalan trosoban stan + parking mesto
60;Opština Novi Beograd , Blok 70a , Omladinskih brigada;170000;2.0;2833;halooglasi;Blok70a,Omladinskih brigada,60m2,adaptibilan u 2.5
60;Opština Palilula , Borča ,;81900;2.0;1365;halooglasi;Borča Centar 1 Uknjižen Lux ID#412023
69;Opština Zemun , Ugrinovačka , Vlade Obradovića;180000;4.0;2609;halooglasi;Početak Ugrinovačke ulice -Vlade Obradovića
41;Opština Novi Beograd , Fontana , Studentska;125000;1.5;3049;halooglasi;Fontana – Studentska – 1% provizija
70;Opština Zemun , Gornji grad;185500;3.0;2650;halooglasi;Gornji grad - lux novogradnja - 1% provizija
60;Opština Voždovac , Voždovačka crkva , Kralja Vladimira;165000;2.5;2750;halooglasi;Kralja Vladimira – 2.5 – 1% provizija
95;Opština Palilula , Karaburma , Sime Šolaje;149900;3.0;1578;halooglasi;Karaburma - renoviran - 1% provizija
30;Opština Rakovica , Centar , Kneževačka;55000;1.0;1833;halooglasi;Useljiv stan bez ulaganja ID#3330
35;Opština Palilula , Borča , Valjevskog odreda;56500;1.5;1637;halooglasi;Borča,Valjevskog odreda,1.5.,terasa,uknjižen na vl
60;Opština Rakovica , Centar , Pilota Mihaila Petrovića;107000;2.5;1783;halooglasi;RAKOVICA, Odličan organizovan stan
90;Opština Savski venac , Beograd na vodi , Bulevar Vudroa Vilsona;390888;3.0;4343;halooglasi;BW King's Park, sa privatnom baštom, orijentisan k
124;Opština Savski venac , Beograd na vodi , Bulevar Vudroa Vilsona;537888;4.0;4338;halooglasi;BW King's Park, dvostrano orijentisan, bez provizi
75;Opština Novi Beograd , Blok 23 , Bulevar Milutina Milankovića;220000;3.0;2933;halooglasi;Uknjižen, fukncionalan, sa garažom ID#2797
92;Opština Rakovica , Kanarevo brdo , Borska;180000;3.5;1957;halooglasi;Rakovica, Borska, 3.5, video prikaz stana
92;Opština Vračar , Južni bulevar , Sime Igumanova;220000;3.5;2391;halooglasi;Južni bulevar, Sime Igumanova, 92m2 (13m2 terasa)
33;Opština Rakovica , Miljakovac , Stevana Opačića;73000;1.0;2212;halooglasi;Beograd, Miljakovac, Stan, 1.0, 33m2
35;Opština Rakovica , Kneževac , Prvoboraca 24;55000;1.5;1599;halooglasi;Stan sa dve zastakljene terase UL.Prvoboraca 24
28;Opština Zemun , Autoput za Zagreb , Joze Šćurle;36000;1.0;1286;halooglasi;Prodajem stan u Zemunu iza bolnice Bežanijska kosa
88;Opština Voždovac , Voždovačka crkva , Vojvode Stepe 178;225000;3.0;2557;halooglasi;Trosoban sa garažnim mestom, Voždovac centar
35;Opština Vračar , Kalenić pijaca , Hadži Prodanova;117900;1.5;3369;halooglasi;Vracar, Kalenic, Hadzi Prodanova
108;Opština Voždovac , Hotel M , Bulevar Oslobođenja;299000;3.0;2769;halooglasi;Voždovac-Bul.oslobođenja, 108m2, III, cg,
93;Opština Čukarica , Banovo brdo , Đorđa Ognjanovića;212000;4.0;2280;halooglasi;Banovo brdo, Djordja Ognjanovića
67;Opština Rakovica , Miljakovac , Osme Crnogorske Brigade;140000;2.5;2090;halooglasi;2.5 Miljakovac I, useljiv ID#127635
22;Opština Vračar , Kalenić pijaca , Mileševska;61900;1.0;2814;halooglasi;Na idealnoj lokaciji, bez ulaganja ID#127299
45;Opština Zvezdara , Mirijevo , Kisela Voda;108696;1.5;2415;halooglasi;Kluz, 45m2, III, cg
34;Opština Zvezdara , Kluz , Valterova, ranije Mite Ruzica;92000;1.5;2706;halooglasi;Na prodaju jednoiposoban stan
96;Opština Čukarica , Filmski grad , Arčibalda Rajsa;190000;3.0;1979;halooglasi;Filmski grad Arčibalda Rajsa 3.0
75;Opština Vračar , Hram svetog Save , Katanićeva;195000;2.0;2600;halooglasi;Stan kod Hrama za prodaju 75m2 (uknjižen na 58m2)
167;Opština Vračar , Pravni fakultet , Kumanovska;550000;5.0;3293;halooglasi;Originalan penthaus, Pravni fakultet, useljiv
160;Opština Stari grad , Skupština , Kosovska-Stari grad;650000;6.0;4062;halooglasi;Skupština-Kosovska, 160m2, II, cg, lux
117;Opština Savski venac , Beograd na vodi ,;930000;4.0;7949;halooglasi;Bw Residence Riverview sa Teretanom i Bazenom
45;Opština Stari grad , Skadarlija , Cetinjska;126000;1.0;2800;halooglasi;Stari grad, Skadarlija - Cetinjska
139;Opština Stari grad , Terazije ,;900000;4.0;6475;halooglasi;Lux salonac na Terazijama
47;Opština Čukarica , Čukarička padina , Strugarska;120000;1.5;2553;halooglasi;Čukarička Padina, Strugarska, 47m2, renoviran
108;Opština Novi Beograd , Blok 65 , Omladinskih brigada;550800;3.0;5100;halooglasi;West 65 Kula, perfektna novogradnja ID#6524
69;Opština Voždovac , Lekino brdo ,;185274;3.0;2700;halooglasi;Savršen raspored 3.0 u prelepoj zgradi
28;Opština Novi Beograd , Paviljoni ,;88448;1.0;3200;halooglasi;Multi split, lux, lokacija, Zemunski park - Sigmad
61;Opština Novi Beograd , Paviljoni ,;168588;2.0;2800;halooglasi;2.0, komforan raspored, multi split, lux
105;Opština Vračar , Centar , Čuburska;350000;3.0;3333;halooglasi;Vračar - lux - garaža - nov ID#4134
36;Opština Vračar , Južni bulevar , Šumatovačka;176000;1.0;4889;halooglasi;NewSouth Šumatovačka-lux opremljen jednosoban stan
70;Opština Voždovac , Medaković 1 , Hanibala Lucića;105000;2.0;1500;halooglasi;Hanibala Lucića, Medaković I, Voždovac ID#2261
41;Opština Novi Beograd , Blok 72 , Mileve Marić Ajnštajn;137000;2.0;3341;halooglasi;2.0 satan u Mileve Marić ID#1706
95;Opština Čukarica , Cerak , Ratka Mitrovića;155000;4.0;1632;halooglasi;4.0 stan na Ceraku ID#1783
61;Opština Rakovica , Miljakovac , Miljakovačke staze;100000;3.5;1639;halooglasi;Novogradnja u predprodaji ID#124670
90;Opština Vračar , Cvetni trg , Kralja Milana;270000;3.0;3000;halooglasi;Vračar,Beograđanka,90m2,3.0,1/4,salonac,CG,2ulaza
83;Opština Zemun , Zemunske kapije , Šumadijska;305000;3.5;3675;halooglasi;Zemun, Zemunske kapije, 83m2, 3.5 ID#2005
97;Opština Vračar , Centar , Bulevar kralja Aleksandra;420000;3.5;4330;halooglasi;Prodajem salonski lux stan u starogradnji
79;Opština Barajevo , Gaj , 20. oktobra;55000;2.0;696;halooglasi;Barajevo Gaj -79m2+79m2
66;Opština Zvezdara , Mirijevo , Vitezova Karađorđeve Zvezde;125000;3.0;1894;halooglasi;Mirijevo 66m2 ID#4883
72;Opština Vračar , Kalenić pijaca , Njegoševa;285000;2.0;3958;halooglasi;Moderno renoviran stan u Njegoševoj sa parking mes
79;Opština Zvezdara , Mirijevo , Koste Nađa;144000;3.5;1823;halooglasi;Mirijevo, Koste Nađa ,79m2
37;Opština Stari grad , Terazije , Terazije;189000;1.5;5108;halooglasi;Terazije, odlična investicija, 43m2 mereno ID#7026
76;Opština Palilula , Padinska skela , Srpskog Husarskog puka;79000;3.0;1039;halooglasi;Srpskog Husarskog puka 76m2
27;Opština Zvezdara , Olimp , Milana Rakića;125000;0.5;4630;halooglasi;Svetao stan sa prelepim pogledom ID#128343
110;Opština Čukarica , Cerak vinogradi , Vinogradski Venac;195000;6.0;1773;halooglasi;Cerak vinogradi duplex ID#118190
87;Opština Voždovac , Lekino brdo , Kolašinska;160000;3.0;1839;halooglasi;Trosoban stan na Lekinom brdu ID#118102
96;Opština Stari grad , Centar , Kraljice Natalije;275000;4.0;2865;halooglasi;Dvostran sa dva ulaza ID#127417
90;Opština Vračar , Centar , Bulevar Kralja Aleksandra;417000;3.0;4633;halooglasi;Novogradnja u centu Vračara ID#128043
72;Opština Zvezdara , Mirijevo , Mirka Banjevića;147000;3.0;2042;halooglasi;Odličan stan ID#128009
52;Opština Zemun , Galenika , Sestara Strain;144990;2.0;2788;halooglasi;Hitna prodaja Zemun-Galenika ID#128110
75;Opština Voždovac , Kumodraž , Bulevar Peka Dapčevića;195000;3.0;2600;halooglasi;Renoviran stan na top lokaciji ID#127135
43;Opština Voždovac , Voždovačka crkva , Vojvode Stepe;149999;2.0;3488;halooglasi;Svetao i sunčan ID#127618
88;Opština Novi Beograd , Bežanijska kosa 1 , Peđe Milosavljevića;225000;2.5;2557;halooglasi;Odličan stan na Bežanijskoj kosi ID#128065
100;Opština Zemun , Gornji grad , Rade Končara;220000;4.0;2200;halooglasi;Uknjižen dupleks u novoj zgradi ID#123043
37;Opština Vračar , Južni bulevar , Vojvode Hrvoja;128240;2.0;3466;halooglasi;U elitnom delu grada ID#123095
45;Opština Vračar , Južni bulevar , Vojvode Hrvoja;145000;2.0;3222;halooglasi;U elitnom delu grada ID#123097
40;Opština Vračar , Južni bulevar , Vojvode Hrvoja;140840;2.0;3521;halooglasi;U elitnom delu grada ID#123096
37;Opština Vračar , Južni bulevar , Vojvode Hrvoja;128240;2.0;3466;halooglasi;U elitnom delu grada ID#122944
75;Opština Zvezdara , Gradska bolnica , Kladovska;202000;3.0;2693;halooglasi;Odličan 3.0 stan u maloj zgradi novije gradnje ID#
85;Opština Novi Beograd , Blok 63 , Jurija Gagarina;169990;3.5;2000;halooglasi;3.5 stan u urednoj zgradi, blok 63 ID#126646
60;Opština Stari grad , Centar , Balkanska;265000;2.0;4417;halooglasi;Prostran, svetao stan, bez dodatnih ulaganja ID#12
66;Opština Vračar , Kalenić pijaca , Njegoševa;285000;2.0;4318;halooglasi;Kalenić, renoviran stan ID#122494
45;Opština Zvezdara , Mirijevo , Kapetana Miloša Žunjića;87000;2.0;1933;halooglasi;Zvezdara, Mirijevo III - Kapetana Miloša Žunjića
85;Opština Savski venac , Kneza Miloša , Kneza Miloša;389000;3.0;4576;halooglasi;Centar, Skyline, Kneza Milosa
67;Opština Vračar , Čubura , Svetozara Gligorića;148000;3.0;2209;halooglasi;Cubura, Svetozara Gligorica
27;Opština Zemun , Gornji grad , Cara Dušana;58000;0.5;2148;halooglasi;Zemun, Gornji grad - Cara Dušana, 27m2
20;Opština Zemun , Gornji grad , Cara Dušana;49000;0.5;2450;halooglasi;Zemun, Gornji grad - Cara Dušana, 20m2
188;Opština Savski venac , Dedinje , Flore Sends;800000;3.5;4255;halooglasi;Dedinje Panorama sa 2 garažna mesta
34;Opština Novi Beograd , Bežanijska kosa 3 , Vespučijeva;55000;1.0;1618;halooglasi;Novi Beograd - Bežanijska kosa
58;Opština Zemun , Zemun polje , Akrobate Aleksića;109000;2.0;1879;halooglasi;Zemun | Akrobate Aleksića
36;Opština Rakovica , Kneževac , Slavka Rodića;51900;1.5;1442;halooglasi;Rakovica odličan 1.5 stan ID#1319
40;Opština Savski venac , Beograđanka , Admirala Geprata;140000;1.5;3500;halooglasi;1.5 stan kod Beograđanke, Admirala Geprata ID#2265
89;Opština Novi Beograd , Bežanijska kosa 1 , Nikole Dobrovića;270000;3.5;3034;halooglasi;Bež. Kosa, Nikole Dobrovića IVsp,CG, 102m2 duplex
130;Opština Stari grad , Gundulićev venac , Venizelosova;650000;4.0;5000;halooglasi;Novi Dorćol, izuzetan, pogled, 130m2, garaža ID#12
152;Opština Palilula , 27. marta , Đušina;525000;3.0;3454;halooglasi;Moderan penthaus, novogradnja sa garažom
90;Opština Zemun , Meandri , Rade Končara-Zemun;155000;3.0;1722;halooglasi;Meandri, 90m2, III, eg
102;Opština Voždovac , Medaković padina , Svetozara Radojčića;169500;3.0;1662;halooglasi;Medaković III, 102m2, II, podno, nov, parking mest
40;Opština Palilula , Karaburma , Mirijevski bulevar-Palilula;99900;1.5;2498;halooglasi;Karaburma-M.Bulevar, 40m2, vpr, cg, uknj
96;Opština Novi Beograd , Blok 28 , Bulevar Milutina Milankovića;240000;4.0;2500;halooglasi;Novi Beograd, Blok 28, 96m2, XIV/XVII
58;Opština Voždovac , Autokomanda , Ljube Šercera;155000;2.5;2672;halooglasi;Autokomanda, 2 stana, parking i dvorište, 58m2, PR
167;Opština Savski venac , Centar , Vojvode Milenka;760000;4.0;4551;halooglasi;Savski venac-Kneza Miloša-Residence-4.0-Uknjižen I
51;Opština Novi Beograd , Ledine ,;79560;2.5;1560;halooglasi;Ledine-Izvorska-2.5-Novogradnja ID#2327
63;Opština Novi Beograd , Ledine ,;114345;2.5;1815;halooglasi;Ledine-Novogradnja-Dvoiposoban ID#2325
74;Opština Novi Beograd , Paviljoni , Bulevar Mihajla Pupina;180000;3.0;2432;halooglasi;Novi Beograd-Blok 8-Stari Merkator-3.0-Uknjižen ID
119;Opština Novi Beograd , Blok 67a (A blok) , Uroša Martinovića;386000;3.5;3244;halooglasi;Novi Beograd - A Blok-3.5-Dva garažna mesta-Uknjiž
30;Opština Vračar , Južni bulevar , Južni bulevar;108000;1.0;3600;halooglasi;Vracar Juzni Bulevar jednosoban sa terasom
45;Opština Čukarica , Čukarička padina , Stevana Đurđevića Trošarinca;130000;2.0;2889;halooglasi;Čukarička Padina,2,0,45m2,uknjižen ID#2985
75;Opština Čukarica , Cerak , Jablanička;180000;3.0;2400;halooglasi;Jablanička, Cerak, Čukarica ID#2260
31;Opština Novi Beograd , Blok 45 (TC Enjub) , Jurija Gagarina;99000;0.5;3194;halooglasi;Blok 45 - kod doma zdravlja ID#1064
55;Opština Palilula , Karaburma , Stevana Dukića;110000;2.5;2000;halooglasi;2.5 stan na Karaburmi bez ulaganja ID#1790
72;Opština Zvezdara , Mirijevo , Miroslava Krleže;143000;2.5;1986;halooglasi;Mirijevo Miroslava Krleže 72m2
27;Opština Čukarica , Cerak , Sandžačka;56700;1.5;2100;halooglasi;1.5 Cerak, Sandžačka, 27, pr, TA
62;Opština Zvezdara , Učiteljsko naselje , Zivka Davidovica;162975;2.5;2650;halooglasi;Prodaja, stan, Zivka Davidovica, 61.5m2, Id728
93;Opština Novi Beograd , Blok 63 , Gandijeva;225000;4.0;2419;halooglasi;Odličan 4.0 Immocentar
49;Opština Novi Beograd , Ledine , Luja Daviča;82450;2.0;1683;halooglasi;Ledine, 2,0 lux
66;Opština Novi Beograd , Blok 23 , Bulevar Milutina Milankovića;188000;2.5;2848;halooglasi;Novi Beograd-Blok 23-Bulevar Milutina Milankovića
188;Opština Savski venac , Dedinje , Flore Sends;1000000;3.5;5319;halooglasi;Dedinje Panorama sa 2 garažna mesta
64;Opština Novi Beograd , Blok 62 , Jurija Gagarina;140000;2.5;2188;halooglasi;Blok 62
84;Opština Zemun , Prvomajska , -;168000;3.0;2000;halooglasi;Zemun, Prvomajska, Šilerova
85;Opština Zemun , Centar , Vlade Obradovića;180000;4.0;2118;halooglasi;Zemun, centar, Čukovac
60;Opština Novi Beograd , Blok 65 , Omladinskih brigada;325000;2.0;5417;halooglasi;West 65 Tower
67;Opština Novi Beograd , Blok 62 , Dušana Vukasovića;158000;2.5;2358;halooglasi;Dvoiposoban stan
52;Opština Vračar , Bulevar kralja Aleksandra , Golsvordijeva;195000;2.0;3750;halooglasi;Vukov spomenik, dvosoban stan
97;Opština Novi Beograd , Bežanijska kosa 2 , Marka Čelebonovića;250000;3.5;2577;halooglasi;Bežanijska kosa II, Marka Čelebonovića, 3.5, 97m2
40;Opština Stari grad , Obilićev venac , Cara Lazara;118000;0.5;2950;halooglasi;Obilićev venac - Cara Lazara
86;Opština Zemun , Centar;199000;3.5;2314;halooglasi;Salonac-centar Zemuna
62;Opština Savski venac , Dedinje;235000;2.5;3790;halooglasi;Komforan porodičan stan
65;Opština Palilula , Pančevački most , Ugao Knićaninove i Ive Kurjačkog;105000;3.0;1615;halooglasi;Premium trosoban smart stan - K3 Blok
17;Opština Vračar , Kalenić pijaca , Mileševska;78000;0.5;4588;halooglasi;Vračar-odlična investicija
56;Opština Palilula , Karaburma , Pabla Nerude;111900;3.5;1998;halooglasi;Karaburma-nov
58;Opština Palilula , Višnjička Banja , Višnjički venac;125000;3.5;2155;halooglasi;Višnjička banja-crvena fasadna cigla
83;Opština Zemun , Batajnica , Kesara Vojihne;120350;4.0;1450;halooglasi;Luksuzan trosoban stan u Batajnici, Zemun
92;Opština Zemun , Batajnica , Kesara Vojihne;133400;4.0;1450;halooglasi;luksuzan trosoban stan + lakal 15 m2, Batajnica
66;Opština Zemun , Karađorđev trg , Karađorđeva-Zemun;214900;2.5;3256;halooglasi;Karađorđev trg, 66m2, XIX, cg, lux, namešten, jedi
138;Opština Zvezdara , Lion;398500;4.5;2888;halooglasi;Raskošan penthaus na Lionu
59;Opština Zvezdara , Mirijevo , Nine Kirsanove;112100;3.0;1900;halooglasi;Trosoban stan na prodaju, Mirijevo III
93;Opština Zemun , Retenzija , Prve pruge;295000;4.0;3172;halooglasi;Retenzija, Prve pruge
74;Opština Zvezdara , Dimitrija Tucovića , Dimitrija Tucovića;179000;3.0;2419;halooglasi;Dimitrija Tucovića
73;Opština Vračar , Gospodara Vučića , Gospodara Vučića;185000;3.5;2534;halooglasi;Voždovac-Gospodara Vučića
55;Opština Zemun , Karađorđev trg , Kapetana Radiča Petrovića;149000;2.0;2709;halooglasi;Zemun, odlična lokacija
72;Opština Zemun , Batajnica , Bihaćka;122400;2.5;1700;halooglasi;Batajnica, Bihaćka
61;Opština Zemun , Zemun polje , Dušana Mađarčića Korčagina 2.deo;99900;2.0;1638;halooglasi;Zemun polje, 2.0, odmah useljiv
45;Opština Zemun , Pregrevica , Mušickog;69000;2.0;1533;halooglasi;Retko u ponudi odličan duplex
41;Opština Novi Beograd , Blok 67 (Belvil) , Jurija Gagarina;149000;1.5;3634;halooglasi;Jurija Gagarina – Belville ID#43107
84;Opština Zvezdara , Cvetanova ćuprija , Mate Miloševića;195000;4.0;2321;halooglasi;Naselje Veljko Vlahović, duplex, mereno 92m2 ID#55
66;Opština Zvezdara , Olimp;151800;3.5;2300;halooglasi;Lux stan kod Olimpa - bez provizije
51;Opština Palilula , Krnjača , Partizanski blok ulica 1.;76500;2.0;1500;halooglasi;Krnjača METRO,najbolja lokacija,sa dozvolom
72;Opština Zvezdara , Zeleno brdo , Zabrđanska;144000;3.0;2000;halooglasi;Zvezdara-Bul.kralja Aleksandra
103;Opština Vračar , Hram svetog Save , Dubljanska;280000;3.0;2718;halooglasi;Novogadnja-Hram, povraćaj  PDV-a
185;Opština Savski venac , Dedinje ,;1000000;4.0;5405;halooglasi;Beograd, Dedinje, Stan, 4.0, 185m2
75;Opština Voždovac , Lekino brdo ,;221800;3.0;2957;halooglasi;Sjajan i svetao nov lux stan
105;Opština Savski venac , Beograd na vodi , BW Terraces;890000;3.0;8476;halooglasi;Lux stan u Premium zgradi u Beogradu na vodi
57;Opština Zvezdara , Đeram pijaca , Šabačka;178000;2.0;3123;halooglasi;Novogradnja kod Đerma
80;Opština Čukarica , Banovo brdo;258357;3.0;3240;halooglasi;Novogradnja, Banovo brdo, 78,15 m2, cena bez pdv-a
77;Opština Voždovac , Braće Jerković , Dragice Končar;138000;2.5;1792;halooglasi;VOŽDOVAC, Savršena struktura, kvm, adaptibilan
85;Opština Novi Beograd , Blok 67a (A blok) , Uroša Martinovića;355500;3.0;4182;halooglasi;Trosoban stan, SAVADA 1, kod TC Delta City, 85m²
98;Opština Voždovac , Lekino brdo ,;321600;3.0;3282;halooglasi;Luksuzan stan Lekino brdo-Šumice
53;Opština Zvezdara , Mirijevo;98940;2.0;1890;halooglasi;Lux novogradnja, Mirijevo 3, 52,35 m2
70;Opština Voždovac , Vojvode Stepe , Nikšićka;234000;2.5;3351;halooglasi;Nikšićka ulica stan sa garažom na prodaju Voždovac
52;Opština Čukarica , Julino brdo , Grigora Viteza;100000;2.0;1923;halooglasi;Prodaja dvosobn stana na Julinom b bez posrednika
80;Opština Vračar , Pravni fakultet , Kumanovska;382000;3.0;4775;halooglasi;Kumanovska 80m2+18m2 predprostor+4m2 lođa + garaža
75;Opština Savski venac , Višegradska , Višegradska;225000;3.0;3000;halooglasi;Trosoban, Višegradska
62;Opština Čukarica , Filmski grad , Kneza Višeslava;150000;2.5;2444;halooglasi;Odličan, 2,5, 61m2, lođa, lift, Filmski Grad
130;Opština Čukarica , Golf , Tuniska;460000;4.0;3538;halooglasi;Golf naselje, Tuniska, mereno147m2 ID#4240
48;Opština Zemun , Meandri , Banjička;107000;2.0;2229;halooglasi;Dvosoban stan u Zemunu, Meandri, 48m2, Hitno!
105;Opština Zvezdara , Mirijevo , Meše Selimovića;149000;4.5;1419;halooglasi;Mirijevo, kod škole
55;Opština Stari grad , Dorćol , Jevrejska;215000;2.0;3909;halooglasi;Centar, Jevrejska,  Donji Dorćol
49;Opština Zemun , Gornji grad , Senjska;85000;2.0;1735;halooglasi;Zemun, Gornji grad, Senjska
38;Opština Vračar , Južni bulevar , Južni bulevar;136000;1.5;3673;halooglasi;Novogradnja Južni bulevar 1/4
105;Opština Čukarica , Banovo brdo ,;217000;4.0;2067;halooglasi;B.Brdo,Golf 105m2,4sob,dupl. 5. sprat,lift,renovir
67;Opština Voždovac , Trošarina , Save Maškovića;182350;2.5;2750;halooglasi;Trošarina 66.31m2 2,5sob,3/7 klima, alu stoalrija,
101;Opština Voždovac , Trošarina , Save Maškovića;260650;4.0;2600;halooglasi;Trosarina,penthaus 100,25+6,5m2 gratis,4,0sob 3mč,
30;Opština Voždovac , Vojislava Ilića , Jasenička;114000;1.0;3800;halooglasi;Voždovac, Vojislava Ilica, nov, 1,0, 30m2 CG, 1/5
99;Opština Čukarica , Banovo brdo ,;275000;3.5;2797;halooglasi;Beograd, Banovo Brdo, Lux novogradnja, 98,33m2
94;Opština Čukarica , Banovo brdo ,;234990;4.0;2500;halooglasi;B. Brdo 94m2, 4.0sob, 3/6, cg, 2 kupatila, sredjen
64;Opština Voždovac , Trošarina , Save Maskovica;151350;2.5;2400;halooglasi;Trosarina,63m2,2,5sob,5/7lux,alu,useljiv,kalorimet
64;Opština Novi Beograd , Bežanijska kosa 1 ,;176151;2.0;2785;halooglasi;Beograd, Bezanijska kosa, Lux novogradnja, 63,25m2
75;Opština Novi Beograd , Arena ,;240000;3.0;3200;halooglasi;Novi Beograd, Arena, 3,0 75m2, 5/7 CG, Lift
76;Opština Voždovac , Trošarina , Save Maškovića;203850;3.0;2700;halooglasi;Trosarina 75.50m2 3,00sob 3/7, , novo, lux, lođa u
136;Opština Stari grad , Trg Nikole Pašića ,;450000;4.0;3309;halooglasi;Trg Nikole Pasica, salonac, 136m2, 4,0, 3/5 CG
93;Opština Voždovac , Trošarina , Vojvode Stepe;250000;3.0;2707;halooglasi;Beograd, Vozdovac,Vojvode Stepe, Lux, 92,35m2,  3.
70;Opština Vračar , Hram svetog Save , Krušedolska;295000;3.0;4214;halooglasi;Salonac kod Hrama
85;Opština Novi Beograd , Bežanijska kosa 2 , Marka Čelebonovića;296000;3.5;3482;halooglasi;Bežanisjka kosa , 3.5 renoviran, uknjižen ID#3210
45;Opština Zemun , Kalvarija , Prvomajska;130210;1.5;2900;halooglasi;Prvomajska , Zemun, nov ID#1103
81;Opština Voždovac , Lekino brdo , Trebinjska;159000;4.0;1963;halooglasi;Odličan stan - centar Lekinog brda ID#1334
42;Opština Zvezdara , Učiteljsko naselje , Dolenjska;110500;1.5;2631;halooglasi;Učiteljsko naselje
91;Opština Zvezdara , Lipov lad , Despota Olivera;245000;3.5;2692;halooglasi;LIPOV LAD, 3.5 soban, 91 m2, c.g. uknjizen,
48;Opština Zemun , Gardoš , Slavonska;155000;2.0;3229;halooglasi;Blizina Gardoša, uknjižen dvosoban ID#6272
94;Opština Stari grad , Terazije , Kraljice Natalije;275000;3.5;2926;halooglasi;Terazije - Kraljice Natalije ID#1618
77;Opština Zvezdara , Vukov Spomenik;219000;3.0;2844;halooglasi;Odlična investicija! 3.0 stan u ul. Vojvode Brane.
29;Opština Zvezdara , Učiteljsko naselje , Paje Jovanovića;69500;1.5;2397;halooglasi;Zvezdara - Paje Jovanovića 29kvm (ukupno 31kvm)
78;Opština Voždovac , Lekino brdo , Tetovska;232000;2.5;2974;halooglasi;Prodajemo dvoiposoban stan na Lekinom brdu, 78m2
63;Opština Voždovac , Mitrovo Brdo , Dukatska;148000;2.5;2349;halooglasi;Prodajemo stan od 63m², Dukatska ulica, Voždovac
39;Opština Obrenovac , Obrenovac (mesto) , Kralja Aleksandra I;59480;1.5;1525;halooglasi;Jednoiposoban Stan u Izgradnji 39.92m2 u Obrenovcu
38;Opština Obrenovac , Obrenovac (mesto) , Kralja Aleksandra I;58080;1.5;1528;halooglasi;Jednoiposoban stan u izgradnji 38.98m2 u Obrenovcu
43;Opština Obrenovac , Obrenovac (mesto) , Kralja Aleksandra I;64636;1.5;1503;halooglasi;Jednoiposoban stan u izgradnji 43.38m2 u Obrenovac
57;Opština Obrenovac , Obrenovac (mesto) , Kralja Aleksandra I;83317;2.0;1462;halooglasi;Dvosoban stan u Izgradnji 57.46m2 u Obrenovcu
28;Opština Obrenovac , Obrenovac (mesto) , Kralja Aleksandra I;44531;1.0;1590;halooglasi;Garsonjera u Izgradnji 28.73m2 u Obrenovcu
60;Opština Obrenovac , Obrenovac (mesto) , Kralja Aleksandra I;87246;2.0;1454;halooglasi;Dvosoban Stan u Izgradnji 60.17m2 u Obrenovcu
80;Opština Zvezdara , Vukov Spomenik , Ruzveltova;249000;4.0;3112;halooglasi;Lep stan kod Vukovog spomenika/može u dva manja
37;Opština Stari grad , Kalemegdan , Gospodar Jovanova;250000;1.5;6757;halooglasi;Kalemegdan, Gospodar Jovanova, 37m2 ID#4238
62;Opština Voždovac , Dušanovac , Ustanička;142000;2.0;2290;halooglasi;Stan sa prelepim pogledom na grad, Ustanička 62kvm
60;Opština Savski venac , Dedinje , Boška Petrovića;148000;2.0;2467;halooglasi;Dedinje, 60 m2, uknjižen, pr, cg, za renoviranje
65;Opština Rakovica , Vidikovac , Katarine Holecev;150000;3.0;2308;halooglasi;Rakovica, 3,0, pr, nov, ta, građ. dozvola
59;Opština Voždovac , Lekino brdo , Strumička;224000;2.5;3797;halooglasi;Dvoiposoban stan na Lekinom brdu, Strumička, 59m2
125;Opština Savski venac , Beograd na vodi , Bulevar Vudroa Vilsona;518888;4.0;4151;halooglasi;BW King's Park, sa baštom, orijentisan ka Savskom
76;Opština Novi Beograd , Blok 63 , Jurija Gagarina;172400;3.0;2268;halooglasi;Trosoban sa lepim pogledom, Blok 63
71;Opština Novi Beograd , Blok 61 , Dr Ivana Ribara;155000;2.0;2183;halooglasi;Dr Ivana Ribara Blok 61 Novi Beograd Beograd Sr...
55;Opština Zemun , Kalvarija , Zlatiborska;160000;3.0;2909;halooglasi;Stan u Zemunu na Kalvariji
63;Opština Voždovac , Lekino brdo , Tikveška;185000;3.0;2937;halooglasi;Lekino brdo, Tikveška, 3.0, 63m2 ID#4459
52;Opština Voždovac , Šumice , Todora Dukina;93000;2.5;1788;halooglasi;Šumice, novogradnja 52m2 ID#6746
40;Opština Zvezdara , Mirijevo , Grge Jankesa;99900;1.5;2498;halooglasi;Mirijevo, Grge Jankesa, lux novogradnja, 40,46m2 I
41;Opština Zvezdara , Mirijevo , Grge Jankesa;99900;1.5;2437;halooglasi;Mirijevo, Grge Jankesa, lux novogradnja, 41,39m2 I
55;Opština Palilula , Borča , Banijska;81900;2.0;1489;halooglasi;Borča - Banijska-2,0-55m2+4m2 - uknjižen
42;Opština Zvezdara , Mirijevo , Grge Jankesa;99900;2.0;2379;halooglasi;Mirijevo, Grge Jankesa, lux novogradnja, 42m2 ID#5
89;Opština Vračar , Centar , Kneza Miloša;285000;6.0;3202;halooglasi;Stan u Kneza Milosa (vlasnik)
46;Opština Zvezdara , Bulevar kralja Aleksandra , Ruže Jovanović;132800;2.0;2887;halooglasi;Zvezdara - Novogradnja -46,44m2-prvi sprat
128;Opština Stari grad , Dorćol ,;591000;4.0;4617;halooglasi;Dorcol-penthouse sa 3 spavace sobe, u izgradnji
68;Opština Zvezdara , Učiteljsko naselje , Živka Davidovića;198220;3.0;2915;halooglasi;Zvezdara-Aviv park-novogradnja-68m2 + 3 terase
57;Opština Zvezdara , Učiteljsko naselje , Živka Davidovića;166155;3.0;2915;halooglasi;Zvezdara-Aviv park-novogradnja-57m2+dvorište
18;Opština Palilula , Bogoslovija , Čiče Romanijskog;36000;0.5;2000;halooglasi;Bogoslovija-garsonjera 18m2+5m2 galerija,uknjižena
65;Opština Zvezdara , Bulevar kralja Aleksandra , Ruže Jovanović;185300;2.0;2851;halooglasi;ZVEZDARA - NOVOGRADNJA -64,79m2-prvi sprat
60;Opština Zvezdara , Konjarnik , Mihaila Todorovića;99000;2.0;1650;halooglasi;Konjarnik | Mihaila Todorovića | 2.0 | 60+L
67;Opština Zemun , Galenika , Sestara Strain;145000;2.0;2164;halooglasi;Galenika,garaža, parking mesto,52+15,lux ID#1134
35;Opština Novi Beograd , Bežanijska kosa 3 , Nedeljka Gvozdenovića;135000;2.0;3857;halooglasi;Lux 2.0  stan na B. Kosi ID#1645
77;Opština Voždovac , Braće Jerković , Dragice Koncar;175000;3.0;2273;halooglasi;Exstra Luks,Vozdovac,Dragice Koncar ID#1046
77;Opština Zvezdara , Učiteljsko naselje ,;204000;3.0;2649;halooglasi;Aviv park, II, 77m2, EG - Bez Provizije
96;Opština Zvezdara , Đeram pijaca , Šabačka;244000;3.5;2542;halooglasi;Extra stan, 96m2, 3.5, EG, Useljiv
73;Opština Palilula , Borča , Zrenjaninski put;95000;3.0;1301;halooglasi;Uknjižen stan u Borči
40;Opština Čukarica , Banovo brdo , Paštrovićeva;116000;1.5;2940;halooglasi;Banovo brdo, 1,5 soban, 39,45 m2, lux,
51;Opština Novi Beograd , Opština , Bulevar Zorana Đinđića;144000;2.5;2824;halooglasi;Svetao i funkcionalan stan, 51m2, 2.0, Bul.Z.Đ
57;Opština Vračar , Čubura , Vardarska;141000;2.0;2474;halooglasi;Vardarska ulica, stan na prodaju, Čubura, Vračar
63;Opština Zvezdara , Mirijevo , Kapetan Miloša Žunjica;108000;3.0;1714;halooglasi;Bez provizije, novogradnja, lux
33;Opština Voždovac , Medaković 2 , Rastka Petrovića;80000;1.5;2424;halooglasi;Svetao, bez ulaganja ID#1349
96;Opština Novi Beograd , Blok 63 , GANDIJEVA;235000;3.5;2448;halooglasi;N.Bgd  bl 63  Gandijeva  96M I 3,5 cg   uknjižen
50;Opština Čukarica , Železnik , 8. marta;63000;2.5;1260;halooglasi;Železnik ul 8 Marta 50m + 30m II TA 2,5 + PTK 30m
66;Opština Stari grad , Kralja Petra , Kralja Petra;295000;3.0;4470;halooglasi;Centar Kralja Petra  66M 3,5  za poslovni prostor
69;Opština Savski venac , Centar , Admirala Geprata;279000;3.0;4043;halooglasi;Odlična lokacija,za sređivanje - 69kvm
95;Opština Palilula , Centar , Milana Tankosića;363000;5.0;3821;halooglasi;Hadžipopovac - M. Tankosića 95kvm (ukupno 134kvm)
60;Opština Zvezdara , Mirijevo , Kapetana Miloša Žunjića;115000;2.5;1917;halooglasi;Kapetana Miloša Žunjića, Mirijevo, Zvezdara
47;Opština Novi Beograd , Stari Merkator , Bulevar maršala Tolbuhina;141000;2.0;3000;halooglasi;Stari Merkator,M.Tolbuhina,47m2,II/13,Cg,lift, 2.0
20;Opština Voždovac , Braće Jerković , Braće Jerković;55000;0.5;2750;halooglasi;Braće Jerković, gasonjera, 20 m2, I sprat
42;Opština Zvezdara , Mirijevo , Mirijevski Venac;80000;1.0;1905;halooglasi;Mirijevo 1.0,  42 m2, uknjižen
41;Opština Stari grad , Dorćol , Капетан Мишина;123000;2.0;3000;halooglasi;Допћол, Капетан Мишина 41м2
88;Opština Stari grad , Centar , Kapetan Mišina;315000;3.0;3580;halooglasi;Stari grad, Kapetan Mišina, salonac, prodaja
96;Opština Zvezdara , Crveni krst , Kajmakčalanska;399000;3.0;4156;halooglasi;Izuzetan duplex, terasa, mereno 110m2 ID#7288
84;Opština Novi Beograd , Blok 61;196000;3.0;2333;halooglasi;Novi Beograd -Blok 61- 84m2 Trosoban - Odličan
115;Opština Palilula , Cvijićeva , Cvijićeva;230000;4.0;2000;halooglasi;Palilula, Cvijićeva, 115m2 ID#50731
80;Opština Palilula , Kotež , OKRETNICA 43;81900;2.5;1024;halooglasi;KOTEŽ-CENTAR,2,0+0,5, 58+22M2, stara gradnja
66;Opština Novi Beograd , Blok 19a , Milentija Popovića;160000;2.0;2424;halooglasi;Odlična lokacija, dvosoban, prelep pogled ID#1118
58;Opština Zvezdara , Mirijevo , Matice Srpske;129000;2.5;2224;halooglasi;Zvezdara, Mirijevo - Matice Srpske
61;Opština Zvezdara , Veliki Mokri Lug , Dušana Srezojevića;135000;3.0;2213;halooglasi;Zvezdara, Medak padina - Dušana Srezojevića
143;Opština Zemun , Donji grad , Glavna;270000;4.5;1888;halooglasi;Zemun, Donji Grad - Glavna
72;Opština Stari grad , Centar , Ivan Begova;325000;2.0;4514;halooglasi;Stari grad - Centar
48;Opština Čukarica , Banovo brdo , Lješka;115000;2.0;2396;halooglasi;Banovo brdo, Lješka, 48m2 ID#53020
28;Opština Voždovac , Vojvode Stepe , Zavodska;56000;0.5;2000;halooglasi;Kod Farmaceutskog fakulteta, uknjižen ID#1375
37;Opština Palilula , Višnjička Banja , Slanački put;70000;1.5;1892;halooglasi;Palilula, Višnjička banja - Slanački put, 37m2
76;Opština Savski venac , Beograd na vodi , Durmitorska;199000;3.0;2618;halooglasi;Savski Venac, Beograd na vodi - Durmitorska, 76m2
19;Opština Vračar , Čubura , Černiševskog;56000;0.5;2947;halooglasi;Vračar, Čuburski park - Černiševskog, 19m2
80;Opština Zemun , Gornji grad , Pregrevica;245000;3.5;3062;halooglasi;Gornji grad, novogradnja 80m2 ID#6744
131;Opština Grocka , Kaluđerica , Dragoljuba Stojanovića 1. levi prilaz;89900;4.0;686;halooglasi;Kaluđerica, 4.0,131m2+terasa, uknjižen-hit.prodaja
80;Opština Novi Beograd , Bežanijska kosa 3 , Nedeljka Gvozdenovića;205000;3.0;2562;halooglasi;80m2 + lođa, 3.5- soban, fasadna cigla
72;Opština Novi Beograd , Bežanijska kosa 3 , Nedeljka Gvozdenovića;225000;2.5;3125;halooglasi;Energoprojektova zgrada, 2.5-soban, namešten
46;Opština Stari grad , Dorćol , Solunska;220800;2.0;4800;halooglasi;Dvosoban, Dorcol, Kalemegdan, 46m2
59;Opština Voždovac , Lekino brdo , Strumička;224000;3.0;3804;halooglasi;Lekino brdo, Strumicka, 3.0, 58.88 m2
57;Opština Zvezdara , Cvetkova pijaca ,;169000;2.5;2965;halooglasi;Cvetkova pijaca, Zvezdara ID#1368
49;Opština Zvezdara , Gradska bolnica , Varovnička;90000;2.0;1837;halooglasi;Varovnička, Gradska bolnica, Zvezdara ID#1356
28;Opština Zvezdara , Mirijevo , Ljube Danilovića;60000;1.5;2143;halooglasi;Mirijevski cvet - Useljiv - 1.5 (T) - Parking
250;Opština Savski venac , Dedinje;555000;4.0;2220;halooglasi;Dedinje,lux stan sa bazenom i dvorištem
90;Opština Zemun , Gornji grad , Slavonska;228000;3.0;2533;halooglasi;Novogradnja,Gornji grad,Slavonska 90m2
47;Opština Voždovac , Dušanovac ,;152900;2.0;3253;halooglasi;Lux - Novogradnja
45;Opština Zemun , Cara Dušana , Mušickog;69000;1.5;1533;halooglasi;Mušickog
72;Opština Čukarica , Čukarička padina , Lazarevački drum;182000;4.0;2528;halooglasi;Lazarevački drum, Čukarička padina, Čukarica
77;Opština Novi Beograd , Blok 29 , Bulevar umetnosti;196000;3.0;2545;halooglasi;Bulevar umetnosti, Blok 29, Novi Beograd
50;Opština Vračar , Crveni krst , Vilovskog;185000;2.0;3700;halooglasi;Crveni krst,Vilovskog,2.0,50m2,+10m2 T, u izgradnj
190;Opština Zvezdara , Mirijevo , Milića od Mačve;320000;6.0;1684;halooglasi;Zvezdara, Mirijevo - Milića od Mačve
66;Opština Zvezdara , Učiteljsko naselje , Kačićeva;149900;2.0;2271;halooglasi;Zvezdara, Učiteljsko naselje - Kačićeva
100;Opština Zvezdara , Lion , Radoja Domanovića;240000;3.5;2400;halooglasi;Zvezdara, Lion - Radoja Domanovića
50;Opština Palilula , Karaburma , Husinskih rudara;95000;2.0;1900;halooglasi;Karaburma - Stara okretnica
62;Opština Zvezdara , Mirijevo , Jovanke Radaković;120000;3.0;1935;halooglasi;Zvezdara - Mirijevo
39;Opština Zvezdara , Bulbulder , Ledinačka;119000;2.0;3051;halooglasi;Prodaje se stan,Zvezdara ID#1440
68;Opština Zvezdara , Mirijevo , Zagrađe;129500;2.5;1904;halooglasi;Mirijevo - Zagrađe
38;Opština Voždovac , Kumodraška , Kraljevačka;99900;1.0;2629;halooglasi;Vozdovac, Kraljevacka
58;Opština Čukarica , Julino brdo , Katarine Bogdanović;130000;2.0;2241;halooglasi;Julino brdo, stan+ garaža i dvorište, uknjiženo
72;Opština Vračar , Centar , Njegoševa;285000;2.5;3958;halooglasi;Vračar, Njegoševa 72m2,2.5,terasa+parking mesto #3
57;Opština Zvezdara , Konjarnik , Olge Alkalaj;140000;3.0;2456;halooglasi;Stan trosoban, Konjarnik
104;Opština Zvezdara , Crveni krst , Starca Vujadina;338000;4.0;3250;halooglasi;Starca Vujadina - 01 - Zvezdara
95;Opština Savski venac , Beograd na vodi , Bulevar Vudroa Vilsona;369000;3.0;3899;halooglasi;BW Quartet 1 - 02 - Beograd na vodi
20;Opština Zvezdara , Učiteljsko naselje , kozar;39900;0.5;1995;halooglasi;Učiteljsko naselje, 20m2, 0.5
61;Opština Zvezdara , Mirijevo , Pupinova;128000;2.5;2098;halooglasi;Prodajemo dvoiposoban stan u Mirijevu, 61m2
117;Opština Voždovac , Lekino brdo , Gospodara Vučića;560000;5.0;4786;halooglasi;Lekino brdo-lux novogradnja-Gospodara Vučića
141;Opština Zvezdara , Lipov lad , Đevđelijska;368500;4.5;2613;halooglasi;Lipov lad- Đevđelijska
91;Opština Novi Beograd , Ledine , Belfortska;191100;2.0;2100;halooglasi;Ledine, novogradnja, lux, sa pdv-om ID#1680
65;Opština Savski venac , Beograd na vodi , BW Nova;242888;2.5;3737;halooglasi;BW Nova,dve spavaće sobe - bez provizije za kupce!
75;Opština Savski venac , Centar , Nemanjina;215000;2.0;2867;halooglasi;Slavija, potkrovlje, uknjižen, 75 (60) ID#1125
45;Opština Palilula , Karaburma , Sime Šolaje;120000;2.0;2667;halooglasi;Karaburma,Sime Šolaje,45m2,2.0+terasa #3739
73;Opština Čukarica , Banovo brdo , Požeška;109000;3.0;1493;halooglasi;Prodaje se stan u Požeskoj ID#17022
140;Opština Novi Beograd , Blok 21 , Bulevar Zorana Đinđića;475000;4.0;3393;halooglasi;Blok 21, 4.0 lux, uknjižen, garaža ID#16140
87;Opština Novi Beograd , Blok 70 (kineski tržni centar) , Jurija Gagarina;209000;3.0;2402;halooglasi;Blok 70, 3.0 uknjižen, izvorno stanje ID#17199
68;Opština Novi Beograd , Bežanijska kosa 2 , Vespučijeva;156000;2.5;2294;halooglasi;Hitna prodaja, komforan stan u vojnim zgradama na
54;Opština Zvezdara , Kluz , Živka Davidovića;192000;3.0;3556;halooglasi;AVIV, lep koncept zgrade ID#5889
45;Opština Palilula , Karaburma , Garsije Lorke;95000;1.5;2111;halooglasi;Karaburma, 45m2 novija gradnja
73;Opština Voždovac , Voždovačka crkva , Vojvode Stepe;200750;3.0;2750;halooglasi;Trosoban stan, Voždovac, Vojvode Stepe, 73m2
30;Opština Novi Beograd , Fontana , Studentska;64000;1.5;2133;halooglasi;30m2, Novi Beograd-Studentska
73;Opština Novi Beograd , Blok 19a , Vladimira Popovića;197000;2.5;2699;halooglasi;Sava centar 2.5, 73 m2
91;Opština Stari grad , Kosančićev venac , Pop Lukina;245000;4.0;2692;halooglasi;4.0, Kosančićev venac, Pop Lukina, 91m2
145;Opština Savski venac , Dedinje , Pivljanina Baja;546000;4.0;3766;halooglasi;4.0, Dedinje, Pivljanina Baja, LUX, 145m2
57;Opština Savski venac , Dedinje , Stjepana Filipovića;165000;2.5;2895;halooglasi;Renoviran, 2.5, 57m2, Hajd park, Dedinje
83;Opština Zvezdara , Mirijevo , Učitelja Dragutina Prokića;170000;3.0;2048;halooglasi;3.0, Mirijevo, Učitelja Dragutina Prokića, 83m2
67;Opština Zemun , Galenika , Sestara Strain;145000;2.0;2164;halooglasi;Zemun, Galenika - Sestara Strain, 67m2
80;Opština Rakovica , Centar , Vrbnička;135900;3.0;1699;halooglasi;Rakovica - Premijer 3.0 80m2 + 2 terase
103;Opština Zvezdara , Mirijevo , Kapetana Miloša Žunjića;195000;4.0;1893;halooglasi;4.0 Mirijevo, Kapetana Miloša Žunjića, 103 m2
65;Opština Novi Beograd , Bežanijska kosa 2 , Vespučijeva;205000;3.0;3154;halooglasi;Bežanijska kosa, trosoban, uknjižen ID#1602
24;Opština Voždovac , Lekino brdo , Tikveška;55000;1.5;2292;halooglasi;Polusuteren na izuzetnoj lokaciji, top investicija
60;Opština Vračar , Karađorđev park ,;269000;2.0;4483;halooglasi;Luxuzan dvosoban stan u Nebojšinoj ulici
103;Opština Vračar , Kalenić pijaca , Ljubostinjska;395000;4.0;3835;halooglasi;Prodaja, stan, Kalenic, 103m2, Id1029
63;Opština Novi Beograd , Blok 28 , Španskih boraca;179000;3.0;2841;halooglasi;Španskih boraca, Štark Arena, Blok 28 ID#42699
150;Opština Stari grad , Skupština , Majke Jevrosime;415000;4.0;2767;halooglasi;Majke Jevrosime bliže Vlajkovićevoj ID#42740
110;Opština Zemun , Centar , Gundulićeva;320000;4.0;2909;halooglasi;Gundulićeva – Zemun ID#42846
84;Opština Zvezdara , Mirijevo , Ulofa Palmea;150000;2.0;1786;halooglasi;Beograd, Mirijevo II, Ulofa Palmea (ID: 1003) ID#1
65;Opština Savski venac , Dedinje;263424;3.0;4053;halooglasi;Novogradnja, Dedinje, 65 m2, cena bez pdv-a
61;Opština Savski venac , Dedinje;225218;3.0;3692;halooglasi;Novogradnja, Dedinje, 61 m2, cena bez pdv-a
50;Opština Savski venac , Dedinje;190000;2.0;3800;halooglasi;Novogradnja, Dedinje, 50 m2, cena bez pdv-a
86;Opština Vračar , Neimar ,;310000;3.0;3605;halooglasi;Lux stan, sa pogledom na Hram Sv. Save, 86 + 4 m2
70;Opština Zemun , Save Kovačevića ,;167808;2.5;2397;halooglasi;Novogradnja, Sava Kovačević, 70 m2, cena bez pdv-a
48;Opština Zemun , Save Kovačevića ,;119000;1.5;2479;halooglasi;Novogradnja, Sava Kovačević, 48 m2, cena bez pdv-a
70;Opština Zemun , Gornji grad ,;173625;3.0;2500;halooglasi;Useljiva novogradnja, Zemun, Gornji grad, 69,45 m2
40;Opština Palilula , Karaburma , Ćustendilska;90000;1.5;2250;halooglasi;Lux, Novogradnja, Ćustendilska, 40 m2, cena+pdv
41;Opština Zemun , Gornji grad , Cara Dušana;82000;1.0;2000;halooglasi;Zemun, Cara Dušana, 41 m2
76;Opština Palilula , Višnjička Banja , Sestara Janković;117000;2.0;1539;halooglasi;Višnjička banja,Sestara Janković, 76 m2
28;Opština Stari grad , Zeleni venac , Lomina;82000;1.0;2929;halooglasi;Zeleni venac, Lomina, 28 m2
104;Opština Čukarica , Bele vode , Janka MIšića;165000;6.0;1587;halooglasi;Renoviran duplex,Bele vode,Janka Mišića,104+25m2
78;Opština Vračar , Slavija , Svetozara Markovića;375000;3.0;4808;halooglasi;Lux, Slavija, Svetozara Markovića, 78 m2
77;Opština Voždovac , Lekino brdo , Pašmanska;260000;3.0;3377;halooglasi;Lekino brdo, Pašmanska, 77 m2
41;Opština Zvezdara , Đeram pijaca ,;89900;1.5;2241;halooglasi;Đeram pijaca, 40,11 m2 + garažno mesto
60;Opština Palilula , Karaburma , Pabla Nerude;111000;3.5;1850;halooglasi;Karaburma, Pabla Nerude 60 m2
77;Opština Zemun , Gornji grad ,;170000;3.5;2228;halooglasi;Lux novogradnja, Zemun, Gornji grad, 3.5, 76,30 m2
57;Opština Zvezdara , Đeram pijaca , Bulevar Kralja Aleksandra;160000;2.5;2807;halooglasi;Đeram pijaca, Bulevar kralja Aleksandra, 57+3 m2
83;Opština Stari grad , Terazije , Nušićeva;350000;3.0;4217;halooglasi;CENTAR, TERAZIJE, NUŠIĆEVA - pešačka zona
133;Opština Novi Beograd , Bežanijska kosa 2 , Marka Čelebonovića;310000;4.5;2331;halooglasi;Bežanijska kosa II, Marka Čelebonovića, 4.5, 133m2
75;Opština Novi Beograd , Blok 61 , Dr Ivana Ribara;182000;3.0;2427;halooglasi;Blok 61, panoramski pogled, mereno 83 ID#6269
27;Opština Zvezdara , Denkova bašta , Svetog Klimenta;82000;0.5;3037;halooglasi;Zvezdara, top
69;Opština Stari grad , Zeleni venac , Jug Bogdanova;210000;2.0;3043;halooglasi;Jug Bogdanova
93;Opština Vračar , Hram svetog Save , Brane Crnčevića;380000;3.0;4086;halooglasi;Vračar, Hram Svetog Save - Brane Crnčevića
61;Opština Zemun , Gornji grad , Prvomajska;158400;3.0;2600;halooglasi;Prvomajska, Gornji grad, Zemun ID#1482
42;Opština Zemun , Gornji grad , Prvomajska;108810;3.0;2600;halooglasi;Prvomajska, Gornji grad, Zemun ID#1481
44;Opština Zemun , Gornji grad , Prvomajska;112650;3.0;2600;halooglasi;Prvomajska, Gornji grad, Zemun ID#1483
32;Opština Voždovac , TC Stadion , Mickijevičeva;59000;1.0;1844;halooglasi;Micikijevićeva, TC Stadion, Voždovac ID#1211
71;Opština Zemun , Gornji grad , Prvomajska;184350;3.0;2600;halooglasi;Prvomajska, Gornji grad, Zemun ID#1490
44;Opština Zemun , Gornji grad , Prvomajska;112650;3.0;2600;halooglasi;Prvomajska, Gornji grad, Zemun ID#1488
42;Opština Zemun , Gornji grad , Prvomajska;108810;3.0;2600;halooglasi;Prvomajska, Gornji grad, Zemun ID#1487
61;Opština Zemun , Gornji grad , Prvomajska;158400;3.0;2600;halooglasi;Prvomajska, Gornji grad, Zemun ID#1486
71;Opština Zemun , Gornji grad , Prvomajska;184350;3.0;2600;halooglasi;Prvomajska, Gornji grad, Zemun ID#1485
37;Opština Zemun , Gornji grad , Prvomajska;95900;3.0;2600;halooglasi;Prvomajska, Gornji grad, Zemun ID#1484
37;Opština Zemun , Gornji grad , Prvomajska;95900;3.0;2600;halooglasi;Prvomajska, Gornji grad, Zemun ID#1494
44;Opština Zemun , Gornji grad , Prvomajska;112650;3.0;2600;halooglasi;Prvomajska, Gornji grad, Zemun ID#1493
42;Opština Zemun , Gornji grad , Prvomajska;108810;3.0;2600;halooglasi;Prvomajska, Gornji grad, Zemun ID#1492
61;Opština Zemun , Gornji grad , Prvomajska;158400;3.0;2600;halooglasi;Prvomajska, Gornji grad, Zemun ID#1491
42;Opština Zemun , Gornji grad , Prvomajska;104050;1.5;2500;halooglasi;Prvomajska, Gornji grad, Zemun ID#1499
67;Opština Zemun , Gornji grad , Prvomajska;198000;3.0;2991;halooglasi;Prvomajska, Gornji grad, Zemun ID#1497
71;Opština Zemun , Gornji grad , Prvomajska;184350;3.0;2600;halooglasi;Prvomajska, Gornji grad, Zemun ID#1495
28;Opština Rakovica , Miljakovac , Vukasovićeva;75000;1.0;2679;halooglasi;Vukasovićeva, Miljakovac, Rakovica ID#1506
75;Opština Voždovac , Vojvode Stepe , Vojvode Stepe;185000;3.0;2467;halooglasi;Vojvode Stepe, Voždovac ID#1508
22;Opština Vračar , Južni bulevar , Sime Igumanova;85000;0.5;3864;halooglasi;Sime Igumanova, Južni bulevar, Vračar ID#1512
157;Opština Zvezdara , Đeram pijaca , Đevđelijska;385000;4.0;2452;halooglasi;Đevđelijska, Đeram, Zvezdara ID#1513
36;Opština Zemun , Zemunske kapije , Šumadijska;122400;1.0;3400;halooglasi;Šumadijska, Zemunske kapije, Zemun ID#1654
54;Opština Zemun , Zemunske kapije , Šumadijska;145000;2.0;2685;halooglasi;Šumadijska, Zemunske kapije, Zemun ID#1355
60;Opština Čukarica , Cerak vinogradi , Jasenova;129700;2.5;2162;halooglasi;Jasenova, Cerak Vinogradi, Čukarica ID#1227
57;Opština Zemun , Meandri , Sremskih boraca;96000;2.0;1684;halooglasi;Sremskih Boraca, Meandri, Zemun ID#1234
32;Opština Čukarica , Bele vode , Bele vode;52000;1.0;1625;halooglasi;Bele vode, Čukarica ID#1233
46;Opština Palilula , Karaburma , Sloga;115000;2.0;2500;halooglasi;Slogina, Karaburma, Palilula ID#1515
59;Opština Voždovac , Šumice , Ljermontova;155000;2.5;2627;halooglasi;Ljermontova, Šumice, Voždovac ID#1363
61;Opština Čukarica , Banovo brdo ,;185790;4.0;3080;halooglasi;Novogradnja, Banovo brdo, Čukarica ID#1520
69;Opština Čukarica , Banovo brdo ,;210860;4.0;3080;halooglasi;Novogradnja, Banovo brdo, Čukarica ID#1519
138;Opština Čukarica , Banovo brdo ,;421960;4.0;3080;halooglasi;Novogradnja, Banovo brdo, Čukarica ID#1517
44;Opština Zemun , Meandri , Alaska;97000;1.5;2205;halooglasi;Alaska, Ugrinovačka, Zemun ID#1243
67;Opština Čukarica , Banovo brdo ,;204080;4.0;3080;halooglasi;Novogradnja, Banovo brdo, Čukarica ID#1524
72;Opština Čukarica , Banovo brdo ,;220890;4.0;3080;halooglasi;Novogradnja, Banovo brdo, Čukarica ID#1522
69;Opština Čukarica , Banovo brdo ,;210850;4.0;3080;halooglasi;Novogradnja, Banovo brdo, Čukarica ID#1526
67;Opština Čukarica , Banovo brdo ,;204080;4.0;3080;halooglasi;Novogradnja, Banovo brdo, Čukarica ID#1530
61;Opština Čukarica , Banovo brdo ,;185790;4.0;3080;halooglasi;Novogradnja, Banovo brdo, Čukarica ID#1529
67;Opština Čukarica , Banovo brdo ,;204080;4.0;3080;halooglasi;Novogradnja, Banovo brdo, Čukarica ID#1528
61;Opština Čukarica , Banovo brdo ,;187000;4.0;3079;halooglasi;Novogradnja, Banovo brdo, Čukarica ID#1527
133;Opština Čukarica , Banovo brdo ,;406740;4.0;3080;halooglasi;Novogradnja, Banovo brdo, Čukarica ID#1532
61;Opština Čukarica , Banovo brdo ,;185790;4.0;3080;halooglasi;Novogradnja, Banovo brdo, Čukarica ID#1531
73;Opština Čukarica , Čukarička padina , Obalskih Radnika;179888;3.5;2464;halooglasi;Obalskih radnika, Čukarička padina, Čukarica ID#15
36;Opština Stari grad , Gundulićev venac , Žorža Klemansoa;99000;1.5;2750;halooglasi;Žorža Klemansoa, Gundulićev venac, Stari grad ID#1
93;Opština Voždovac , Vojvode Stepe , Vojvode Stepe;253962;3.0;2750;halooglasi;Stan 92.35m2 Vojvode Stepe Vozdovac
99;Opština Čukarica , Banovo brdo , Požeška;275324;3.5;2800;halooglasi;Stan 98.33m2 u Pozeskoj ulici Banovo Brdo
54;Opština Zvezdara , Vukov Spomenik , Zahumska;205000;2.5;3796;halooglasi;VUKOV SPOMENIK STAN 54(T)
39;Opština Voždovac , Vojvode Vlahovića , Generala Đoke Popovića;75000;1.5;1923;halooglasi;Lux stan u Veljka Vlahovića,prvi sprat, 1,5 soban
39;Opština Zemun , Altina , Ugrinovacki put;68250;1.5;1750;halooglasi;Jednoiposobni stanovi od 29m2 do 46m2
31;Opština Stari grad , Kalemegdan , Tadeuša Košćuška;233000;1.0;7516;halooglasi;Kalemegdan, bez mana, retkost, prodaje vlasnik!
46;Opština Palilula , Višnjička Banja , Mirka Milojkovića;101000;2.0;2196;halooglasi;Palilula, Višnjička banja - Mirka Milojkovića
132;Opština Novi Beograd , Dr Ivana Ribara , Dr Ivana Ribara;230000;5.0;1742;halooglasi;Novi Beograd, Blok 72 - Dr Ivana Ribara
158;Opština Zvezdara , Đeram pijaca , Vojvode Savatija;550000;3.0;3481;halooglasi;Prodajemo odličan trosoban dupleks kod Đerma,158m2
46;Opština Novi Beograd , Ledine , Rembrantova;76500;1.5;1694;halooglasi;Ledine , ozakonjen, useljiv, 45m, I sp
126;Opština Vračar , Krunski venac , Kneginje Zorke;420000;4.5;3333;halooglasi;Vračar Metropol 126m2 četvoroiposoban I CG uknjiže
105;Opština Palilula , Palilulska pijaca , Kneza Danila;380000;4.0;3619;halooglasi;Palilula centar, pored Central Gardena, 4.0, 105m2
59;Opština Palilula , Bulevar despota Stefana , Bulevar despota Stefana;165000;3.0;2797;halooglasi;Bulevar Despota Stefana kod Lidla
55;Opština Zemun , Cara Dušana , Cara Dušana;112500;2.0;2045;halooglasi;Zemun 
90;Opština Savski venac , Beograd na vodi , Bulevar Vudroa Vilsona;370000;3.0;4111;halooglasi;BW, odmah useljiv trosoban stan, uknjižen, lux ID#
88;Opština Savski venac , Beograd na vodi , Bulevar Vudroa Vilsona;594000;3.0;6768;halooglasi;BW, retko u ponudi, privatno dvorište od 53 kvadra
41;Opština Stari grad , Trg Nikole Pašića , Dečanska;148000;2.0;3610;halooglasi;Dečanska, 41m2, odličan dvosoban
72;Opština Stari grad , Centar , Cara Uroša;286000;3.0;3972;halooglasi;Cara Uroša, trosoban, lux, opremljen
52;Opština Stari grad , Centar , Dositejeva;250000;2.0;4808;halooglasi;Izuzetan dvosoban stan u Dositejevoj
216;Opština Čukarica , Banovo brdo , Nikolaja Gogolja;800000;5.0;3704;halooglasi;Lux petosoban penthouse na Banovom brdu, 216m2
101;Opština Novi Beograd , Blok 67 (Belvil) , Jurija Gagarina;349990;3.0;3465;halooglasi;Novi Beograd, Belvil odličan sa 2 spavaće sobe.
83;Opština Zemun , Zemunske kapije , Šumadijska;305000;3.5;3675;halooglasi;Zemun, Zemunske kapije 83m2 ID#5157
84;Opština Novi Beograd , Blok 64 , Gandijeva;205000;3.5;2440;halooglasi;Gandijeva Blok 64 Novi Beograd Beograd Srbija
37;Opština Zvezdara , Mirijevo , Vlastimira Đuze Stojiljkovića;70500;1.5;1905;halooglasi;1.5 Mirijevo Đuze Stojiljkovića novogradnja 37kv
88;Opština Palilula , Dalmatinska , Dalmatinska;286000;3.0;3250;halooglasi;Dalmatinska 
106;Opština Rakovica , Skojevsko naselje , Luke Vojvodića;250000;4.0;2358;halooglasi;Skojevsko naselje, Luke Vojvodića ID#1980
49;Opština Zemun , Centar , Štrosmajerova;162000;2.5;3306;halooglasi;Zemun centar , Štrosmajerova , Lux
32;Opština Rakovica , Centar , Snežane Hrepevnik;65000;1.0;2031;halooglasi;Stan plus garaža, ispod Košutnjaka ID#1229
54;Opština Novi Beograd , Blok 45 (TC Enjub) , Jurija Gagarina;250000;2.0;4630;halooglasi;Škodina zgrada,komplet namešten, 54m2 ID#7070
77;Opština Palilula , Centar , Mitropolita Petra;225000;2.0;2922;halooglasi;Hala Pionir Novija zgrada Garaža ID#1268
53;Opština Palilula , Karaburma , Mirijevski bulevar;125000;2.0;2358;halooglasi;Karaburma, 53m2, uknjižen, kompletno renoviran
120;Opština Novi Beograd , Blok 38 , Bulevar Arsenija Čarnojevića;349000;4.0;2908;halooglasi;Blok 38, 120m2, VIII, cg
74;Opština Novi Beograd , Stari Merkator , Luja Adamiča;208500;2.0;2818;halooglasi;Odličan stan, retko u ponudi, uknjižen
34;Opština Novi Beograd , Blok 44 (TC Piramida) , Nehruova;101800;1.5;2994;halooglasi;Blok 44, Nehruova, uknjižen, renoviran
77;Opština Palilula , Botanička bašta , Šajkaška;240000;3.5;3117;halooglasi;Palilula, Botanička bašta - Šajkaška 77m2
59;Opština Zemun , Prvomajska , Prvomajska;141600;2.0;2400;halooglasi;Zemun, Prvomajska, 2.0, 59m2
67;Opština Palilula , Višnjička Banja , Mirka Milojkovića;127000;3.0;1896;halooglasi;Sunnyville, Mirka Milojkovića, 67m2 ID#52983
72;Opština Rakovica , Labudovo brdo , 11. krajiške divizije;115000;2.5;1597;halooglasi;Labudovo brdo, 72m2, IX, eg
92;Opština Voždovac , Trošarina , Vojvode Stepe;253900;3.0;2760;halooglasi;Vojvode Stepe-Vojvoda Residence, 92m2, VI, novo,
47;Opština Voždovac , Šumice , Ljermontova;118000;2.0;2511;halooglasi;Šumice 47m²
64;Opština Stari grad , London , Kralja Milana;215000;2.0;3359;halooglasi;Prodaje se 2.0-32kv+32kv-galerija,Kod Londona
125;Opština Zvezdara , Cvetkova pijaca , Milana Rakića;249000;6.0;1992;halooglasi;Zvezdara, Lux Penthouse 125m2
105;Opština Savski venac , Mostarska petlja , Dobropoljska;295000;3.0;2810;halooglasi;Autokomanda, lux nov stan 105m2
74;Opština Novi Beograd , Blok 23;210000;3.0;2838;halooglasi;Blok 23, odličan trosoban stan
90;Opština Rakovica , Kanarevo brdo , Kanarevo brdo;85000;3.0;944;halooglasi;Kvalitetno i povoljno
55;Opština Palilula , Bulevar despota Stefana , Bulevar despota Stefana;154000;2.0;2800;halooglasi;Beograd, Bulevar Despota Stefana 2.0, 55m2, 4/5
70;Opština Stari grad , Dorćol , Dubrovačka;182000;2.5;2600;halooglasi;Beograd, Stari grad, Dorćol, Dubrovačka, 2.5, 3/5
67;Opština Voždovac , Konjarnik , Vladimira Tomanovića;143000;2.0;2134;halooglasi;Konjarnik, Hotel Srbija, uknjižen, brzo useljiv
123;Opština Vračar , Kalenić pijaca , Baba Višnjina;459000;4.0;3732;halooglasi;Kalenic, Baba Visnjina, 4.0, 123m2, 3/6, 2t
60;Opština Zvezdara , Cvetanova ćuprija , Milošev Kladenac;130000;2.5;2167;halooglasi;Zvezdara, Milošev Kladenac, 60m2 ID#51805
31;Opština Zvezdara , Gradska bolnica , Dimitrija Tucovića;92000;1.0;2968;halooglasi;Dimitrija Tucovića, Gradska bolnica, Zvezdara ID#1
92;Opština Novi Beograd , Blok 19a , Milentija Popovića;265000;3.5;2880;halooglasi;Blok 19 a ID#4024
105;Opština Stari grad , Dorćol , Strahinjića Bana;245000;4.0;2333;halooglasi;Strahinjića Bana, izuzetna gradska lokacija ID#588
67;Opština Voždovac , Banjica ,;181000;3.0;2701;halooglasi;Komforan 3.0 stan na Banjici kod Trošarine
74;Opština Palilula , Hadžipopovac , Zdravka Čelara;207000;3.0;2797;halooglasi;Profesorska kolonija, 74m2, III, ta/cg
74;Opština Vračar , Hram svetog Save , Dubljanska;213000;2.5;2878;halooglasi;Hram, Dubljanska, 74m2+7m2terasa ID#3793
50;Opština Stari grad , Centar ,;189000;2.0;3780;halooglasi;Centar - Lux - Ekonomski fakultet ID#4236
131;Opština Stari grad , Kalemegdan , Cara Dušana;449000;6.0;3427;halooglasi;Kalemegdan, Cara Dušana, mereno 160m2 ID#5550
73;Opština Novi Beograd , Blok 70 (kineski tržni centar) , Gandijeva;220000;3.0;3014;halooglasi;3.0 stan u Bloku 70, Gandijeva ID#2650
62;Opština Voždovac , Autokomanda , Mitropolita Pavla Nenadovića;166698;2.0;2700;halooglasi;2.0 stan u Braće Jerković Mitropolita Pavla Nenado
63;Opština Zvezdara , Zeleno brdo , Voje Veljkovića;130000;2.0;2063;halooglasi;Prodaja stana Zvezdara  Zeleno brdo
54;Opština Zvezdara , Mirijevo , Ilije Pavlovića;100000;2.0;1852;halooglasi;Mirijevo, Ilije Pavlovića, 54m2 ID#50713
86;Opština Voždovac , Medaković 1 , Rastka Petrovića;130000;3.0;1512;halooglasi;Medaković 1, 3.0, 1.sprat
69;Opština Voždovac , Hotel M , Bilećka;245000;3.0;3551;halooglasi;Hotel M, 69m2, II, cg
84;Opština Voždovac , Farmaceutski fakultet , Vojvode Stepe;185000;3.0;2202;halooglasi;Farmaceutski fakultet – trosoban – 1% provizija
41;Opština Zemun , Gornji grad;99900;1.5;2455;halooglasi;Zemun – lux – promotivna prodaja – 1% provizija
83;Opština Rakovica , Stari Košutnjak , Milana Blagojevića Španca;190000;3.0;2289;halooglasi;Podnožje Dedinja – 3.0 – 1% provizija
60;Opština Voždovac , Vojvode Vlahovića , Milovana Vidakovića;130000;3.0;2167;halooglasi;Vojvode Vlahovića – sa parkingom – 1% provizija
92;Opština Čukarica , Banovo brdo , Mladenovačka;212000;4.0;2304;halooglasi;Banovo brdo – 4.0 – parking – 1% provizija
45;Opština Voždovac , Trošarina , Save Maškovića;160000;1.5;3556;halooglasi;Park vila residence – 1% provizija
81;Opština Vračar , Hram svetog Save , Dubljanska;213000;2.5;2630;halooglasi;Vračar – Hram Svetog Save – 1% provizija
72;Opština Zvezdara , Mirijevo , Mirka Banjevića;147000;2.5;2042;halooglasi;Mirijevo, 72m2, IV, cg, ,
61;Opština Palilula , Centar , Kneza Danila;290000;2.0;4754;halooglasi;Central garden, novogradnja, garaža ID#6509
148;Opština Novi Beograd , Blok 70a , Dr Agostina Neta;285000;3.5;1926;halooglasi;Blok 70a - Delta City - renoviran
67;Opština Novi Beograd , Blok 23 , Bulevar Arsenija Čarnojevića;189000;2.5;2821;halooglasi;Blok 23, odmah useljiv, uknjižen ID#1460
50;Opština Novi Beograd , Bežanijska kosa 3 , Zografska;99000;2.0;1980;halooglasi;Izuzetan, NOV, UKNJIŽEN stan, B.Kosa-Ledine, 50 m2
38;Opština Voždovac , Darvinova pošta , Kraljevačka;99900;1.5;2629;halooglasi;Vozdovac, Kraljevacka, odlicna pozicija, sprat,1.5
50;Opština Voždovac , Šumice , Ustanička;124900;2.0;2498;halooglasi;IDEALNA lokacija, Savršen sprat, Odličan raspored
203;Opština Novi Beograd , Tošin bunar;813351;4.0;4012;halooglasi;Eksluzivan duplex u premium zgradi sa SPA centrom
90;Opština Savski venac , Beograd na vodi , Bulevar Vudroa Vilsona;383888;3.0;4297;halooglasi;BW Metropolitan, 89.33m2 ID#8687
150;Opština Voždovac , Vojvode Stepe , Vojvode Stepe;390000;3.0;2600;halooglasi;Vojvode Stepe, Voždovac ID#1922
92;Opština Novi Beograd , Bežanijska kosa 3 , Srđana Aleksića;220000;3.5;2391;halooglasi;B.Kosa III,fasadna cigla,3.0/3.5,92m2,lođa,II/Vi
73;Opština Novi Beograd , Hotel Jugoslavija , Bulevar Maršala Tolbuhina;210000;3.0;2877;halooglasi;Hotel Jugoslavija, terasa,73m2 ID#7060
50;Opština Novi Beograd , Bežanijska kosa 2 , Ismeta Mujezinovića;135000;2.0;2700;halooglasi;Bežanijska kosa 2, Ismeta Mujezinovića ID#42604
69;Opština Rakovica , Stari Košutnjak , Srzentićeva;185000;3.0;2681;halooglasi;Odličan trosoban stan, kompletno renoviran,duplex
35;Opština Zvezdara , Lion , Subotička;129000;1.5;3686;halooglasi;Zvezdara, Lion - Subotička 35m2
43;Opština Voždovac , Medaković 3 , Borivoja Stevanovića;104000;2.0;2419;halooglasi;Voždovac, Medaković 3, Borivoja Stevanovića, 43m2
42;Opština Rakovica , Kanarevo brdo , Kanarevo brdo;85000;1.5;2024;halooglasi;1.5 Rakovica, Kanarevo brdo, uknjižen
100;Opština Rakovica , Vidikovac , Vidikovački venac;220000;4.5;2200;halooglasi;Porodični stan, može da se adaptira u dva dvosobna
115;Opština Savski venac , Beograd na vodi , Savska;414888;4.0;3608;halooglasi;BW Quartet 3, pogled na Savski park, useljivo 2024
59;Opština Voždovac , Vojvode Stepe , Kostolačka;174000;3.0;2949;halooglasi;Vojvode Stepe, novogradnja 59m2 ID#7063
67;Opština Zemun , Galenika , Svetozara Papića;155000;2.5;2313;halooglasi;Zemun, Nova Galenika - Svetozara Papića, 67m2
72;Opština Zemun , Donji grad , Novogradska;130000;2.5;1806;halooglasi;Zemun, Donji Grad - Novogradska, 72m2
98;Opština Vračar , Hram svetog Save , Internacionalnih brigada;286000;3.5;2918;halooglasi;Hram Svetog Save - Internacionalnih brigada, 98m2
106;Opština Palilula , Tašmajdan , Kneza Danila;260500;4.0;2458;halooglasi;Palilula, Tašmajdan - Kneza Danila, 106m2
98;Opština Zvezdara , Mirijevo , Kapetana Miloša Žunjića;213000;4.5;2173;halooglasi;Mirijevo - petosoban stan sa garažom ID#4192
54;Opština Rakovica , Centar , Marička;96000;2.0;1778;halooglasi;Rakovica-Marička 2.0(2.5), 54m2, cg, II/4, useljiv
49;Opština Rakovica , Kneževac , Muminovačka;99000;2.5;2041;halooglasi;Rakovica- Novogradnja 2.5, 48.50m2+ garažno mesto
42;Opština Rakovica , Centar , Muminovačka;75000;2.0;1806;halooglasi;Rakovica- novogradnja sa građevinskom dozvolom, Pd
65;Opština Voždovac , Vojvode Stepe , Kostolačka;191750;3.0;2950;halooglasi;Vojvode Stepe, novogradnja 65m2 ID#7061
70;Opština Novi Beograd , Blok 23 , Bulevar Arsenija Čarnojevića;190000;3.0;2714;halooglasi;Blok 23, uknjižen trosoban ID#5748
85;Opština Palilula , Višnjička Banja;139900;4.0;1646;halooglasi;Višnjička banja
64;Opština Voždovac , Braće Jerković , Dragice Končar;122000;3.0;1906;halooglasi;Brace Jerkovic,  odličan stan 64m2
75;Opština Savski venac , Zeleni venac , Crnogorska;220000;3.0;2933;halooglasi;Odličan, 3.0  centar
142;Opština Voždovac , Šumice ,;383400;4.5;2701;halooglasi;Voždovac, Šumice ID#1565
125;Opština Voždovac , Šumice ,;335340;3.5;2700;halooglasi;Voždovac, Šumice ID#1566
95;Opština Palilula , Karaburma , Tina Ujevića;180000;4.0;1895;halooglasi;Karaburma, dupleks i garaža, video prikaz
39;Opština Palilula , Borča , Ratnih Vojnih Invalida;65000;1.5;1667;halooglasi;Borča, namešten, mereno 51m2+20m2 terasa ID#6262
125;Opština Čukarica , Banovo brdo , Dostojevskog;250000;3.5;2000;halooglasi;Srce Banovog brda, sređen duplex ID#6264
64;Opština Zemun , Altina , Episkopa Nikolaja;90000;2.5;1406;halooglasi;Odličan porodični stan
59;Opština Voždovac , Braće Jerković , Indire Gandi;130000;2.0;2203;halooglasi;Renoviran dvosoban stan u Braće Jerković naselju
80;Opština Voždovac , Vojvode Stepe;159999;2.0;2000;halooglasi;Vojvode Stepe 80m2 + bašta
68;Opština Čukarica , Julino brdo , Marine Veličković;135000;2.5;1985;halooglasi;Julino brdo, 68m2, II, cg
42;Opština Obrenovac , Obrenovac (mesto) , Kralja Aleksandra I;63414;1.5;1510;halooglasi;Jednoiposoban Stan 42.56m2 u Izgradnji u Obrenovcu
47;Opština Vračar , Crveni krst , Metohijska;150000;1.0;3191;halooglasi;Crveni krst, Metohijska, 47m2 ID#1419
80;Opština Čukarica , Bele vode , Momčila Čedića;109999;2.5;1375;halooglasi;Bele vode, dupleks, 2.5, video prikaz
86;Opština Novi Beograd , Blok 38 , Bulevar Arsenija Čarnojevića;220000;4.0;2558;halooglasi;Blok 38, 4.0, video prikaz
36;Opština Zemun , Prvomajska ,;75000;2.0;2083;halooglasi;Na prodaju stan u novogradnji, Zemunu
33;Opština Zvezdara , Konjarnik , Bulevar Kralja Aleksandra;91000;1.0;2758;halooglasi;Bulevar Kralja Aleksandra, Konjarnik, Zvezdara ID#
77;Opština Čukarica , Filmski grad , Slobodana Perovića;165000;3.0;2143;halooglasi;Filmski grad, retko u ponudi
105;Opština Savski venac , Klinički centar , Vojvode Milenka;325000;4.0;3095;halooglasi;Lep, uknjižen salonac, brzo useljiv! ID#1048
77;Opština Čukarica , Cerak vinogradi , Kedrova;204000;2.5;2660;halooglasi;Kedrova, Cerak vinogradi, Čukarica ID#1960
40;Opština Palilula , Višnjička Banja , Višnjički venac;82000;1.5;2050;halooglasi;Odmah useljiv - Uknjižen - Višnjička Banja
78;Opština Zvezdara , Cvetkova pijaca , Čardalijina;178000;3.0;2282;halooglasi;Beograd, Cvetkova pijaca, Čardaklijina
109;Opština Vračar , Hram svetog Save , Katanićeva;360000;4.0;3303;halooglasi;Vračar, Hram Sv. Save - Katanićeva 109m2
99;Opština Stari grad , Dorćol , Budimska;400000;3.0;4040;halooglasi;Dorćol, Budimska, mereno 114m2 ID#6738
53;Opština Palilula , Krnjača , Sutjeska ulica 1.;76000;2.5;1448;halooglasi;2.5 Stan kod Pošte u Krnjači, 52m2
24;Opština Čukarica , Filmski grad , Vladimira Rolovića;40000;0.5;1667;halooglasi;Filmski Grad – Vladimira Rolovića –24 kv – 1.0
72;Opština Zvezdara , Mirijevo , Mirka Banjevića;147000;2.5;2042;halooglasi;Mirijevo IV, Mirka Banjevića, 72m2, 2.5 ID#2430
110;Opština Voždovac , Vojvode Stepe , Vojvode Stepe;295000;4.0;2682;halooglasi;Voždovac - Vojvode Stepe
84;Opština Savski venac , Senjak , Kuršumlijska;250000;2.5;2976;halooglasi;Kuršumlijska, Senjak, Savski venac ID#1532
85;Opština Palilula , Višnjička Banja , Dragana Lukića;155000;4.0;1824;halooglasi;Dragana Lukića, Višnjička banja, Palilula ID#1543
29;Opština Vračar , Hram svetog Save , Nebojšina;97000;1.0;3345;halooglasi;Vračar, Hram Sv. Save - Nebojšina 29m2
92;Opština Palilula , Tašmajdan , Resavska;375000;4.0;4076;halooglasi;Resavska - kod crkve Svetog Marka, salonac
74;Opština Novi Beograd , Fontana , Narodnih heroja;209000;2.5;2824;halooglasi;Fontana - Narodnih heroja
40;Opština Novi Beograd , Blok 2 , Bulevar Mihajla Pupina;151000;1.5;3775;halooglasi;Stan 1.5, 40m2, Bul.Mihaila Pupina, opremljen
70;Opština Voždovac , Farmaceutski fakultet , Vojvode Stepe;135000;3.5;1954;halooglasi;Farmaceutski fakultet,komforan duplex
75;Opština Stari grad , Centar ,;239000;2.5;3187;halooglasi;Cetar - Sarajevska ID#4365
51;Opština Palilula , Bogoslovija , Sime Šolaje;150000;2.5;2970;halooglasi;Bogoslovija prelep 2,5 stan, 50,5 m2 namesten
73;Opština Novi Beograd , Blok 23 , Bulevar Milutina Milankovića;187000;3.5;2562;halooglasi;Blok 23 Milutina Milankovića
74;Opština Savski venac , Beograđanka , Kralja Milana;207000;2.5;2797;halooglasi;Kralja Milana- Beograđanka
261;Opština Vračar , Hram svetog Save , Braničevska;1425000;4.0;5460;halooglasi;Beograd, Hram Sv. Save, Braničevska (ID: 932) ID#9
220;Opština Vračar , Hram svetog Save , Braničevska;1200000;6.0;5455;halooglasi;Beograd, Hram Sv. Save, Braničevska (ID: 931) ID#9
111;Opština Vračar , Hram svetog Save , Svetog Save;435000;4.0;3919;halooglasi;Vračar, Hram Svetog Save - Svetog Save
89;Opština Novi Beograd , Blok 33 , Narodnih heroja;199000;3.0;2236;halooglasi;Komforan porodični stan u Genex kuli - 89kvm
149;Opština Savski venac , Dedinje , Miloja Djaka;320000;3.0;2160;halooglasi;Prodaja, stan, Miloja Djaka, 148m2, Id502
62;Opština Zvezdara , Kluz , Živka Davidovića;179600;2.5;2920;halooglasi;AVIV PARK, nov, cena sa pdv-om
77;Opština Zvezdara , Kluz , Živka Davidovića;220000;2.5;2857;halooglasi;AVIV PARK, nov, cena sa pdv-om
60;Opština Zvezdara , Kluz , Živka Davidovića;200000;2.0;3333;halooglasi;AVIV PARK, nov, cena sa pdv-om
38;Opština Savski venac , Zeleni venac , Gavrila Principa;110000;1.5;2895;halooglasi;Zeleni venac, Gavrila Principa, 38m2 ID#51797
80;Opština Palilula , Hala Pionir , Bulevar despota Stefana;200000;3.0;2500;halooglasi;Lux stan u Bulevaru despota Stefana
42;Opština Novi Beograd , Blok 72 , Mileve Marić Ajnštajn;153000;1.5;3643;halooglasi;Mileve Marić Ajnštajn, Blok 72, Novi Beograd
92;Opština Rakovica , Stari Košutnjak , Pere Velimirovića;299000;3.5;3250;halooglasi;Lux 4.0 Lisičji potok / Stari Košutnjak
70;Opština Savski venac , Dedinje , Jezdićeva;255000;3.5;3643;halooglasi;Dedinje, 70 m2, terasa, dvorište, 3.5 soban, uknj.
103;Opština Novi Beograd , Blok 67 (Belvil) , Bulevar Crvene Armije;463500;4.0;4500;halooglasi;Belville, Lux , 4.0
62;Opština Novi Beograd , Blok 70a , Omladinskih brigada;162000;2.0;2613;halooglasi;Blok 70a, 62 m2, dvosoban, I sprat, useljiv
62;Opština Savski venac , Beograđanka , Lomina;250000;2.0;4032;halooglasi;Zeleni venac, 62m2, II, ta
103;Opština Vračar , Hram svetog Save , Čuburska;350000;3.0;3398;halooglasi;Vračar, Hram Sv. Save - Čuburska 103m2
81;Opština Zemun , Zemun polje , Andrije Habuša;99000;2.5;1222;halooglasi;Zemun polje, 81m2+dvorište, garaža i garažno mesto
143;Opština Zemun , Karađorđev trg , Glavna;270000;4.0;1888;halooglasi;Beograd, Karadjordjev trg, Stan, 4.0, 143m2
54;Opština Voždovac , Lekino brdo , Vojvode Prijezde;160500;3.0;2972;halooglasi;Lekino brdo, 54.08m2, pr, eg, novo
49;Opština Savski venac , Centar , Gavrila Principa;189000;3.0;3857;halooglasi;Centar, Gavrila Principa, 3.0, 49 m2
53;Opština Čukarica , Golf , Petra Martinovića;197000;2.0;3717;halooglasi;Golf naselje, Petra Martinovica
38;Opština Palilula , Borča , Kosovska;55000;1.5;1447;halooglasi;Borča,Kosovska,1-5,II,useljiv,38m2,55.000e
52;Opština Palilula , Borča , Đurđenovac;70000;2.5;1346;halooglasi;Borča,Đurđenovac,52m2,i sprat,2-5,uknjižen,70.000e
38;Opština Palilula , Borča , Centar 3;59000;1.5;1553;halooglasi;BORČA,CENTAR 3,1-5,USELJIV,38 kvm,59.000e
54;Opština Vračar , Crveni krst , Vele Nigrinove;171000;2.0;3167;halooglasi;Vračar,Crveni krst,2-0,vpr,54m2,uknjizen,171000e
54;Opština Palilula , Borča , Kod pijace i maxija;80000;2.0;1481;halooglasi;Borča,kod pijace,2-0,prvi sprat,54 m2,80.000e
65;Opština Palilula , Borča , Kod Rode;65000;3.0;1000;halooglasi;Borča,Sebeš,65 m2,trosoban,nov,useljiv,65.000e
74;Opština Novi Beograd , Stari Merkator , Bulevar Mihajla Pupina;180000;2.5;2432;halooglasi;Prostran stan u izvornom stanju na lepoj lokaciji
61;Opština Palilula , Karaburma , Mirijevski bulevar;145000;2.5;2377;halooglasi;Karaburma okretnica - renoviran, namesten, useljiv
44;Opština Zvezdara , Mali Mokri Lug , Smederevski put;74800;1.5;1700;halooglasi;Novogradnja, Smederevski put, 1.5, 44m2
125;Opština Čukarica , Banovo brdo , Šumadijski trg;250000;6.0;2000;halooglasi;Banovo brdo, dplx u funkciji kao 2 zasebna stana..
82;Opština Stari grad , Centar , Kosovska;315000;3.0;3841;halooglasi;Stari Grad, Centar - Kosovska 82m2
60;Opština Rakovica , Centar , Pilota Mihaila Petrovića;107000;2.5;1783;halooglasi;Rakovica, Rakovica - Pilota Mihaila Petrovića 60m2
82;Opština Novi Beograd , Stari Merkator , Otona Župančiča;230000;3.0;2805;halooglasi;Novi Beograd, Stari Merkator, Otona Zupancica
57;Opština Vračar , Crveni krst , Šumatovačka;225000;2.0;3952;halooglasi;Crveni krst, Sumatovacka, 2.0, 56.94 m2
26;Opština Zvezdara , Đeram pijaca , Jedrenska;67000;1.0;2577;halooglasi;Djeram, Jedrenska, 1.0, 26 m2
26;Opština Zvezdara , Kluz , Lošinjska donja;59500;1.0;2288;halooglasi;Kluz, Losinjska donja, 1.0, 26 m2
89;Opština Savski venac , Dedinje , Koste Racina;559000;3.0;6326;halooglasi;Dedinje, Koste Racina, 3.0, 88.36 m2
54;Opština Savski venac , Beograd na vodi , Bulevar Vudroa Vilsona;370000;2.0;6889;halooglasi;Beograd na vodi, Verde, Bulevar Vudroa Vilsona
60;Opština Savski venac , Centar , Brankova;200000;2.0;3333;halooglasi;Centar, Brankova
46;Opština Voždovac , Braće Jerković , Braće Jerković;129000;2.0;2804;halooglasi;Brace Jerkovic, Brace Jerkovica
48;Opština Zvezdara , Veliki Mokri Lug , Nikole Altomanovića;110000;2.5;2292;halooglasi;Naselje Vojvode Vlahovića, novogradnja sa građevin
68;Opština Savski venac , Beograd na vodi , Hercegovačka-Savski venac;332000;3.0;4882;halooglasi;Beograd na vodi-Aqua, 68m2, 3.0, XV
36;Opština Stari grad , K-District , Bulevar Vojvode Bojovića;210000;1.0;5833;halooglasi;K-District, 36m2, VI, cg, novo
128;Opština Savski venac , Beograd na vodi , Savska;498888;4.0;3900;halooglasi;BW Quartet 3, lux, 3gm ID#2833
79;Opština Savski venac , Beograd na vodi , Bulevar Vudroa Vilsona;355500;3.0;4500;halooglasi;BW Verde, nov stan, garažno mesto ID#2819
74;Opština Zemun , Save Kovačevića , Prvomajska;175000;3.0;2365;halooglasi;Zemun, odlično očuvan stan ID#5873
100;Opština Voždovac , Lekino brdo , Rade Končara;208000;3.0;2080;halooglasi;Uknjižen, adaptibilan 4.0 stan, Lekino brdo ID#139
57;Opština Voždovac , Medaković 1 , Radovana Simića Cige;145000;3.0;2544;halooglasi;Medak - 3.0 - Renoviran kompletno - 57m2
56;Opština Vračar , Južni bulevar , Generala Horvatovića;173000;3.0;3089;halooglasi;Novo - 56m2 - 3.0 (Terasa) - Useljiv
78;Opština Rakovica , Labudovo brdo , Generala Zgonjanina;149000;3.0;1910;halooglasi;LABUDOVO BRDO, bez ulaganja, sjajna lokacija
51;Opština Palilula , Karaburma ,;120000;2.5;2353;halooglasi;Lep i svetao stan idealne strukture
62;Opština Čukarica , Banovo brdo , Šumadijski trg;169500;2.5;2734;halooglasi;Banovo brdo,dealna pozicija,struktura,bez ulaganja
51;Opština Voždovac , Braće Jerković , Mate Miloševića;105000;3.0;2059;halooglasi;Vojvode Vlahovića- opremljen, parking  za stanare
86;Opština Rakovica , Vidikovac , Vidikovački venac;149500;3.0;1738;halooglasi;Vidikovac, fantastičan potencijal, adaptibilan 3.5
44;Opština Zvezdara , Mirijevo , Kapetana Miloša Žunjića;75900;2.0;1725;halooglasi;NOVOGRADNJA, odličan sprat, struktura, Uknjižen
117;Opština Savski venac , Beograd na vodi , Bulevar Vudroa Vilsona;434888;4.0;3717;halooglasi;Quartet 1,useljivo ove godine, bez provizije ID#30
75;Opština Zvezdara , Mirijevo , Raše Plaovića;142000;2.5;1893;halooglasi;Mirijevo, Raše Plaovića
28;Opština Zvezdara , Vukov Spomenik , Dimitrija Tucovića;110000;1.5;3929;halooglasi;Kod Vuka, 28m2, II, ta
92;Opština Palilula , Centar , Vojvode Dobrnjca;368000;4.0;4000;halooglasi;Botanička bašta, 92m2, lux, salonski, namešten
97;Opština Zemun , Cara Dušana , Cara Dušana;245000;3.0;2526;halooglasi;Beograd, Cara Dušana, Stan, 3.0, 97m2
188;Opština Savski venac , Dedinje , Flore Sends;800000;4.0;4255;halooglasi;Prelep penthause na jedinstvenoj lokaciji
77;Opština Stari grad , Studentski trg , Simina;420000;3.0;5455;halooglasi;Izuzetna lokacija ID#127112
115;Opština Stari grad , Terazije , Balkanska;345000;4.0;3000;halooglasi;Kompletno renoviran, odličan ID#127885
63;Opština Novi Beograd , Bežanijska kosa 3 , Magelanova;176151;2.0;2796;halooglasi;Kosa kvart-Bežanijska kosa, 63m2, II, novogradnja,
64;Opština Voždovac , Lekino brdo , Vojvode Prijezde;184900;4.0;2889;halooglasi;Lekino brdo, 64.26m2, III, eg, novo
59;Opština Zvezdara , Mirijevo , Ljube Tadića;89700;1.5;1520;halooglasi;Mirijevo 2.5, terasa ID#127996
84;Opština Voždovac , Lekino brdo , Todora Dukina;169000;2.0;2012;halooglasi;Todora Dukina, Lekini brdo, Voždovac ID#1745
70;Opština Stari grad , Centar , Poenkareova;210000;2.5;3000;halooglasi;Novi Dorćol, odličan, brzo useljiv ID#1647
62;Opština Novi Beograd , Blok 70a , Omladinskih brigada;175000;2.0;2823;halooglasi;Blok 70a, Omladinskih brigada, 62m2, terasa ID#164
137;Opština Savski venac , Senjak , Sanje Živanovića;520000;4.0;3796;halooglasi;Senjak, 4.0, 137m2 ID#1496
30;Opština Voždovac , Lekino brdo , Belička;117200;1.0;3907;halooglasi;Belička, Lekino brdo, Voždovac ID#1918
61;Opština Novi Beograd , Blok 28 , Bulevar Milutina Milankovića;93000;2.0;1525;halooglasi;M. Milankovića, Blok 28, Novi Beograd, NEUSELJIV S
39;Opština Voždovac , Braće Jerković , Skendera Kulenovića;95000;1.0;2436;halooglasi;Uknjižen stan - Braće Jerković ID#3279
32;Opština Stari grad , Skadarlija , Skadarska-Stari grad;125000;1.5;3906;halooglasi;Skadarlija, 32m2, pst, eg,
43;Opština Palilula , Karaburma , Mirijevsko brdo;100000;2.5;2326;halooglasi;Stan 2.5-43m2 Mirijevsko brdo + praking i ostava
63;Opština Zemun , Kej , Klare Cetkin;183600;2.0;2914;halooglasi;Zemun, Hotel YU, renoviran
61;Opština Čukarica , Ada Ciganlija , Obalskih radnika;143000;3.0;2344;halooglasi;Ada Ciganlija, Obalskih radnika, 61m2, Uknjižen
50;Opština Palilula , Karaburma;97500;3.0;1950;halooglasi;Novogradnja, Karaburma kod pijace, 50m2
82;Opština Stari grad , Centar , Kraljice Natalije;275000;3.5;3354;halooglasi;Odličan salonac,96m2 mereno ID#7051
61;Opština Palilula , Botanička bašta ,;160000;2.0;2623;halooglasi;Botanička bašta, Palilula ID#2073
93;Opština Palilula , Botanička bašta ,;368000;4.0;3993;halooglasi;Botanička bašta, Palilula ID#2075
27;Opština Zvezdara , Kluz , Milana Rakića;120000;0.5;4444;halooglasi;Milana Rakića, Kluz, Zvezdara ID#2077
48;Opština Voždovac , Lekino brdo ,;142000;2.0;2958;halooglasi;Prelep i svetao manji stan na odličnoj lokaciji!
96;Opština Savski venac , Dedinje , Neznanog Junaka;211200;3.0;2200;halooglasi;Neznanog junaka, Dedinje-Pink, Savsk ID#2080
46;Opština Sopot , Kosmaj , Kosmaj Renew;82340;2.0;1790;halooglasi;Izvanredan 3.0 stan I faze projekta Kosmaj Residen
152;Opština Vračar , Južni bulevar ,;1070000;4.0;7039;halooglasi;Lux stan na Vračaru sa tri gar. mesta
85;Opština Vračar , Neimar , Mlade Bosne;230000;3.5;2706;halooglasi;Vračar,  Mlade Bosne, 85m2 ID#3788
76;Opština Vračar , Slavija , Makenzijeva;285000;3.0;3750;halooglasi;Beograd, Slavija, Stan, 3.0, 76m2
88;Opština Savski venac , Beograd na vodi , Bulevar Vudroa Vilsona;594000;3.0;6750;halooglasi;Beograd, Beograd na vodi, Vudroa Vilsona
30;Opština Rakovica , Vidikovačka padina , Slavka Rodića;50000;1.5;1667;halooglasi;Vidikovačka padina - Slavka Rodića ID#1615
66;Opština Voždovac , Autokomanda , Admirala Vukovića;255000;4.0;3864;halooglasi;Autokomanda, Admirala Vukovića, 104m2 sa terasama
82;Opština Savski venac , Beograd na vodi , Bulevar Vudroa Vilsona;381000;3.0;4646;halooglasi;BW Parkview, kompletno namešten, pogled na reku ID
32;Opština Voždovac , Lekino brdo , Belička;116000;1.0;3625;halooglasi;Voždovac, Lekino brdo - Belička
46;Opština Čukarica , Banovo brdo , Stevana Brakusa;150000;2.0;3261;halooglasi;Stevana Brakusa, Banovo brdo, Čukarica ID#1916
98;Opština Voždovac , Autokomanda , KOSTE JOVANOVIĆA;341000;4.0;3480;halooglasi;Koste Jovanovića-Extra Lux-novogradnja-98 KV-4.0 ,
65;Opština Voždovac , FON - Bilećka , Kostolačka;191050;2.5;2939;halooglasi;Voždovac-fakultet FON- 65 kv-2.5 soban-nov-pogled
83;Opština Stari grad , Centar , Kosovska;315000;3.0;3795;halooglasi;Stari grad, Centar - Kosovska, 83m2
70;Opština Voždovac , Bulevar oslobođenja , Bulevar oslobođenja;290000;3.0;4143;halooglasi;Bul. Oslobodjenja, 70m2, Lux
92;Opština Zvezdara , Đeram pijaca , Gajeva;337000;3.0;3663;halooglasi;Đeram, Gajeva, 99m2 ID#52888
50;Opština Rakovica , Skojevsko naselje , Luke Vojvodića;122000;2.0;2440;halooglasi;Luke Vojvodića Skojevsko naselje Rakovica Beogr...
70;Opština Voždovac , Konjarnik , Ustanička;160000;3.0;2286;halooglasi;Konjarnik, 70m2, VI, cg
78;Opština Voždovac , Kumodraž , Jabuka;119900;3.0;1537;halooglasi;Kumodraž, odmah useljiv, komplet namešten, uknj ..
39;Opština Voždovac , Lekino brdo , Vojvode Prijezde;119400;2.0;3062;halooglasi;Lekino brdo, 39.01m2, pr, eg, novo
45;Opština Rakovica , Petlovo brdo , Rasinska;69000;1.5;1533;halooglasi;Petlovo brdo, 45m2, pr, eg,
44;Opština Voždovac , Kumodraž , Magnolija;70000;1.5;1591;halooglasi;Kumodraž, Magnolija, 44m2, sa dvorištem ID#7054
99;Opština Zvezdara , Lion , Ravanička;185000;4.0;1869;halooglasi;Lion - Lipov lad ID#3830
80;Opština Voždovac , Voždovačka crkva , Jove Ilića;225000;3.0;2812;halooglasi;Voždovačka crkva, Jove Ilića, 80m2 ID#5564
85;Opština Vračar , Južni bulevar , Mlade Bosne;230000;3.5;2706;halooglasi;Beograd, Vračar, Južni bulevar, Mlade Bosne
39;Opština Zvezdara , Bulbulder , Dimitrija Tucovića;143500;2.0;3679;halooglasi;Dimitrija Tucovića, renoviran stan+terasa 21m2 ID#
164;Opština Vračar , Kalenić pijaca , Maksima Gorkog;470000;4.0;2866;halooglasi;Prelep, lux, kod Kalenić pijace
93;Opština Novi Beograd , Bežanijska kosa 3 , Nedeljka Gvozdenovića;226000;3.5;2430;halooglasi;Bež. kosa 3, Vojne zgrade, 3.5 CG 93m2 Lift 1/6, 2
56;Opština Novi Beograd , Fontana , Studentska;143000;2.0;2554;halooglasi;Fontana, 2.0 CG 56m2, Lift 6/9, Lođa, Polunamešten
75;Opština Novi Beograd , Blok 23 , Bulevar Arsenija Čarnojevića;195000;3.0;2600;halooglasi;Blok 23, Bul. A. Carnojevica, 3.0 75m2+dve lodje,
62;Opština Zvezdara , Mirijevo , 16. oktobra;109000;2.0;1758;halooglasi;Mirijevo, 16. oktobra, 2.0 62m2, terase, 1/3, uknj
97;Opština Novi Beograd , Bežanijska kosa 2 , Marka Čelebonovića;265000;3.5;2732;halooglasi;Bez. kosa 2, 3.5, 97m2, CG, Lift 4/6, Velika teras
36;Opština Voždovac , Naselje Stepa Stepanović , Generala Štefanika;112000;1.5;3111;halooglasi;Naselje Stepa Stepanović, 1.5, 36m2 CG, Lift 4/8,
66;Opština Voždovac , Vojvode Stepe , Vojvode Stepe;170000;2.5;2576;halooglasi;Vojvode stepe, kod gimnazije, 2.5, 66m2, 2/2 bez l
45;Opština Zemun , Pregrevica , Kovača Jovana Petrovića;84000;1.5;1867;halooglasi;Pregrevica renoviran 1.5 45m2 PR parking useljiv u
74;Opština Palilula , Profesorska kolonija , Zdravka Čelara;215000;3.0;2905;halooglasi;Profesorska kolonija, 74m2+garaza 15m2
86;Opština Zemun , Batajnica , Braće Savić;110000;4.0;1279;halooglasi;Batajnica, Zemun, prodaja, duplex
61;Opština Rakovica , Stari Košutnjak , Hasanaginice;134200;2.5;2200;halooglasi;Stari Košutnjak, 2.5s.
57;Opština Palilula , Karaburma , Mirijevski Bulevar;140000;2.5;2456;halooglasi;Karaburma, renoviran, sa nameštajem
34;Opština Voždovac , Lekino brdo , Miklošićeva;52000;1.5;1529;halooglasi;Odličan duplex ID#126666
48;Opština Voždovac , Vojvode Vlahovića ,;105000;2.0;2188;halooglasi;Komforan, dvosoban stan na dobroj lokaciji ID#1245
58;Opština Zvezdara , Učiteljsko naselje , Kačićeva;130000;3.0;2241;halooglasi;Učiteljsko naselje-Beo tržni centar-Kačićeva
126;Opština Novi Beograd , Arena , Zorana Đinđića;430000;4.0;3413;halooglasi;Arena, Bul. Zorana Đinđića, 4.0,126m2+garaža 23m2
224;Opština Vračar , Hram svetog Save , Lamartinova;1049510;6.0;4700;halooglasi;Hram, novogradnja
217;Opština Vračar , Hram svetog Save , Lamartinova;1018960;6.0;4700;halooglasi;Hram, novogradnja
108;Opština Vračar , Hram svetog Save , Lamartinova;507600;3.0;4700;halooglasi;Hram, novogradnja
34;Opština Novi Beograd , YUBC , Bulevar Mihajla Pupina;102000;0.5;3000;halooglasi;Blok 12 (YUBC), renoviran
54;Opština Zvezdara , Mirijevo , Zorana Radmilovića;118000;2.5;2185;halooglasi;Lep dvoiposoban stan, uknjižen ID#6038
85;Opština Novi Beograd , Blok 63 , Jurija Gagarina;169990;4.0;2000;halooglasi;Blok 63, 3.5sob.
64;Opština Voždovac , Dušanovac ,;160000;2.5;2500;halooglasi;Nov useljiv stan ID#3328
92;Opština Novi Beograd , Bežanijska kosa 3 , Magelanova;249563;3.0;2713;halooglasi;Moderna lux novogradnja ID#126961
63;Opština Novi Beograd , Bežanijska kosa 3 , Magelanova;176151;3.0;2796;halooglasi;Moderna lux novogradnja ID#1126960
98;Opština Vračar , Hram svetog Save ,;286000;3.5;2918;halooglasi;Odličan 3.5 stan kod Hrama Sv.Save
93;Opština Palilula , Botanička bašta ,;316200;4.0;3400;halooglasi;Izuzetan 4.0 stan u centru grada, novogradnja
90;Opština Savski venac , Beograd na vodi , Bulevar Vudroa Vilsona;404460;3.0;4500;halooglasi;BW Metropolitan, ugaona pozicija, odmah useljiv ID
36;Opština Rakovica , Vidikovačka padina , Prvoboraca;60000;1.5;1667;halooglasi;Prvoboraca, Vidikovačka padina, Rakovica ID#2064
66;Opština Voždovac , Jajinci ,;130000;3.0;1970;halooglasi;Neuseljavan 66 + 10m2
60;Opština Zvezdara , Gradska bolnica , Veljka Dugoševića;128000;3.5;2133;halooglasi;Veljka Dugoševića, Zvezdara ID#2065
90;Opština Novi Beograd , Bežanijska kosa 1 , Nikole Dobrovića;225000;3.5;2500;halooglasi;Nikole Dobrovića, Bežanijska kosa I, Novi Beograd
87;Opština Čukarica , Banovo brdo , Nedeljka Čabrinovića;217000;4.0;2494;halooglasi;Nedeljka Čabrinovića, Banovo brdo, Čukarica ID#206
58;Opština Vračar , Hram svetog Save , Katanićeva;195000;2.0;3362;halooglasi;Katanićeva, Hram Sv. Save, Vračar ID#2068
37;Opština Palilula , Botanička bašta ,;81500;1.5;2203;halooglasi;Botanička bašta, Palilula ID#2071
90;Opština Novi Beograd , Blok 45 (TC Enjub) , Jurija Gagarina;250000;3.0;2778;halooglasi;Jurija Gagarina, Blok 45, Novi Beograd ID#2072
72;Opština Savski venac , Beograd na vodi , Hercegovačka;430000;3.0;5983;halooglasi;BW Simfonija, Beograd na vodi, Savski Venac ID#111
73;Opština Voždovac , Kumodraž , Zemljoradnička;99000;3.0;1356;halooglasi;Dvostran stan sa pogledom na Kumodraž ID#128018
55;Opština Palilula , Rospi ćuprija , Marina;139000;3.0;2527;halooglasi;Novogradnja 55m2 Potpuno Namešteno + Parking Mesto
109;Opština Vračar , Hram svetog Save , Katanićeva;380000;4.0;3486;halooglasi;Hram Svetog Save,  Katanićeva, mereno 120m2 ID#378
91;Opština Savski venac , Beograd na vodi ,;390888;3.0;4343;halooglasi;BW King's Park stan sa bastom i pogledom na Sava p
45;Opština Novi Beograd , Blok 45 (TC Enjub) ,;120000;1.0;2667;halooglasi;Adaptilan 1.0, pored reke
51;Opština Vračar , Kalenić pijaca , Cara Nikolaja II;184000;2.0;3608;halooglasi;Kalenić pijaca, Cara Nikolaja II, 51m2 ID#51772
56;Opština Novi Beograd , Blok 65 , Omladinskih brigada;320000;2.0;5714;halooglasi;Kula West, opremljen, 56m2 ID#6730
100;Opština Čukarica , Banovo brdo , Požeška;130000;4.0;1300;halooglasi;Banovo brdo-Požeška-100m2-4.0-tri spavaće sobe
83;Opština Rakovica , Stari Košutnjak , Milana Blagojevića Španca;195000;3.0;2349;halooglasi;Stari Košutnjak, stan u podnožju Dedinja-Lisičiji
41;Opština Voždovac , Medaković padina ,;85000;1.5;2073;halooglasi;Vozdovac medak padina ID#1068
51;Opština Savski venac , Centar , Balkanska;180000;2.5;3529;halooglasi;Balkanska kod Hotela Prag 51m2 2.5 dobra investici
157;Opština Zvezdara , Đeram pijaca , Đevđelijska;385000;4.0;2452;halooglasi;Duplex, Đeram ID#125945
54;Opština Stari grad , Kosančićev venac , Kosančićev venac;360000;2.5;6667;halooglasi;Kosančićev venac, stan na prestižnoj lokaciji
74;Opština Rakovica , Vidikovac , Patrijarha Joanikija;230000;6.0;3108;halooglasi;Vidikovac, lux namešten duplex, mereno 130m2 ID#16
103;Opština Sopot , Sopot (mesto) , Kneza Miloša;135000;4.0;1311;halooglasi;Sopot – Centar, Kneza Miloša, Penthaus, 103m2 ID#4
167;Opština Vračar , Centar , Kumanovska;550000;6.0;3293;halooglasi;Vračar, Kumanovska, 167m2+22m2 (terase) ID#45420
123;Opština Zemun , Prvomajska , Žeeznička;275000;4.0;2236;halooglasi;Beograd, Zemun, Železnička
40;Opština Čukarica , Sremčica , Dvoržakova;58000;2.0;1450;halooglasi;Stan 40m2, Sremčica, Dvoržakova
72;Opština Zvezdara , Olimp , Milana Rakića;158400;2.5;2200;halooglasi;Beograd, Olimp, Stan, 2.5, 72m2, uknjiženo
88;Opština Savski venac , Beograd na vodi , Kneza Miloša;499000;3.0;5670;halooglasi;SKYLINE, Kneza Miloša, lux, parking (ID: 552) ID#5
47;Opština Novi Beograd , Sava centar , Bulevar Arsenija Čarnojevića;142000;2.0;3021;halooglasi;Sava Centar - Bulevar Arsenija Čarnojevića
58;Opština Stari grad , Terazije , Nušićeva;270000;3.0;4655;halooglasi;Renoviran stan na Terazijama ID#3367
79;Opština Voždovac , Kumodraž ,;145000;3.5;1835;halooglasi;Uknjižen renoviran stan - Kumodraž ID#3383
78;Opština Rakovica , Labudovo brdo , Generala Zgonjanina;149000;3.0;1910;halooglasi;Uknjižen sređen stan na Labudovom brdu ID#3368
55;Opština Rakovica , Kanarevo brdo , Borska;105000;2.0;1909;halooglasi;Renoviran 2.0 stan - Kanarevo brdo ID#3369
77;Opština Zvezdara , Đeram pijaca , Vojvode Brane;219000;3.0;2844;halooglasi;Odličan 3.0 stan kod Đeram pijace ID#3372
40;Opština Vračar , Kalenić pijaca , Kursulina;168800;1.5;4220;halooglasi;Uknjižen 1.5 stan - Kalenić pijaca ID#3371
40;Opština Vračar , Kalenić pijaca , Kursulina;168000;1.5;4200;halooglasi;Vračar, Kalenić pijaca - Kursulina 40m2
78;Opština Rakovica , Labudovo brdo , Generala Zgonjanina;149000;3.0;1910;halooglasi;Rakovica, Labudovo brdo - Generala Zgonjanina 78m2
78;Opština Novi Beograd , Bežanijska kosa 2 ,;178000;2.5;2282;halooglasi;B. kosa 2, 2.5 78m2(T)
53;Opština Zemun , Altina , Pala Vujisića;80000;2.0;1509;halooglasi;Beograd, Altina, Pavla Vujisića
93;Opština Novi Beograd , Blok 72;215000;3.5;2312;halooglasi;Novi Beograd - Blok 72- Dr I. Ribara 3,5 s, 93 m2
77;Opština Voždovac , Medaković padina , Luštička;74800;1.5;971;halooglasi;Medaković padina, Luštička, 32 m2 + T45 m2
136;Opština Voždovac , Autokomanda , Vojvode Stepe;450000;4.0;3309;halooglasi;Autokomanda, luksuzan penthaus, centr.klima, kamin
43;Opština Zemun , Centar , Oračka;115000;1.5;2674;halooglasi;Zemun centar-Oračka
70;Opština Voždovac , Autokomanda , Bože Jankovića;250000;3.0;3571;halooglasi;Voždovac, Autokomanda - Bože Jankovića 70m2
75;Opština Voždovac , Lekino brdo , Vojislava Nanovića;328000;3.0;4373;halooglasi;Voždovac,Lekino Brdo- Vojislava Nanovića 75m2+82m2
82;Opština Novi Beograd , Paviljoni , Otona Župančiča;230000;3.0;2805;halooglasi;Novi Beograd, Blok 8a - Otona Župančića 82m2
36;Opština Stari grad , Kalemegdan , Bulevar vojvode Bojovića;210000;1.0;5833;halooglasi;Stari grad, Kalemegdan - Bulevar vojvode Bojovića
62;Opština Voždovac , Lekino brdo , Gospodara Vučića;150000;2.0;2419;halooglasi;Vračar, Lekino brdo - Gospodara Vučića 62m2
59;Opština Stari grad , Terazije , Balkanska;284000;2.0;4814;halooglasi;Stari grad, Terazije - Balkanska 59m2
74;Opština Palilula , Poštanska štedionica , 27. marta;234000;3.0;3162;halooglasi;Palilula, Poštanska štedionica - 27. marta 74m2
33;Opština Voždovac , Lekino brdo , Belička;116000;0.5;3515;halooglasi;Voždovac, Lekino brdo - Belička 33m2
56;Opština Palilula , Karaburma , Dragoslava Srejovića;125000;2.5;2232;halooglasi;Karaburma - Dragoslava Srejovića,56+8, uknjižen
158;Opština Savski venac , Dedinje;490000;4.0;3101;halooglasi;Dedinje, Pink. 158m2, Penthouse 4.0 Lux
66;Opština Voždovac , Naselje Stepa Stepanović , Timočke divizije;185000;2.5;2803;halooglasi;Stepa Stepanović, 2.5 66m2 odličan, retko u ponudi
84;Opština Stari grad , Politika , Svetogorska;300000;3.0;3571;halooglasi;Centar, Svetogorska 84 plus terasa 9m2 ID#197
53;Opština Novi Beograd , Blok 72 , Mileve Marić Ajnštajn;156000;2.0;2975;halooglasi;Blok 72, uknjižen, ostava, podrum ID#5871
33;Opština Savski venac , Beograd na vodi ,;173900;1.0;5424;halooglasi;Beograd na vodi, zgrada Thalia, 32m2
118;Opština Savski venac , Beograd na vodi , Bulevar Vudroa Vilsona;449000;4.0;3805;halooglasi;Beograd na vodi, Aurora, Bulevar Vudroa Vilsona
75;Opština Stari grad , Dorćol , Mike Alasa;206000;2.5;2747;halooglasi;Dorcol, Mike Alasa, 2.5, 75 m2 sa 2 lodje
62;Opština Zvezdara , Kluz , Voje Veljkovića;132000;1.5;2154;halooglasi;Kluz, Voje Veljkovica, 1.5, 61.29 m2
142;Opština Voždovac , Dušanovac , Dusanovac;383211;5.0;2700;halooglasi;Vozdovac, Dusanovac, 5.0, 141.93 m2
70;Opština Zvezdara , Mirijevo , Mirijevski venac;152000;3.0;2193;halooglasi;Mirijevo, Mirijevski venac
84;Opština Vračar , Kalenić pijaca , Golsvordijeva;210000;4.0;2500;halooglasi;Kalenic, Golsvordijeva, 4.0, 84 m2
116;Opština Vračar , Kalenić pijaca , Hadži Prodanova;433000;4.0;3733;halooglasi;Kalenić, Hadži Prodanova, 4.0, 116 m2
68;Opština Čukarica , Žarkovo , Ratka Mitrovića;123600;2.0;1831;halooglasi;Zarkovo, Ratka Mitrovica
125;Opština Savski venac , Ekonomski fakultet , Gavrila Principa;372000;3.0;2976;halooglasi;Dva stana kao celina kod Ekonomskog fakulteta ID#1
84;Opština Stari grad , Terazije , Nušićeva;330000;3.0;3929;halooglasi;Odličan stan  u gornjem delu Nušićeve ID#124748
60;Opština Zvezdara , Bulevar kralja Aleksandra , Bulevar kralja Aleksandra;220000;2.5;3667;halooglasi;2.5 Lux Vracarsko polje
123;Opština Čukarica , Žarkovo , Živojina Lazića;135000;4.0;1098;halooglasi;Duplex na drugom i trećem spratu ID#123016
36;Opština Savski venac , Centar , Admirala Geprata;140000;1.0;3889;halooglasi;Salonac u srcu Beograda ID#126649
111;Opština Zvezdara , Crveni krst , Kajmakčalanska;279000;3.0;2514;halooglasi;Atraktivan trosoban stan sa velikim dvorištem ID#1
40;Opština Vračar , Kalenić pijaca , Kursulina;168000;1.5;4200;halooglasi;Stan kod opštine Vračar / Kalenić pijaca
52;Opština Palilula , Višnjička Banja , Mihaila Vujića;104000;2.0;2000;halooglasi;Stan bez ulaganja iz 2012god. sa pogledom na Dunav
76;Opština Palilula , Palilulska pijaca , Dr Dragoslava Popovića;266000;3.0;3500;halooglasi;Palilulska pijaca, potpuno nov stan ID#5547
34;Opština Vračar , Čubura , Daničareva;136000;2.0;4000;halooglasi;Vračar, Lux renoviran, uknjižen, može na kredit
77;Opština Voždovac , Braće Jerković , Meštrovićeva;137000;3.0;1779;halooglasi;Braće Jerković, Meštrovićeva, za renoviranje
70;Opština Zvezdara , Mirijevo , Radeta Markovića;147000;2.5;2100;halooglasi;Zvezdara (Beograd), Mirijevo, Stan, 2.5, 70m2
66;Opština Zvezdara , Mirijevo , Radeta Markovića;130000;1.5;1985;halooglasi;Mirijevo, Radeta Markovića, stan, novogradnja
63;Opština Zvezdara , Mirijevo , Radeta Markovica;135000;1.5;2166;halooglasi;Mirijevo, Radeta Markovića, stan, novogradnja
46;Opština Voždovac , Farmaceutski fakultet , Vojvode Stepe;139000;2.0;3022;halooglasi;Voždovac, Vojvode Stepe, lep adaptibilan stan 46+8
72;Opština Zvezdara , Mirijevo , Mirka Banjevića;147000;2.5;2042;halooglasi;Mirijevo, adaptibilan u 3.5s, odlična lokacija ID#
88;Opština Čukarica , Cerak , Petefijeva;155000;4.0;1761;halooglasi;Cerak, Petefijeva, uknjižen 4s ID#6483
74;Opština Zemun , Zelena avenija , Tošin bunar;206976;3.0;2800;halooglasi;Zelena Avenija
78;Opština Palilula , Hadžipopovac , Preradovićeva;230000;4.0;2949;halooglasi;Beograd, Hadžipopovac, Stan, 4.0, 78m2
46;Opština Voždovac , Medaković 3 , Braće Srnić;131000;3.0;2848;halooglasi;Medaković III, mereno 68m2 ID#6875
41;Opština Rakovica , Labudovo brdo , Serdar Janka Vukotića;87000;1.0;2122;halooglasi;Jednosoban Stan 41m2 Labudovo brdo
102;Opština Savski venac , Klinički centar , Miloša Pocerca;287000;6.0;2828;halooglasi;Savski venac, Miloša Pocerca, 5.5, 101,5m2, L
126;Opština Zemun , Zelena avenija , Tošin bunar;352576;4.5;2800;halooglasi;Zelena Avenija
66;Opština Voždovac , Šumice , Vidska;170000;3.0;2576;halooglasi;Šumice, Ustanicka, 3,0,66m2,T, 1/5
115;Opština Savski venac , Beograd na vodi , Savska;450888;4.0;3921;halooglasi;BW Quartet 4, bez provizije, useljivo do kraja 202
88;Opština Čukarica , Golf , Petra Martinovića;222000;4.0;2523;halooglasi;Golf naselje,88m2,duplex, 4.0, izuzetan potencijal
90;Opština Savski venac , Centar , Svetozara Radića;239000;4.0;2656;halooglasi;Karađorđeva, salonac, 90m2, II, eg
52;Opština Novi Beograd , Blok 72 , Mileve Marić Ajnštajn;147000;1.5;2827;halooglasi;Blok 72 - Mileve Marić Ajnštajn ID#1427
50;Opština Novi Beograd , Stara Bežanija , Pere Segedinca;102000;2.5;2040;halooglasi;Bežanija, 50m2, IV, ta
108;Opština Zvezdara , Crveni krst , Pop Stojanova;195000;3.0;1806;halooglasi;Crveni krst - Pop Stojanova ID#1442
72;Opština Palilula , Palilulska pijaca , Majora Ilića;258660;3.0;3592;halooglasi;Poslovni apartman u užem centru grada ID#7525
106;Opština Palilula , Palilulska pijaca , Majora Ilića;381900;4.0;3603;halooglasi;LUX novogradnja u užem centru grada ID#7527
78;Opština Palilula , Palilulska pijaca , Majora Ilića;284000;3.0;3641;halooglasi;LUX novogradnja u užem centru grada ID#7526
37;Opština Palilula , Botanička bašta , Vojvode Dobrnjca;81500;1.0;2203;halooglasi;U mirnom delu kod Botaniče bašte ID#128471
61;Opština Palilula , Botanička bašta , Vojvode Dobrnjca;160000;2.0;2623;halooglasi;Lux opremljen biznis stan na dan ID#128470
92;Opština Palilula , Botanička bašta , Vojvode Dobrnjca;368000;4.0;4000;halooglasi;Renoviran stan na top lokaciji ID#128394
82;Opština Voždovac , Kumodraž , Bulevar Peka Dapčevića;169900;3.0;2072;halooglasi;Odličan 3.0 stan - kod restorana ID#3375
169;Opština Savski venac , Beograd na vodi , Bulevar Vudroa Vilsona;900888;6.0;5331;halooglasi;BW Victoria, premium zgrada, bez provizije ID#3011
72;Opština Savski venac , Beograd na vodi , Bulevar Vudroa Vilsona;629888;2.0;8748;halooglasi;Kula, pogled na reku, bez provizije ID#3009
48;Opština Zemun , Donji grad , Šilerova;125000;2.0;2604;halooglasi;Zemun, Donji grad , prodaja stana ID#1357
71;Opština Novi Beograd , Blok 61 , Jurija Gagarina;186000;2.5;2620;halooglasi;Blok 61, Jurija Gagarina 71m2, i  garaza
97;Opština Zvezdara , Cvetkova pijaca , Miodraga Petrovića Čkalje;269000;4.0;2790;halooglasi;Cvetkova pijaca, Zvezdara ID#1909
75;Opština Palilula , Profesorska kolonija , Stojana Novakovića;330000;3.0;4400;halooglasi;Prodaje se stan na odličnoj lokaciji, komforan u i
105;Opština Vračar , Čubura , Čuburska;350000;3.0;3333;halooglasi;Odličan stan, Vrhunska lokacija ID#126920
58;Opština Zemun , Karađorđev trg , Marine Koljubajeve;120000;2.5;2069;halooglasi;2.5 stan, Karađorđev trg ID#120437
43;Opština Savski venac , Dedinje , Borivoja Drobnjakovića;158000;1.0;3674;halooglasi;Prelep stan u srcu Dedinja, retko u ponudi ID#1255
46;Opština Palilula , Višnjička Banja , Slanački put;115000;2.0;2500;halooglasi;Sunnyville - Slanački put
43;Opština Vračar , Južni bulevar ,;152000;1.5;3535;halooglasi;Južni bulevar, Vračar, novogradnja ID#2063
57;Opština Voždovac , Šumice ,;172800;2.5;3032;halooglasi;Šumice, Voždovac, novogradnja ID#2062
118;Opština Voždovac , Banjica ,;312500;4.0;2650;halooglasi;Novogradnja 118m2, direktno od investitora, bez pr
55;Opština Zemun , Gornji grad , Bosanska;112000;3.0;2036;halooglasi;Bosanska, Gornji grad, Zemun ID#2259
49;Opština Zemun , Zelena avenija , Tošin bunar;140157;1.5;2900;halooglasi;Zelena Avenija
59;Opština Zvezdara , Mirijevo , 16. oktobra;110000;2.0;1864;halooglasi;Beograd, Mirijevo, Šesnaestog oktobra
52;Opština Zemun , Zelena avenija , Tošin bunar;154350;2.0;3000;halooglasi;Zelena Avenija
62;Opština Zvezdara , Cvetkova pijaca , Olge Jovanović;240000;3.0;3871;halooglasi;Blizina Cvetkove pijace ID#7262
83;Opština Novi Beograd , Blok 72 , Dr Ivana Ribara;197000;3.0;2373;halooglasi;Blok 72, Dr.Ivana Ribara, 83m2 ID#5127
57;Opština Palilula , Hadžipopovac , Primorska;198975;2.5;3491;halooglasi;Hadžipopovac, u izgradnji, sa pdv-om
67;Opština Zvezdara , Lion , Preševska;204850;3.0;3080;halooglasi;3.0, Lion, Preševska, 66,51m2
58;Opština Zvezdara , Lion , Preševska;178670;2.5;3081;halooglasi;2.5, Lion, Preševska, 58m2
83;Opština Savski venac , Beograd na vodi ,;497888;1.0;6062;halooglasi;BW Riviera Executive Suites - studio apartman na p
109;Opština Stari grad , Centar , Palmotićeva;290000;3.0;2661;halooglasi;Palmotićeva Palmotićeva Stari grad Beograd Srbi...
82;Opština Stari grad , Skupština , Kosovska;315000;3.0;3841;halooglasi;Stari grad, Skupština - Kosovska
100;Opština Voždovac , Autokomanda , Admirala Vukovića;260000;3.0;2600;halooglasi;Autokomanda, Admirala Vukovića, 100m2+garaža ID#51
91;Opština Savski venac , Dedinje , Miloja Đaka;315000;4.0;3462;halooglasi;Dedinje, Miloja Đaka, 101m2 ID#37949
99;Opština Zvezdara , Veliki Mokri Lug , Petkov Kladenac;128700;3.0;1300;halooglasi;Duplex, novija gradnja 99m2 ID#7260
91;Opština Palilula , Hadžipopovac , Primorska;318500;3.5;3500;halooglasi;Hadžipopovac, u izgradnji, sa pdv-om
112;Opština Zemun , Zemun polje , Dejana Dubajića;156800;4.0;1400;halooglasi;Zemun polje, 112m2, 4.0 - odlična novogradnja
71;Opština Voždovac , Kumodraž , Jabuka;120000;3.0;1690;halooglasi;Kumodraž, Jabuka, 3.0, 71m2, T
50;Opština Voždovac , Vojvode Vlahovića , Vojvode Vlahovića;105000;1.5;2100;halooglasi;Vojvode Vlahović, sa parking mestom ID#4124
50;Opština Novi Beograd , Blok 72 , Dr Ivana Ribara;139000;2.0;2780;halooglasi;Dr Ivana Ribara, okružen zelenilom ID#7521
170;Opština Savski venac , Mostarska petlja ,;460000;6.0;2706;halooglasi;Stan od 170m2 na odličnoj lokaciji
39;Opština Rakovica , Resnik , Saše Filipovića;68000;1.0;1744;halooglasi;Saše Filipovića, Resnik, Rakovica ID#2061
50;Opština Novi Beograd , Stara Bežanija , Pere Segedinca;102000;2.5;2040;halooglasi;Pere Segedinca dvoiposoban uknjižen
96;Opština Novi Beograd , Blok 70 (kineski tržni centar) , Jurija Gagarina;240000;4.0;2500;halooglasi;Blok 70, Jurija Gagarina, 4.0 stan, 96m2, terasa 1
47;Opština Voždovac , Braće Jerković , Braće Jerković;129000;2.0;2745;halooglasi;Braće Jerković, 47m2+T, 2.0 ID#2460
87;Opština Savski venac , Dedinje , Miloja Đaka;350000;3.0;4023;halooglasi;Dedinje, sa dvorištem i parking mestom ID#3160
70;Opština Zemun , Gornji grad , Prizrenska;190988;3.5;2750;halooglasi;Odlična novogradnja, Zemun, Prizrenska
122;Opština Vračar , Slavija , Nemanjina;359000;4.0;2945;halooglasi;Salonac u srcu grada na Slaviji, retko u ponudi
90;Opština Zvezdara , Mirijevo , Raše Plaovića;180000;4.0;2000;halooglasi;Mirijevo, Raše Plaovića, 90m2 ID#51461
64;Opština Zvezdara , Mirijevo , Mihaila Bulgakova;137600;3.0;2150;halooglasi;Mirijevo, Mihaila Bulgakova, 64m2 ID#51482
160;Opština Voždovac , Lekino brdo , Đorđa Kratovca;350000;6.0;2188;halooglasi;Lekino Brdo, Đorđa Kratovca, 160m2, lux ID#51508
101;Opština Savski venac , Centar , Karađorđeva;300000;4.0;2970;halooglasi;Extra mogućnost pravljenja 2 ili 3 stana od jednog
101;Opština Novi Beograd , Blok 67 (Belvil) , Jurija Gagarina;349990;3.0;3465;halooglasi;Belville, Jurija Gagarina, 101m2 ID#51555
81;Opština Čukarica , Banovo brdo , Požeška;230000;6.0;2840;halooglasi;Banovo brdo, Požeška, 145m2 ID#36873
125;Opština Novi Beograd , Tošin bunar , Tošin Bunar;431423;4.0;3451;halooglasi;Novi Beograd, Tošin Bunar, 125m2-bez provizije za
140;Opština Novi Beograd , Tošin bunar , Tošin bunar;455325;4.0;3252;halooglasi;Novi Beograd, Tošin bunar, 140m2-bez provizije za
96;Opština Novi Beograd , Tošin bunar , Tošin bunar;310960;3.0;3239;halooglasi;Novi Beograd, Tošin bunar, 96m2-bez provizije za k
155;Opština Novi Beograd , Tošin bunar , Tošin bunar;543095;4.0;3504;halooglasi;Novi Beograd,Tošin Bunar, 155m2-bez provzije za ku
203;Opština Novi Beograd , Tošin bunar , Tošin bunar;851382;6.0;4194;halooglasi;Novi Beograd, Tošin bunar, 203m2-bez provizije za
46;Opština Voždovac , Lekino brdo , Gospodara Vučića;115000;3.0;2500;halooglasi;Voždovac, Lekino brdo, Gospodara Vučića, 46m2+10m2
48;Opština Palilula , Hadžipopovac , Bistrička;205000;2.5;4271;halooglasi;Palilula, Hadžipopovac, Bistrička 48m2+30m2 T+100m
73;Opština Voždovac , Voždovačka crkva , Vojvode Stepe;190000;3.0;2603;halooglasi;Voždovačka crkva, Vojvode Stepe, 73m2 ID#54169
250;Opština Voždovac , Šumice ,;890000;6.0;3560;halooglasi;Ekskluzivan Penthaus sa 2 garažna mesta
33;Opština Palilula , Karaburma , Patrisa Lumumbe;81000;1.0;2455;halooglasi;Prodajem stan Karaburma (stara Karaburma)
96;Opština Novi Beograd , Blok 70 (kineski tržni centar) , Jurija Gagarina;235000;4.0;2448;halooglasi;Novi Beograd, Blok 70, prodaja stana 96m2
30;Opština Zvezdara , Cvetkova pijaca , Podujevska;84000;1.0;2800;halooglasi;Prodaja stana Cvetkova pijaca 30m2
49;Opština Savski venac , Centar , Gavrila Principa;194000;3.0;3959;halooglasi;Lux stan, Savski Venac, Gavrila Principa
62;Opština Novi Beograd , Hotel Jugoslavija , Aleksinačkih rudara;175000;2.5;2823;halooglasi;Hotel YU prodaja stana 62m2
30;Opština Stari grad , Terazije , Terazije;130000;1.5;4333;halooglasi;Prodaja renoviranog stana 30m2
64;Opština Novi Beograd , Hotel Jugoslavija , Klare Cetkin;183500;2.0;2867;halooglasi;Prodaja renoviranog stana Klare Cetkin 64m2
160;Opština Zvezdara , Lion , Đevđelijska;385000;4.0;2406;halooglasi;Prodaja 4.0 stana, Lion, Lux
44;Opština Novi Beograd , Tošin bunar , Tošin bunar;154733;2.0;3540;halooglasi;Lux novogradnja New Minel bez ag.provizije za kupc
88;Opština Stari grad , Kopitareva gradina , Đure Daničića;189000;3.0;2148;halooglasi;Kopitareva gradina 88m2, prodaja stana
65;Opština Palilula , Centar , Šajkaška;210000;2.0;3231;halooglasi;Prodaja renoviranog stana Šajkaška 65m2
65;Opština Stari grad , Kosančićev venac , Fruškogorska;250000;3.5;3846;halooglasi;Prodaja stana, Kosančićev venac, 65m2
53;Opština Zvezdara , Mirijevo , Matičanska;106000;3.0;2000;halooglasi;Prodaja stana Mirijevo, 53m2, 3.0, uknjižen
31;Opština Voždovac , Konjarnik , Mis Irbijeve;104000;1.5;3355;halooglasi;Mis Irbijeva-Novogradnja-31m2
52;Opština Voždovac , Šumice , Ustanička;118000;2.5;2269;halooglasi;Šumice, Ustanička, 52m2
69;Opština Zemun , Batajnica , Kralja Uroša I;105000;2.5;1522;halooglasi;Kralja Uroša I, 69m2,2.5, 2/5, CG ID#1486
73;Opština Voždovac , Šumice ,;170000;2.5;2329;halooglasi;Šamačka, 73m2, 2.5,2/5, CG, lift ID#1567
68;Opština Voždovac , Vojvode Vlahovića , Generala Đoke Popovića;150000;3.0;2206;halooglasi;Naselje Veljko Vlahović, plus dve terase ID#5875
130;Opština Palilula , Hadžipopovac , Bistrička;500000;4.0;3846;halooglasi;Centar, Bistrička - 4.0 sa velikom terasom
77;Opština Voždovac , Konjarnik , Mis Irbijeve;250000;3.0;3247;halooglasi;Mis Irbijeva-Novogradnja-77m2
35;Opština Savski venac , Klinički centar , Resavska;63000;1.5;1800;halooglasi;Beograd, Klinički centar, Stan, 1.5, 35m2
49;Opština Voždovac , Konjarnik , Mis Irbijeve;165000;2.5;3367;halooglasi;Mis Irbijeva-Novogradnja-49m2
83;Opština Rakovica , Vidikovačka padina , 2. septembara;63000;2.5;759;halooglasi;Vidikovačka padina 83kvm
63;Opština Čukarica , Košutnjak , Pionirska;159000;3.0;2524;halooglasi;Topčider, salonac - Pionirska 63kvm
66;Opština Palilula , Karaburma , Dr Drage Ljočić;120000;3.0;1818;halooglasi;Lep trosoban stan, 66m2 ID#5864
90;Opština Voždovac , Medaković 3 , Braće Srnić;198000;3.5;2200;halooglasi;Voždovac, Medaković 3 - Braće Srnić, 90m2
130;Opština Stari grad , Centar , Đure Daničića;425000;4.0;3269;halooglasi;Centar-Stari grad-Đure Daničića
84;Opština Novi Beograd , Blok 62 , Jurija Gagarina;205000;3.5;2440;halooglasi;Jurija Gagarina, blok 62, Novi Beograd ID#2060
68;Opština Rakovica , Skojevsko naselje , Ranka Žeravice;135000;2.0;2004;halooglasi;Skojevsko naselje, novogradnja 67.38m2 ID#7257
41;Opština Zvezdara , Mirijevo , Mirijevski venac;82000;2.0;2000;halooglasi;Prodaja Mirijevski Venac kod Pošte
75;Opština Zvezdara , Zvezdarska šuma , Kladovska;202000;3.0;2693;halooglasi;Zvezdarska šuma - Kladovska
60;Opština Voždovac , Braće Jerković , Braće Jerković;145000;2.0;2417;halooglasi;Braće Jerković, 60m2
34;Opština Voždovac , Lekino brdo , Veselina Masleše;106000;1.0;3118;halooglasi;Veselina Masleše 51 nov lux opremljen 34m2
89;Opština Vračar , Čubura , Šumatovačka 155;282464;3.5;3200;halooglasi;Vračar troiposoban stan Šumatovaćka 155 lux grada
85;Opština Vračar , Južni bulevar , Šumatovačka;272000;3.0;3200;halooglasi;Šumatovačka 155 lux zgrada stan 85m2 Vračar centar
58;Opština Palilula , Borča , Modrička;87000;3.5;1500;halooglasi;Palilula, Borča - Modrička
118;Opština Zvezdara , Slavujev venac , Stanka Vraza;220000;6.0;1864;halooglasi;Zvezdara, Slavujev venac - Stanka Vraza
79;Opština Savski venac , Beograd na vodi ,;326000;3.0;4127;halooglasi;Lux 3.0 u zgradi Verde
80;Opština Zemun , Meandri , Blagoja Jovovića;150000;3.0;1875;halooglasi;Blagoja Jovovića, Meandri, Zemun ID#2059
88;Opština Zvezdara , Vukov Spomenik , Vojvode Šupljikca;323280;3.0;3674;halooglasi;Vračar-centar, 88.57m2, V, t-pumpa, novo
46;Opština Voždovac , Braće Jerković , Braće Jerković;129000;2.0;2804;halooglasi;2.0, Lux, Brace Jerkovic
87;Opština Novi Beograd , Hotel Jugoslavija , Aleksinačkih rudara;235000;4.0;2701;halooglasi;Prodaja renoviranog stana Hotel YU
62;Opština Zemun , Kej , Dr Petra Markovića;190000;2.0;3065;halooglasi;Stan na obali Dunava ID#4394
46;Opština Savski venac , Karađorđeva , Karađorđeva;135000;2.0;2935;halooglasi;Centar - Karađorđeva
67;Opština Vračar , Južni bulevar , Južni bulevar;179000;2.5;2672;halooglasi;Vračar, Južni bulevar, 67m2, trostran, T+L, lift
83;Opština Zvezdara , Lion , Preševska;240000;3.0;2892;halooglasi;Lion, Presevska, 3.0, 83 m2
90;Opština Novi Beograd , Blok 64 , Gandijeva;165000;3.0;1833;halooglasi;Novi Beograd, blok 64, stan 90m2
57;Opština Palilula , Višnjička Banja , Darinke Jevrić;116000;3.0;2035;halooglasi;Izuzetan 3.0 svetao,bez ulaganja, terasa, pogled
28;Opština Zvezdara , Bulbulder , Krfska;81363;0.5;2987;halooglasi;Garsonjera 27m2, novogradnja, Krfska, Zvezdara
63;Opština Zvezdara , Bulbulder , Krfska;176842;3.0;2850;halooglasi;Trosoban stan 62m2, novogradnja, Krfska, Zvezdara
73;Opština Palilula , Karaburma , Mirijevski bulevar;182500;3.0;2500;halooglasi;BIG FASHION (Karaburma), Lux stan 73m2, uknjizen
169;Opština Novi Beograd , Blok 19a , Vladimira Popovića;577500;4.0;3417;halooglasi;Blok 19a, Park Apartmani, luksuzan stan sa garažom
56;Opština Zemun , Zemun polje , Olge Petrov;89000;2.0;1589;halooglasi;Zemun, Zemun polje, Olge Petrov, 2.0, 56m2
200;Opština Vračar , Hram svetog Save ,;810000;4.0;4050;halooglasi;4.0, Vracar, centar, Hram, 190m2+3T ID#128452
47;Opština Voždovac , Saobraćajni fakultet , Ljube Vučkovića;130000;2.0;2766;halooglasi;Saobraćajni fakultet, 47m2, IV, ta
42;Opština Palilula , Palilulska pijaca , Stanoja Glavaša;129000;1.0;3071;halooglasi;Palilula, Stanoja Glavaša, jednosoban stan
110;Opština Savski venac , Centar , Savski trg;210000;4.0;1909;halooglasi;Centar - salonski stan - kod spomenika Stefanu Nem
24;Opština Stari grad , Knez Mihailova , Pop Lukina;115000;0.5;4792;halooglasi;Centar - Pop Lukina - Lux ID#4354
77;Opština Novi Beograd , Hotel Jugoslavija , Bulevar Nikole Tesle;231000;3.0;3000;halooglasi;Novi Beograd - Hotel YU ID#4352
42;Opština Čukarica , Filmski grad , Ilije Stojadinovića;119000;1.0;2833;halooglasi;Čukarica, Filmski grad - Ilije Stojadinovića, 42m2
43;Opština Zvezdara , Zvezdarska šuma , Nikole Doksata;88000;1.5;2047;halooglasi;Zvezdarska šuma, Nikole Doksata, 43m2 ID#7511
81;Opština Voždovac , Lekino brdo , Davida Pajića;225000;4.0;2804;halooglasi;Davida Pajića, Lekino brdo, Voždovac ID#2050
69;Opština Palilula , Zira , Nikodima Milaša;171000;2.5;2478;halooglasi;Nikodima Milaša, Zira, Palilula ID#2052
84;Opština Zemun , Save Kovačevića ,;170000;3.0;2024;halooglasi;Šilerova, Naselje Sava Kovačević, Zemun ID#2053
73;Opština Voždovac , Voždovačka crkva , Vojvode Stepe;204400;3.0;2800;halooglasi;Vojvode Stepe, Voždovačka crkva, Voždovac ID#2055
49;Opština Zemun , Donji grad , Kneza Pavla Karađorđevića;162000;2.5;3306;halooglasi;Kneza Pavla Karađorđevića, Donji grad, Zemun ID#20
45;Opština Čukarica , Rušanj , Oslobođenja 1. deo;56000;1.5;1244;halooglasi;Rušanj - Oslobođenja 1. deo ID#1661
92;Opština Palilula , Centar , Vojvode Dobrnjca;368000;4.0;4000;halooglasi;Palilula, centar, Vojvode Dobrnjca, 92m2, 4.0 ID#2
50;Opština Zvezdara , Lion , Bulevar Kralja Aleksandra;165000;2.0;3300;halooglasi;Lion, Bulevar Kralja Aleksandra, crvena fasadna ci
86;Opština Stari grad , Centar , Gundulićev Venac;293000;4.0;3407;halooglasi;Botanička bašta, Gundulićev venac, 4.0 salonac 86m
66;Opština Voždovac , Jajinci , Jakova Galusa-Jajinci;130000;3.0;1970;halooglasi;Jajinci-Jakova Galusa, 66m2, pr, eg
84;Opština Zvezdara , Vukov Spomenik , Vojvode Šupljikca;280434;3.0;3338;halooglasi;Vračar-centar, 84.98m2, II, t-pumpa, novo
88;Opština Zvezdara , Vukov Spomenik , Vojvode Šupljikca;292281;3.0;3321;halooglasi;Vračar-centar, 88.57m2, II, t-pumpa, novo
74;Opština Zvezdara , Vukov Spomenik , Vojvode Šupljikca;245850;3.0;3322;halooglasi;Vračar-centar, 74.50m2, II, t-pumpa, novo
88;Opština Zvezdara , Vukov Spomenik , Vojvode Šupljikca;305566;3.0;3472;halooglasi;Vračar-centar, 88.57m2, III, t-pumpa, novo
88;Opština Zvezdara , Vukov Spomenik , Vojvode Šupljikca;314423;3.0;3573;halooglasi;Vračar-centar, 88.57m2, IV, t-pumpa, novo
74;Opština Zvezdara , Vukov Spomenik , Vojvode Šupljikca;271925;3.0;3675;halooglasi;Vračar-centar, 74.50m2, V, t-pumpa, novo
82;Opština Zvezdara , Vukov Spomenik , Vojvode Šupljikca;331720;3.0;4045;halooglasi;Vračar-centar, 82.93m2, VI, t-pumpa, novo
42;Opština Zemun , Plavi horizonti , Lugarska;69000;2.0;1653;halooglasi;Top novogradnja, od 31m2 do 63m2, Plavi Horizonti
50;Opština Savski venac , Centar , Gavrila Principa;189000;3.0;3780;halooglasi;LUX renoviran duplex u centru Beograda ID#1428
60;Opština Novi Beograd , Blok 19a , Vladimira Popovića;183000;2.0;3050;halooglasi;Blok19a, 60m2, IV, cg
36;Opština Zemun , Zemunske kapije , Šumadijska;120000;1.0;3333;halooglasi;Zemunske kapije, 36m2+L, 1.0, useljiv ID#2350
75;Opština Voždovac , Banjica , Bulevar Jna;189900;2.5;2532;halooglasi;Paunov breg, 75m2, VII, cg
75;Opština Zemun , Novi grad , Krajiška-Zemun;156000;3.0;2080;halooglasi;Zemun-Novi grad, 75m2, vpr, eg
34;Opština Voždovac , Voždovačka crkva , Jove Ilića;77000;1.5;2265;halooglasi;Voždovačka crkva, 34m2, pr, cg,
90;Opština Voždovac , Medaković 3 , Braće Srnić;198000;3.5;2200;halooglasi;Medaković III, 90m2, vp, cg, lux, visina I sprata,
37;Opština Zemun , Save Kovačevića , Mića Radakovića;110000;1.0;2973;halooglasi;Mića Radakovića Save Kovačevića Zemun Beograd S...
92;Opština Stari grad , Skadarlija , Skadarska-Stari grad;280000;3.5;3043;halooglasi;Skadarlija, 92m2, I, ta
78;Opština Rakovica , Labudovo brdo , Generala Zgonjanina;149000;3.0;1910;halooglasi;Labudovo brdo, Generala Zgonjanina, 78m2, kompletn
94;Opština Rakovica , Labudovo brdo , Gočka;205000;4.0;2181;halooglasi;Labudovo brdo, Gočka, 94m2, uknjižen stan
62;Opština Savski venac , Kneza Miloša , Kneza Miloša;195000;2.0;3145;halooglasi;2.0 Savski venac - Kneza Miloša 62m2 195.000EUR
73;Opština Zemun , Ugrinovačka;197000;3.5;2699;halooglasi;Novogradnja 73m2 3.5 sa PDV
58;Opština Čukarica , Železnik , Darinke Radović;95900;2.0;1653;halooglasi;Dvosoban stan odličnog rasporeda - 58m2
69;Opština Novi Beograd , Dr Ivana Ribara , Dr. Ivana Ribara;150000;2.5;2174;halooglasi;Blok 71, 69m2, II, cg
47;Opština Voždovac , Medaković padina , Braće Jerković;137000;2.0;2915;halooglasi;Braće Jerković, 47m2, III, eg,
28;Opština Voždovac , Braće Jerković , Indire Gandi;75000;0.5;2679;halooglasi;Braće Jerković-I. Gandi, 28m2, VI, cg
86;Opština Surčin , Surčin (mesto);145000;4.0;1686;halooglasi;Novogradnja 86m2 4.0 -Bez PROVIZIJE
71;Opština Voždovac , Lekino brdo;183508;3.0;2600;halooglasi;Novogradnja 70.58m2 3.0 Bez PROVIZIJE
55;Opština Zemun , Prvomajska;135000;2.5;2477;halooglasi;Novogradnja 54,5m2 2.5 sa PDV
56;Opština Rakovica , Vidikovac , Vidikovački venac;85000;2.0;1518;halooglasi;Vidikovac, Vidikovacki venac, 2.0, 56 m2
55;Opština Vračar , Kalenić pijaca , Molerova;205000;2.0;3727;halooglasi;Kalenic, Molerova
47;Opština Palilula , Cvijićeva , Poenkareova;160000;1.0;3404;halooglasi;Dorcol,Poenkareova,1.0, 47m2+T,uknjizen
111;Opština Vračar , Crveni krst ,;279000;3.0;2514;halooglasi;Hitna prodaja trosoban stan u Kajmakčalanskoj sa g
64;Opština Novi Beograd , Arena , Bulevar Zorana Đinđića;249500;2.0;3898;halooglasi;Izuzetna lokacija, fasadna cigla, odličan,uknjižen
33;Opština Voždovac , Lekino brdo , Belička;116000;1.0;3515;halooglasi;Lekino brdo, 33m2, II, cg
82;Opština Voždovac , Medaković 3 , Braće Srnić;198000;4.0;2415;halooglasi;Renoviran, opremljen 4.0 stan ID#127986
45;Opština Zemun , Zemun polje , Slobodana Bajića;66000;1.5;1467;halooglasi;Zemun Polje, renoviran, uknjižen ID#3434
91;Opština Savski venac , Beograd na vodi , Savska;347888;3.0;3823;halooglasi;BW Sensa, ugaona pozicija, specijalna ponuda ID#23
21;Opština Savski venac , Zeleni venac , Kraljice Natalije;69500;0.5;3310;halooglasi;Odlična investicja - 100m od Terazija ID#127956
71;Opština Zemun , Gornji grad ,;177500;3.0;2500;halooglasi;Gornji grad - Zemun - Novogradnja
70;Opština Novi Beograd , Tošin bunar ,;251640;2.0;3595;halooglasi;Tošin bunar - Novogradnja
70;Opština Grocka , Kaluđerica ,;120000;3.0;1714;halooglasi;Grocka - Kaluđerica
87;Opština Voždovac , Autokomanda , Bože Jankovića;229000;3.5;2632;halooglasi;Voždovac, Autokomanda - Bože Jankovića
82;Opština Zvezdara , Veliki Mokri Lug , Mate Miloševića;165000;4.0;2012;halooglasi;Vojvode Vlahovića - Lux - Dupleks
84;Opština Novi Beograd , Tošin bunar ,;302400;3.0;3600;halooglasi;Tošin bunar - Novogradnja
70;Opština Zemun , Meandri , Prizrenska;191000;3.0;2750;halooglasi;Uknjižena novogradnja, Zemun, odlična lokacija ID#
135;Opština Rakovica , Petlovo brdo , Nićifora Ninkovića;179000;2.0;1326;halooglasi;Lux stan na Petlovom brdu
96;Opština Novi Beograd , Bežanijska kosa 1 , Nikole Dobrovića;240000;6.0;2500;halooglasi;Nikole Dobrovića, Bežanijska Kosa 1, Novi Beograd
64;Opština Zvezdara , Mirijevo , Mihaila Bulgakova;140800;3.0;2200;halooglasi;Zvezdara, Mirijevo - Mihaila Bulgakova
41;Opština Vračar , Južni bulevar , Vojvode Hrvoja;135000;1.5;3293;halooglasi;Prodaja, stan, Vojvode Hrvoja, 41m2, Id717
76;Opština Voždovac , Banjica , Crnotravska;159500;3.0;2099;halooglasi;Banjica, 76m2, VII, cg
68;Opština Voždovac , Medaković 2 , Radovana Simića Cige;130900;2.5;1925;halooglasi;Medak, 68m2, uknjižen ID#7048
105;Opština Savski venac , Centar , Karađorđeva;280000;6.0;2667;halooglasi;Odlična investicija za stan na dan i ostale namene
64;Opština Voždovac , Lekino brdo , Veselina Masleše;197120;3.0;3080;halooglasi;Lekino Brdo, Veselina Masleše, 64.57m2+107m2 teras
85;Opština Savski venac , Beograđanka , Kneza Miloša;189000;4.0;2224;halooglasi;Kneza Miloša, 85m2, II, ta,
180;Opština Vračar , Bulevar kralja Aleksandra ,;545000;6.0;3028;halooglasi;Lux 5,0 duplex kod Metropol Palasa
45;Opština Rakovica , Petlovo brdo , Rasinska;69000;1.5;1533;halooglasi;Petlovo brdo, 1,5 soban, 45 m2, ТА, prizemlje
71;Opština Grocka , Kaluđerica;89000;2.0;1254;halooglasi;Kaluđerica, 71m2, LUX
37;Opština Voždovac , FON - Bilećka , Vojvode Stepe;145000;1.5;3919;halooglasi;Stan na top lokaciji ID#123028
65;Opština Čukarica , Banovo brdo , Karpoševa;190000;2.5;2938;halooglasi;Idealna prilika za one koji nemaju povrat PDV-a
42;Opština Vračar , Južni bulevar ,;144935;1.5;3500;halooglasi;Lux stan u mirnom delu Vračara
62;Opština Zemun , Pregrevica ,;210000;3.0;3387;halooglasi;Ekskluzivna novogradnja u Zemunu - Pregrevica
42;Opština Čukarica , Filmski grad , Ilije Stojadinovića;119000;1.0;2833;halooglasi;Beograd, Filmski grad, Stan, 1.0, 42m2
31;Opština Voždovac , Kumodraž , Ljubičica;70000;1.0;2258;halooglasi;Jednosoban stan u Kumodražu
145;Opština Voždovac , Autokomanda , Vojvode Stepe;435000;4.0;3000;halooglasi;Odličan 4.0 stan sa garažom
154;Opština Savski venac , Beograd na vodi , Bulevar Vudroa Vilsona;698888;6.0;4538;halooglasi;BW King's Park, pogled na park, bez provizije ID#3
43;Opština Voždovac , Autokomanda , Ranka Tajsića;115000;2.0;2674;halooglasi;Beograd, Voždovac, Ranka Tajsića
44;Opština Zemun , Gornji grad , Cara Dušana;107800;1.5;2450;halooglasi;Cara Dušana – lux – useljiva novogradnja
67;Opština Zemun , Pregrevica , Pregrevica;199350;3.0;3000;halooglasi;Skyhome 2, Pregrevica stan 66,45m2
80;Opština Čukarica , Golf , Izvorska;200000;3.0;2500;halooglasi;3.0, Golf naselje, Izvorska, 80m2
83;Opština Vračar , Neimar , Mihaila Gavrilovića;290500;3.0;3500;halooglasi;3.0, Neimar, Mihaila Gavrilovića, 83m2
55;Opština Voždovac , Autokomanda , Borisavljevićeva;168500;2.0;3064;halooglasi;2.0, Autokomanda, Borisavljevićeva, 55m2
38;Opština Zvezdara , Mirijevo , Aleksandra Belića;57000;2.0;1500;halooglasi;2.0, Mirijevo, Aleksandra Belića, 38m2
76;Opština Novi Beograd , Blok 38 , Omladinskih brigada;185000;2.5;2434;halooglasi;2.5, Blok 38, Omladinskih brigada, 76m2+2T
150;Opština Zvezdara , Gradska bolnica , Preševska;380000;6.0;2533;halooglasi;6.0, Zvezdara, Preševska, 150m2
121;Opština Čukarica , Banovo brdo , Požeška;545000;4.0;4504;halooglasi;4.0, Požeška, Lux, 121m2, garaža
47;Opština Savski venac , Zeleni venac , Brankova;179000;3.0;3809;halooglasi;Brankova, Zeleni venac, Savski venac ID#1904
63;Opština Čukarica , Cerak vinogradi , Vinogradski Venac;129500;2.5;2056;halooglasi;Cerak Vinogradi, Vinogradski Venac, 63m2, 2.5 ID#2
116;Opština Savski venac , Beograd na vodi , Savska;431888;4.0;3723;halooglasi;BW Quartet 3, pogled na Savski park, useljivo 2024
72;Opština Vračar , Kalenić pijaca , Njegoševa;360000;3.0;5000;halooglasi;Vračar, Njegoševa ID#4627
52;Opština Novi Beograd , Fontana , Studentska;145000;2.0;2788;halooglasi;Novi Beograd- Fontana
57;Opština Savski venac , Dedinje , Mihaila Avramovića;192000;2.0;3368;halooglasi;Dedinje, Mihaila Avramovića,2,0, 57m2, 2t
53;Opština Zemun , Save Kovačevića , Slikarska ulica;110000;3.0;2075;halooglasi;Zemun, Nas. S. Kovačević
54;Opština Zemun , Gornji grad , Branka Pešića;139000;2.5;2574;halooglasi;Zemun, iz 2012-te, sa park. mestom
88;Opština Čukarica , Cerak , Petefijeva;155000;4.0;1761;halooglasi;Stari Cerak
47;Opština Voždovac , Braće Jerković , Jovana Bijelića;135000;2.0;2872;halooglasi;Braće Jerković, Jovana Bijelića, 47m2 ID#53600
74;Opština Novi Beograd , Blok 72 , Mileve Marić Ajnštajn;222000;3.0;3000;halooglasi;Top, Mileve Marić, 74m2,3 sobe, terasa, garažno me
96;Opština Novi Beograd , Blok 70 (kineski tržni centar) , Jurija Gagarina;234000;3.5;2438;halooglasi;Blok 70, delimično renoviran
76;Opština Savski venac , Centar , Lička;179900;3.0;2367;halooglasi;Centar, Licka, 3.0, 76 m2
53;Opština Zvezdara , Denkova bašta , Svetog Klimenta;145000;2.5;2736;halooglasi;Denkova basta, Svetog Klimenta, 2.5, 53 m2
60;Opština Vračar , Čubura , Šumatovačka;178000;2.5;2967;halooglasi;Čubura, Šumatovačka
96;Opština Stari grad , Kopitareva gradina , Jelene Ćetković;249500;3.0;2599;halooglasi;Centar, Jelene Cetkovic, 3.0, 96 m2
115;Opština Voždovac , FON - Bilećka , Ljube Šercera;200000;4.0;1739;halooglasi;Vozdovac, Ljube Sercera
92;Opština Zvezdara , Konjarnik , Ustanička;230000;3.5;2500;halooglasi;Konjarnik, Ustanicka, 3.5, 92 m2
103;Opština Zemun , Retenzija , Bulevar Mihaila Pupina;290000;3.5;2816;halooglasi;Retenzija, 103m2, II, cg
81;Opština Zvezdara , Zvezdarska šuma , Koste Novakovića;210000;3.0;2593;halooglasi;Zvezdara - Gradska bolnica
46;Opština Voždovac , Braće Jerković , Dragice Končar;95000;1.5;2065;halooglasi;Voždovac, Braće Jerković, Dragice Končar, 46m2
47;Opština Voždovac , Medaković 2 , Radovana Simića Cige;139000;3.0;2957;halooglasi;Medak II, 3,o, 2/8, odlican, renoviran
61;Opština Palilula , Tašmajdan , Starine Novaka;285000;4.5;4672;halooglasi;Palilula, Tašmajdan - Starine Novaka 61m2
64;Opština Vračar , Crveni krst , Sazonova;256000;3.0;4000;halooglasi;Vračar, Crveni krst - Sazonova 64m2
25;Opština Vračar , Južni bulevar , Mlade Bosne;85500;0.5;3420;halooglasi;Vračar Mlade Bosne 25m+ garaža 13m + p.m 2,6 ari
79;Opština Zvezdara , Mirijevo , Ljubiše Miodragovića;140000;4.0;1783;halooglasi;Mirijevo 4/4, ptk, lift, odličan, hitna prodaja!
39;Opština Novi Beograd , Blok 67a (A blok) , Uroša Martinovića;154500;0.5;3962;halooglasi;A blok-lux, 39m2 sa baštom ID#1012
115;Opština Rakovica , Resnik , Jakova Galusa;166750;3.0;1450;halooglasi;Rakovica , lux trosoban ID#6712111
115;Opština Voždovac , Jajinci , Jakova Galusa;166750;3.0;1450;halooglasi;Jajinci, lux trosoban ID#6712
56;Opština Rakovica , Kanarevo brdo , Jelke Bojkić Makavejev;95000;2.0;1696;halooglasi;Jelke Bojkić Makavejev, Kanarevo brdo, Rakovica ID
50;Opština Grocka , Kaluđerica ,;75000;2.0;1500;halooglasi;Grocka - Kaluđerica
58;Opština Palilula , Ada Huja , Bata Lakina;95000;2.5;1638;halooglasi;Bogoslovija, Bata Lakina, 2.5 dupleks ID#1224
32;Opština Stari grad , Politika ,;140000;1.5;4375;halooglasi;1,5 stan pogodan i za pp 42m2
45;Opština Voždovac , Centar , Vitanovačka;99000;1.0;2200;halooglasi;Voždovac - Vitanovačka u blizini Kumodraške ID#422
98;Opština Zvezdara , Denkova bašta , Križanićeva;298700;4.0;3048;halooglasi;Križanićeva, četvorosoban, 103m2 ID#4620
81;Opština Zvezdara , Mirijevo , Ilije Pavlovića;137000;3.0;1691;halooglasi;Mirijevo ID#3829
54;Opština Voždovac , Banjica , Radomira Markovića;129000;2.0;2389;halooglasi;Odlična lokacija ID#7043
90;Opština Novi Beograd , Blok 33 , Bulevar Arsenija Čarnojevića;270000;3.5;3000;halooglasi;Generalice, Novi Beograd, blok 33, troiposoban sta
110;Opština Savski venac , Centar , Kraljice Natalije;460000;6.0;4182;halooglasi;Predivan duplex u centru grada, Krajice Natalije,
107;Opština Rakovica , Miljakovac , Stevana Opačića;142000;3.5;1327;halooglasi;Miljakovac II,Stevana Opačića, lep duplex,3.5,cg
94;Opština Novi Beograd , Blok 72 , Dr Ivana Ribara;235000;3.5;2500;halooglasi;I. Ribar Funkcionalan troiposoban, prefektan ulaz
76;Opština Savski venac , Ekonomski fakultet , Lička;182000;3.0;2395;halooglasi;Extra lokacija,uknjižen, pogodan za sve namene
73;Opština Palilula , Tašmajdan , Svetozara Ćorovića;219000;3.0;3000;halooglasi;Svetozara Ćorovića, Mali Taš 3.0
59;Opština Voždovac , Vojvode Stepe;174050;3.0;2950;halooglasi;Kostolačka, 59m2, Voždovac
59;Opština Čukarica , Julino brdo , Marine Veličković;130000;2.5;2203;halooglasi;Dvoiposoban stan sa garažom na Julinom brdu
61;Opština Palilula , Botanička bašta , Vojvode Dobrnjca;160000;2.0;2623;halooglasi;Beograd, Botanička bašta, Stan, 2.0, 61m2
152;Opština Čukarica , Banovo brdo , Tuniska;460000;4.0;3026;halooglasi;Ekskluzivan,lux ,Košutnjak,Banovo brdo,parking
36;Opština Zvezdara , Mirijevo , Matice srpske;51000;1.0;1417;halooglasi;Top Mirijevo M.srpske nameštena garsonjera terasa
84;Opština Novi Beograd , Stari Merkator , Otona Župančiča;179000;2.0;2131;halooglasi;Kod starog merkatora, 84 m2, uknjižen stan
127;Opština Zemun , Galenika , Kod starog obdaništa;180000;5.0;1417;halooglasi;Petosoban stan na Galenici
124;Opština Čukarica , Banovo brdo , Nodilova;311000;4.0;2508;halooglasi;Hipodrom-Nodilova-Novogradnja-110m2+14m2 T
47;Opština Zvezdara , Cvetkova pijaca , Braće Miladinov;129250;2.5;2750;halooglasi;Cvetkova pijaca
65;Opština Vračar , Kalenić pijaca , Cara Nikolaja;250000;2.5;3846;halooglasi;Stan - Beograd - Vračar - Mileševska 62m2
41;Opština Palilula , Karaburma , Dragoslava Srejovića;78000;1.0;1902;halooglasi;Karaburma, 41m2, npr, gas
43;Opština Vračar , Južni bulevar , Kneza Stracimira;155000;1.5;3646;halooglasi;Vračar, nesvakidašnje arhitektonski rešen
57;Opština Zvezdara , Gradska bolnica , Velebitska;205000;2.5;3596;halooglasi;Zvezdara, Gradska bolnica - Velebitska 57m2
117;Opština Novi Beograd , Blok 62 , Dušana Vukasovića;230000;4.0;1966;halooglasi;Blok 62, Dušana Vukasovića, 117m2 ID#112
157;Opština Vračar , Centar , Vardarska;423900;6.0;2700;halooglasi;Novogradnja,Vračar,157m2-penthouse #3997
73;Opština Savski venac , Humska , Surdulička;204400;3.0;2800;halooglasi;Autokomanda,Surdulička73m2,3.0+terasa #3999
112;Opština Vračar , Krunski venac , Krunska;435000;6.0;3884;halooglasi;Retko u ponudi-Krunska,112m2,5.0-odličan,salonski,
56;Opština Stari grad , Dorćol , Venizelosova;265000;2.0;4741;halooglasi;Centar(Novi Dorćol)56m2,2.0-nov stan #3951
65;Opština Novi Beograd , Bežanijska kosa 2 , Peđe Milosavljevića;157000;2.0;2415;halooglasi;Bezanijska kosa 2. - Pedje Milosavljevica - 65m2,
75;Opština Voždovac , Vojvode Stepe , Vojvode Stepe;185000;2.5;2467;halooglasi;Kompletno renoviran 2.5 stan, 75m2,2/4,CG,topla vo
50;Opština Zvezdara , Lion , Bulevar Kralja Aleksandra;165000;2.0;3300;halooglasi;Stan na top lokaciji ID#128204
96;Opština Stari grad , Terazije , Kraljice Natalije;275000;4.0;2865;halooglasi;Terazije - u blizini - salonski stan dva ulaza ID#
41;Opština Čukarica , Filmski grad , Ilije Stojadinovića;119000;1.0;2902;halooglasi;Uknjižen stan - Filmski grad ID#3403
34;Opština Čukarica , Bele vode , Jelenov Žleb;67000;1.0;1971;halooglasi;Bele vode - Jelenov žleb ID#3778
96;Opština Vračar , Kalenić pijaca , Maksima Gorkog;320000;3.5;3333;halooglasi;Kalenić pijaca, 96m2, II, ta
55;Opština Zemun , Gornji grad , Bosanska;112000;3.0;2036;halooglasi;Stan u novogradnji 55m2
59;Opština Zvezdara , Mirijevo , Nine Kirsanove;111000;3.0;1881;halooglasi;Trosoban stan, Mirijevo 4, ulica Nine Kirsanove
50;Opština Palilula , Karaburma , Čiče Romanijskog;70000;2.0;1400;halooglasi;Stan na top lokaciji ID#128354
76;Opština Zvezdara , Mirijevo , Koste Nađa;144000;3.5;1895;halooglasi;Lep porodičan stan ID#127353
83;Opština Zemun , Kalvarija , Prvomajska;217000;3.0;2614;halooglasi;Prvomajska, novogradnja 83.43m2 ID#7036
60;Opština Vračar , Crveni krst , Dravska;270000;2.5;4500;halooglasi;Vračar - Kajmakčalanska - Lux - Crveni krst ID#418
70;Opština Zemun , Gornji grad , Banijska;177800;3.0;2540;halooglasi;Zemun, Banijska, novogradnja, 70m2
60;Opština Zemun , Gornji grad , Banijska;152400;2.5;2540;halooglasi;Zemun, Banijska, novogradnja, 60 m2
70;Opština Zemun , Gornji grad , Banijska;177800;3.0;2540;halooglasi;Zemun, Banijska, novogradnja, 70m2
85;Opština Čukarica , Cerak , Kosmajska;160000;3.0;1882;halooglasi;Cerak,  Kosmajska, 85m2, prelep stan
60;Opština Čukarica , Žarkovo , Ace Joksimovića;149000;3.0;2483;halooglasi;Žarkovo, Ace Joksimovića, 60m2, 3.0 ID#2346
92;Opština Palilula , Botanička bašta , Vojvode Dobrnjca;368000;4.0;4000;halooglasi;Beograd, Botanička bašta, Stan, 4.0, 92m2
52;Opština Zvezdara , Mirijevo , Nade Purić;91000;2.5;1750;halooglasi;Mirijevo
48;Opština Vračar , Kalenić pijaca , Njegoševa;125000;2.0;2604;halooglasi;Njegoševa, Kalenić pijaca, Vračar ID#2048
128;Opština Palilula , Krnjača , Miodraga Petrovića - Krnjača;159000;4.0;1242;halooglasi;Krnjača, 128m2, pr, cg
49;Opština Rakovica , Miljakovac , Srpskih serdara;114800;3.0;2343;halooglasi;Miljakovac III
100;Opština Vračar , Kalenić pijaca , Kneza od Semberija;230000;3.0;2300;halooglasi;Kalenić pijaca, 100m2, V, ta,
86;Opština Vračar , Hram svetog Save , Sokolska;288000;3.5;3349;halooglasi;Sokolska Hram Svetog Save Vračar Beograd Srbija
49;Opština Palilula , Karaburma , Dragoslava Srejovića;98000;1.5;2000;halooglasi;Karaburma-D. Srejovića-ugao sa S. Aljendea, 49m2,
42;Opština Čukarica , Čukarička padina , Stevana Đurđevića Trošarinca;135000;2.0;3214;halooglasi;Stevana Đurđevića Trošarinca Čukarička padina Č...
64;Opština Zvezdara , Mirijevo , Mihaila Bulgakova;137600;3.0;2150;halooglasi;Mirijevo, 64m2, II, eg, namešten
232;Opština Vračar , Hram svetog Save ,;1265000;6.0;5453;halooglasi;Ekskluzivan 5.0 stan od 232m2, kod Hrama
84;Opština Voždovac , Banjica , Bulevar oslobođenja;170000;3.0;2024;halooglasi;Banjica okretnica tramvaja 84m2
102;Opština Novi Beograd , Blok 30 (B92) , Bulevar Mihajla Pupina;305000;4.0;2990;halooglasi;Blok 30, Bulevar Mihaila Pupina ID#4188
92;Opština Rakovica , Kanarevo brdo , Borska;149000;3.5;1620;halooglasi;Stari Košutnjak - Borska ID#1281
45;Opština Grocka , Kaluđerica , Makedonska;52000;1.0;1156;halooglasi;Prodajem stan u centru Kaludjerice
42;Opština Rakovica , Skojevsko naselje , Ranka Žeravice;88000;2.0;2118;halooglasi;Prostran, useljiv, dvosoban stan, novogradnja ID#7
75;Opština Voždovac , Hotel M , Vojvode Stepe;184000;2.5;2453;halooglasi;Voždovac-Fon, 75m2, II, ta
135;Opština Zvezdara , Lipov lad , Ulcinjska;370000;4.0;2741;halooglasi;Lipov Lad, Ulcinjska 135m2 mereno 160m2 plus teras
45;Opština Zemun , Kalvarija , Prvomajska;137000;2.0;3044;halooglasi;Zemun, Prvomajska, novogradnja, 45m2 ID#6019
41;Opština Palilula , Karaburma , Pana Đukića;100000;1.5;2439;halooglasi;Karaburma, 41m2, III, ta, uknj
59;Opština Zvezdara , Mirijevo , Ljube Tadića;80000;2.5;1356;halooglasi;Mirijevo, Ljube Tadića 43m2+16m2 terasa ID#124367
37;Opština Vračar , Kalenić pijaca , Sredačka;130000;2.0;3514;halooglasi;Vračar-Sredačka, 37m2, vpr, ta
93;Opština Palilula , Centar , Vojvode Dobrnjca;368000;3.5;3993;halooglasi;Centar, Vojvode Dobrnjca, salonski, lux ID#1145
61;Opština Palilula , Tašmajdan , Kraljice Marije;200000;2.0;3279;halooglasi;TASMAJDAN,Kraljice Marije,2.0,odmah useljiv,61m2+T
62;Opština Novi Beograd , Blok 70a , Omladinskih brigada;210000;2.0;3387;halooglasi;Prodajem stan, blok 70a Novi Beograd
60;Opština Rakovica , Miljakovac , Nikole Marakovića;120000;2.0;2000;halooglasi;Retko u ponudi
75;Opština Zemun , Tošin bunar , Tošin bunar;230578;3.0;3100;halooglasi;Zelena Avenija
78;Opština Voždovac , Braće Jerković , Braće Jerković;139000;2.5;1782;halooglasi;Braće Jerković, 2,5 78m2, lođa, cg, t.voda, lift
95;Opština Savski venac , Beograd na vodi ,;364000;3.0;3846;halooglasi;Beograd na vodi, zgrada Quartet 1, 94m2
69;Opština Savski venac , Centar , Admirala Geprata;289000;3.0;4188;halooglasi;Stan na top lokaciji ID#128268
54;Opština Novi Beograd , Paviljoni , Radoja Dakića;122000;2.0;2259;halooglasi;Paviljoni, Radoja Dakića, 54m2+4m2 terasa ID#6707
177;Opština Novi Beograd , Tošin bunar , Tošin bunar;813351;4.0;4620;halooglasi;Dolce Vita, trostrano orijentisan, dve terase ID#2
125;Opština Novi Beograd , Tošin bunar , Tošin bunar;512366;4.0;4125;halooglasi;Dolce Vita, premium stambeni kompleks, ID#2800
142;Opština Novi Beograd , Tošin bunar , Tošin bunar;550644;4.0;3905;halooglasi;Dolce Vita, premium kompleks, pdv uključen, ID#279
61;Opština Vračar , Slavija , Resavska;220000;2.0;3607;halooglasi;Vračar, Crkva Svetog Marka - Resavska, 61m2
99;Opština Zvezdara , Mirijevo , Dr Velimirovića;165000;4.0;1667;halooglasi;Mirijevo - Dr Velimirovića ID#1505
56;Opština Stari grad , Skupština , Palmotićeva;308000;2.5;5500;halooglasi;Skupština, Palmotićeva, mereno 65m2 ID#7498
33;Opština Palilula , Kotež , Dr Dragiše Mišovića;58500;1.0;1773;halooglasi;Dr. Dragiše Mišovića, Kotež, Palilula ID#2044
48;Opština Zemun , Cara Dušana , Cara Dušana;114408;2.0;2400;halooglasi;Novogradnja u Zemunu
74;Opština Palilula , Padinska skela , PADINSKA SKELA;63000;3.5;851;halooglasi;Prodaja Padinska Skela
66;Opština Palilula , Karaburma , Dr. Nika Miljanica;122000;2.5;1848;halooglasi;Karaburma, Maljenska, 63m2
60;Opština Vračar , Kalenić pijaca , Mileševska;209000;2.5;3483;halooglasi;Vračar, Mileševska, 60m2
86;Opština Novi Beograd , Blok 71 , Dr Ivana Ribara;197000;3.5;2291;halooglasi;Novi Beograd  Blok 71
74;Opština Voždovac , Braće Jerković , Braće Jerković;126500;2.5;1709;halooglasi;Braće Jerković ID#4015
92;Opština Zemun , Centar , Gospodska;260000;4.0;2826;halooglasi;Zemun - Gospodska - parking ID#4014
74;Opština Vračar , Hram svetog Save , Dubljanska;213000;3.0;2878;halooglasi;Vračar, Hram svetog Save, 3.0, 74m2, nov, useljiv
98;Opština Stari grad , Trg Republike;400000;4.0;4082;halooglasi;Trg Republike, 98m2, Idealno Za Hostel,4.0.salonac
36;Opština Čukarica , Sremčica , Dvoržakova;38000;1.0;1056;halooglasi;Sremčica - Dvoržakova ID#1612
45;Opština Sopot , Rogača , Prvomajska;90000;1.5;2000;halooglasi;Sopot,novogradnja,1.5 ID#6477
103;Opština Zvezdara , Đeram pijaca , Zahumska;380000;3.5;3689;halooglasi;Zahumska, 3.5., 103m2, novogradnja, lux
33;Opština Zemun , Altina , Abebe Bikile;56000;0.5;1697;halooglasi;Beograd, Zemun, Altina
183;Opština Novi Beograd , Ušće , Bulevar Mihajla Pupina;250000;3.0;1366;halooglasi;Ušće - Bulevar Mihajla Pupina, 77m2 + 106m2
75;Opština Zemun , Karađorđev trg , Karađorđev Trg;189000;3.0;2520;halooglasi;Karađorđev trg funkcionalan trosoban ID#1060
95;Opština Savski venac , Centar , Mihaila Bogićevića;255000;3.5;2684;halooglasi;Top 3.5soban dupleks na odličnoj lokaciji ID#1119
80;Opština Stari grad , Dorćol , Visokog Stevana;260000;3.0;3250;halooglasi;Odličan stan u srcu Dorćola ID#1504
70;Opština Novi Beograd , Blok 23 , Antifašističke borbe;249500;3.0;3564;halooglasi;Antifašističke borbe Blok 23 Novi Beograd Beogr...
66;Opština Zemun , Centar , Avijatičarski trg;198000;2.0;3000;halooglasi;Avijatičarski trg Centar Zemun Beograd Srbija
53;Opština Mladenovac , Jagnjilo , Janka Badžaka;35000;1.0;660;halooglasi;Stan u centru Jagnjila
123;Opština Zemun , Novi grad , Drinska;170000;4.5;1382;halooglasi;Zemun, Novi grad - Drinska, 123m2
86;Opština Vračar , Kalenić pijaca , Kursulina;305000;4.0;3547;halooglasi;Vračar, Kalenić - Kursulina, 86m2
65;Opština Stari grad , Trg Republike , Bulevar despota Stefana;259000;3.0;3985;halooglasi;Trg republike - Bulevar despota Stefana, 65m2
54;Opština Palilula , Višnjička Banja , Slobodana Jovanovića;92000;2.0;1704;halooglasi;Višnjička Banja-Slobodana Jovanovića-54m2-uknjižen
75;Opština Voždovac , Dušanovac;194000;3.0;2608;halooglasi;Novogradnja-Dušanovac -74,38m2 ,2 terase ,cg,lift
60;Opština Novi Beograd , Blok 67 (Belvil) , Bulevar Crvene Armije;220000;2.0;3667;halooglasi;Belville - 2,0 s, 61 m2, uknjižen i useljiv
87;Opština Voždovac , Ripanj , Put za Pavićevac;120000;3.0;1379;halooglasi;3.0 soban stan u  prirodi  sa  dvorištem ID#7494
94;Opština Rakovica , Labudovo brdo , Čajnička;180000;3.0;1915;halooglasi;Labudovo brdo - Čajnička ID#1659
21;Opština Zvezdara , Vukov Spomenik , Čelopečka;60000;0.5;2857;halooglasi;Garsonjera kod Vukovog spomenika ID#3103
30;Opština Palilula , Zira , Cvijićeva;80000;2.0;2667;halooglasi;Zira-Cvijićeva
208;Opština Savski venac , Beograd na vodi , Hercegovačka;1446888;4.0;6988;halooglasi;BW Perla, biser Beograda, 207.04m2 ID#54471
47;Opština Palilula , Višnjička Banja , Slanački put;110000;2.0;2373;halooglasi;Prodaje se Lux 2.0-46,35kv,namesten
47;Opština Novi Beograd , Ledine , Mije Aleksića;93800;2.0;1996;halooglasi;Ledine, novogradnja, 47m2, 2.0, uknjižen
39;Opština Zemun , Prvomajska , Prvomajska;95800;2.0;2500;halooglasi;Odličan stan proverenog investitora. Bez provizije
59;Opština Novi Beograd , Blok 38 , Bulevar Arsenija Čarnojevića;160000;2.0;2712;halooglasi;Blok 38 ID#4187
38;Opština Čukarica , Sremčica , Čedomira Popovića;47500;1.5;1250;halooglasi;Čedomira Popovića, Sremčica, Čukarica ID#1938
96;Opština Voždovac , Ripanj , Put za Pavićevac;120000;3.0;1250;halooglasi;3.0 soban stan u  prirodi  sa  dvorištem ID#7493
30;Opština Savski venac , Beograd na vodi , Bulevar Vudroa Vilsona;175000;0.5;5833;halooglasi;BW Aurora, odmah useljiv studio, uknjižen ID#3152
55;Opština Savski venac , Beograd na vodi , Bulevar Vudroa Vilsona;250000;2.0;4545;halooglasi;BW Metropolitan, namešten, odmah useljiv, ID#3153
54;Opština Palilula , Višnjička Banja , Višnjički venac;70000;3.0;1296;halooglasi;Višnjička banja, Višnjički venac, 54m2 ID#54123
223;Opština Savski venac , Dedinje , Sime Lozanića;2000000;4.0;8969;halooglasi;Dedinje, Sime Lozanića, 223m2, 2 parking mesta
33;Opština Savski venac , Stadion Partizana;90750;1.5;2750;halooglasi;Jednoiposoban stan, 33m2, Autokomanda
45;Opština Grocka , Kaluđerica;85000;2.0;1889;halooglasi;kaluđerica, nova zgrada, uknjižen 45m2
52;Opština Zvezdara , Lion , Radoja Domanovića-Zvezdara;89000;2.0;1712;halooglasi;Lion, 52m2, II, cg
63;Opština Zvezdara , Konjarnik , Ustanička;132900;2.0;2110;halooglasi;Uknjižen stan u Ustaničkoj ID#3366
129;Opština Stari grad , Centar , Palmotićeva;474000;4.0;3674;halooglasi;Palmotićeva Centar Stari grad Beograd Srbija
73;Opština Savski venac , Senjak , Ruska;159000;3.0;2178;halooglasi;Senjak, 73m2+terasa 13m2 ID#4604
49;Opština Zvezdara , Gradska bolnica , Varovnička;90000;2.0;1837;halooglasi;Varovnička, Gradska bolnica, Zvezdara ID#1797
36;Opština Novi Beograd , Blok 62 , Dušana Vukasovića;78900;1.0;2192;halooglasi;N. Beograd - Blok 62,1.5-soban kod Univera ID#4457
135;Opština Voždovac , Lekino brdo , Tetovska;335000;4.0;2481;halooglasi;180m2 Tetovska, duplex sa 4 terase, garažno
87;Opština Palilula , Borča , 29. novembra (Borča);137920;4.0;1600;halooglasi;29. Novembra, Borča, Palilula ID#1238
164;Opština Voždovac , Dušanovac , Tomazeova;295000;6.0;1799;halooglasi;Tomazeova, Dušanovac, Voždovac ID#1235
53;Opština Zvezdara , Mirijevo , Kapetana Miloša Žunjića;104000;2.0;1987;halooglasi;2.0, Mirijevo, Kapetana Miloša Žunjića, 52,35m2
67;Opština Rakovica , Skojevsko naselje , Ranka Žeravice;135000;2.0;2015;halooglasi;Skojevsko naselje, Ranka Žeravice, 67m2, 2.0 ID#24
80;Opština Voždovac , Autokomanda , Jove Ilića;225000;3.0;2812;halooglasi;Trosoban stan Jove Ilića ID#1136
65;Opština Vračar , Crveni krst , Sazonova;245000;3.0;3769;halooglasi;Prelep 3.0 stan-Novogradnja ID#1237
85;Opština Voždovac , Lekino brdo , Bačvanska;249000;4.0;2929;halooglasi;Prelep 4.0/85m2+8m2 terase/Renoviran ID#1248
73;Opština Palilula , Profesorska kolonija , Zdravka Čelara;215000;3.0;2945;halooglasi;Retko u ponudi,Profesorska kolonija, 74m2
110;Opština Zvezdara , Konjarnik , Slobodana Lale Berberskog;199990;4.5;1818;halooglasi;Konjarnik, 110m2, IV, cg
405;Opština Vračar , Hram svetog Save , Mutapova;1500000;4.0;3704;halooglasi;Hram, Mutapova
53;Opština Zvezdara , Veliki Mokri Lug , Miljana Miljanića;110000;2.5;2075;halooglasi;Veliki Mokri Lug, Miljana Miljanica
53;Opština Zvezdara , Cvetanova ćuprija , Mate Miloševića;115000;2.0;2170;halooglasi;Vojvode Vlahovica, Mate Milosevica
83;Opština Palilula , Profesorska kolonija , Miše Vujića;250000;3.0;3012;halooglasi;Profesorska kolonija, Mise Vujica, 3.0, 83 m2
73;Opština Zvezdara , Lion , Preševska;168000;3.0;2301;halooglasi;Zvezdara, Lion - Preševska
214;Opština Vračar , Hram svetog Save , Mutapova;1500000;4.0;7009;halooglasi;Vračar, Hram Svetog Save - Mutapova
95;Opština Palilula , Tašmajdan , Kneza Danila;324300;3.0;3414;halooglasi;Palilula, Tašmajdan - Kneza Danila
202;Opština Vračar , Hram svetog Save , Bulevar oslobođenja;909000;4.0;4500;halooglasi;Vračar, Hram Svetog Save - Bulevar oslobođenja
84;Opština Novi Beograd , Blok 65 , Bulevar heroja sa Košara;319000;3.0;3798;halooglasi;ELIXIR GARDEN - 3.0 nov
44;Opština Zemun , Gornji grad , Cara Dušana (Zemun);107443;1.5;2442;halooglasi;Zemun-Cara Dušana, 44m2, IV, eg
72;Opština Zemun , Gornji grad , Cara Dušana (Zemun);163750;2.5;2274;halooglasi;Zemun-Cara Dušana, 72m2, IV, eg
84;Opština Stari grad , Centar , Svetogorska;300000;3.0;3571;halooglasi;Centar Svetogorska 84m2 ID#1137
150;Opština Voždovac , Saobraćajni fakultet , Vojvode Stepe;390000;3.0;2600;halooglasi;Vojvode Stepe 150m2 ID#1314
110;Opština Rakovica , Vidikovac , Pilota Mihaila Petrovića;325000;4.0;2957;halooglasi;Vidikovac 109,90m2+86m2+110m2 ID#1202
124;Opština Voždovac , Saobraćajni fakultet , Vojvode Stepe;320000;4.0;2581;halooglasi;Vojvode Stepe 124m2 ID#1315
83;Opština Rakovica , Stari Košutnjak , Borska;160000;3.5;1928;halooglasi;Stari Košutnjak 83m+3m2 ID#1399
148;Opština Stari grad , London , Kneza Miloša;400000;4.5;2703;halooglasi;Beograd, Centar, Kneza Miloša
102;Opština Vračar , Crveni krst , Gročanska;325000;4.0;3186;halooglasi;Crveni krst nov-useljiv 4,0 102m2, terasa VI
90;Opština Novi Beograd , Blok 38 , Bulevar Arsenija Čarnojevića;180000;4.0;2000;halooglasi;Novi Beograd, Blok 38
104;Opština Novi Beograd , Blok 63 , Nehruova;195000;5.0;1875;halooglasi;Retko u ponudi stan sa dve funkcionalne jedinice
66;Opština Zemun , Save Kovačevića , Šilerova;157848;3.0;2400;halooglasi;Novogradnja Zemun - SAve Kovačevč uskoro useljivo
86;Opština Voždovac , Banjica , Paunova;237000;3.0;2756;halooglasi;3.0 Banjica, 86m2, LUX namešten, garaža uknj.
66;Opština Novi Beograd , Blok 23 , Antifašističke borbe;249900;3.0;3786;halooglasi;Lux stan, namešten stan u bloku 23 ID#1622
60;Opština Voždovac , Centar , Maksima Gorkog;189900;2.0;3165;halooglasi;Voždovac-Maksima Gorkog-6om2-Uknjižen ID#2535
81;Opština Voždovac , Banjica , Bulevar oslobođenja;180000;3.5;2222;halooglasi;Voždovac, Banjica - Bulevar oslobođenja 81m2
70;Opština Palilula , Hala Pionir , Bulevar despota Stefana;179000;2.0;2557;halooglasi;Palilula, Hala Pionir-Bulevar despota Stefana 70m2
66;Opština Rakovica , Vidikovac , Vidikovački venac;125000;2.0;1894;halooglasi;Rakovica, Vidikovac - Vidikovački venac 66m2
68;Opština Palilula , Hala Pionir , Miše Vujića;250000;3.0;3676;halooglasi;Palilula, Hala Pionir - Miše Vujića 68m2
51;Opština Savski venac , Zeleni venac , Pop Lukina;165000;2.0;3235;halooglasi;Savski Venac, Zeleni Venac - Pop Lukina 51m2
74;Opština Rakovica , Skojevsko naselje , Luke Vojvodića;160000;3.0;2162;halooglasi;Rakovica, Skojevsko naselje - Luke Vojvodića 74m2
78;Opština Stari grad , Dorćol , Tadeuša Košćuška;260000;3.5;3333;halooglasi;Dorcol 3,5 78+2L(12m2) 5/6 cg lift 2 m,cvora uknji
87;Opština Zvezdara , Bulbulder , Mehmeda S;139950;2.0;1609;halooglasi;Bulbulder, Mehmeda Sokolovića
51;Opština Voždovac , Braće Jerković ,;104000;2.0;2039;halooglasi;Vojvode Vlahovića, Miljana Miljanića, 51m2 ID#5109
142;Opština Voždovac , Medaković 3 ,;145000;4.0;1021;halooglasi;Medaković - Padina, Uknjižen sređen stan ID#3285
78;Opština Voždovac , Autokomanda , Borisavljevićeva;185000;3.0;2372;halooglasi;Autokomanda, 78m2, pr, lux, uknj. ID#1362
86;Opština Novi Beograd , Blok 38 , Bulevar Arsenija Čarnojevića;220000;3.5;2558;halooglasi;Prodaje se stan u bloku 38 ID#1399
105;Opština Zvezdara , Veliki Mokri Lug , Petkov kladenac;165000;5.0;1571;halooglasi;Zvezdara - Veliki Mokri Lug - 105m2 - 5.0
70;Opština Zvezdara , Vukov Spomenik , Čelopečka;192000;2.5;2743;halooglasi;Zamena ili prodaja
69;Opština Novi Beograd , Hotel Jugoslavija , Aleksinačkih rudara;165000;3.0;2391;halooglasi;Hotel YU, atraktivna lokacija, 69m2 ID#5723
63;Opština Novi Beograd , Blok 70 (kineski tržni centar) , Jurija Gagarina;130000;2.5;2063;halooglasi;Blok 70, 63m2, IV, cg
75;Opština Voždovac , Šumice ,;200800;3.0;2700;halooglasi;Voždovac, Šumice ID#2043
91;Opština Savski venac , Beograd na vodi , Bulevar Vudroa Vilsona;370000;3.0;4066;halooglasi;Beograd na vodi - Parkview 3.0 91m2 5/23 uknjižen
71;Opština Zemun , Gornji grad , Crnogorska;135000;3.0;1901;halooglasi;Prodajem trosoban stan
40;Opština Zemun , Zemun polje ,;54000;1.5;1350;halooglasi;Novogradnja na poslednjem spratu
81;Opština Novi Beograd , Blok 44 (TC Piramida) , Gandijeva;230000;3.0;2840;halooglasi;Blok 44, Gandijeva, odličan trosoban stan
67;Opština Zemun , Galenika , Svetozara Papića;147500;2.5;2201;halooglasi;Zemun, Galenika, 67m2, 2.5, odlican
173;Opština Savski venac , Centar , Kraljice Natalije;460000;6.0;2659;halooglasi;Terazije, uknjižen renoviran, 93+80m2 ID#6236
42;Opština Rakovica , Skojevsko naselje , Ranka Žeravice;88000;3.5;2118;halooglasi;Skojevsko naselje, Ranka Žeravice, 1.5, 41,55 m2 I
62;Opština Zemun , Galenika ,;102000;3.0;1645;halooglasi;Prodaja stana od 62m2, Zemun - Galenika
134;Opština Voždovac , Autokomanda , Kumodraška;388426;6.0;2899;halooglasi;Autokomanda, 134m2, III, cg
144;Opština Voždovac , Autokomanda , Kumodraška;416585;6.0;2893;halooglasi;Autokomanda, 144m2, III, cg
92;Opština Voždovac , Konjarnik , Ustanicka;230000;4.0;2500;halooglasi;Prodajem stan na Konjarniku 92metara kvadratnih,
52;Opština Palilula , Karaburma , Juhorska;110000;2.0;2115;halooglasi;Karaburma, Juhorska, odlična lokacija ID#6474
83;Opština Zvezdara , Lion , Preševska;240000;3.0;2892;halooglasi;Zvezdara, Lion, Preševska, 83m2 ID#54097
105;Opština Voždovac , Banjica , Baštovanska;230000;4.5;2190;halooglasi;Voždovac, Banjica - Baštovanska, 105m2
171;Opština Vračar , Slavija , Trg Slavija;600000;5.0;3509;halooglasi;Centar- Slavija
56;Opština Zvezdara , Konjarnik , Slobodana Lale Berberskog;102000;2.0;1821;halooglasi;Konjarnik, Slobodana Lale Berberskog, 56m2 ID#5359
120;Opština Zvezdara , Dimitrija Tucovića ,;330000;3.0;2750;halooglasi;Lux stan na prodaju u Dimitrija Tucovica u novoj z
22;Opština Vračar , Centar , Bulevar Kralja Aleksandra;95000;0.5;4318;halooglasi;Top lokacija, Vukov spomenik ID#104392
69;Opština Novi Beograd , Fontana , Pariske komune;192000;3.0;2783;halooglasi;Fontana, Pariske komune, 69m2+L, 3.0 ID#2384
127;Opština Palilula , Centar , Stanoja Glavaša;410000;4.0;3228;halooglasi;Palilula-Stanoja Glavaša-Salonac-Uknjižen ID#2603
108;Opština Stari grad , Atelje 212 , Svetogorska;293000;3.0;2713;halooglasi;Atelje 212,Svetogorska, 107.8m2, 3.0-4.5, 2 garaže
50;Opština Savski venac , Ekonomski fakultet , Gavrila Principa-Savski venac;189000;3.0;3780;halooglasi;Centar-G. Principa, 50m2, V, eg, odličan, namešten
108;Opština Vračar , Hram svetog Save , Sokolska;298000;3.5;2759;halooglasi;Kod Hrama, 108m2, II, cg, uknj.
66;Opština Palilula , Poštanska štedionica , Cvijićeva-Palilula;199000;2.5;3015;halooglasi;Hala Pionir, 66m2, II, ta
40;Opština Palilula , Karaburma , Husinskih rudara;57000;1.0;1425;halooglasi;Karaburma, 40m2, pr, ta
56;Opština Palilula , Karaburma , Husinskih rudara;95000;2.0;1696;halooglasi;Karaburma, 56m2, III, ta
46;Opština Rakovica , Miljakovac , Borska;97000;2.5;2109;halooglasi;2.5, Borska, kod pošte, očuvan ID#127947
75;Opština Voždovac , FON - Bilećka , Vojvode Stepe;184000;3.5;2453;halooglasi;Voždovac, FON - Vojvode Stepe 75m2
77;Opština Novi Beograd , Blok 61 , Jurija Gagarina;199500;3.0;2591;halooglasi;Lux stan blok 61 ID#125946
44;Opština Novi Beograd , Blok 30 (B92) , Bulevar Mihajla Pupina;125000;1.0;2841;halooglasi;Novi Beograd-Blok 30 ID#21106
42;Opština Zvezdara , Mirijevo , Nikole Doksata;49000;1.5;1167;halooglasi;Mirijevo,Nikole Doksata,42m2,1.5,npr,ta,nov
55;Opština Rakovica , Labudovo brdo , Oplenačka;102000;2.0;1855;halooglasi;Oplenačka Labudovo brdo Rakovica Beograd Srbija
87;Opština Rakovica , Vidikovac , Patrijarha Joanikija;159000;3.5;1828;halooglasi;Patrijarha Joanikija Vidikovac Rakovica Beograd...
93;Opština Surčin , Surčin (mesto) , Izvorska;195000;6.0;2097;halooglasi;Surčin, odličan dupleks 93m2
63;Opština Novi Beograd , Blok 72 , Dr Ivana Ribara;159000;2.5;2524;halooglasi;Blok 72, odličan dvosoban stan
64;Opština Voždovac , Šumice , Cara Justinijana Prvog;163000;3.0;2547;halooglasi;Šumice, Cara Justinijana Prvog, stan prodaja
340;Opština Vračar , Centar ,;870000;6.0;2559;halooglasi;Lux stan - kod Đerma ID#4012
53;Opština Zemun , Save Kovačevića , Sava Burića;130000;2.5;2453;halooglasi;Sava Burića Save Kovačevića Zemun Beograd Srbij...
73;Opština Zvezdara , Gradska bolnica , Kladovska;202000;3.0;2767;halooglasi;Kladovska Gradska bolnica Zvezdara Beograd Srbija
100;Opština Vračar , Kalenić pijaca , Kneza Od Semberije;240000;4.0;2400;halooglasi;Dupleks u blizini Kalenić pijace ID#6010
61;Opština Rakovica , Stari Košutnjak , Hasanaginice;134200;3.5;2200;halooglasi;Stari Košutnjak, Hasanaginice, 61m2 ID#5520
18;Opština Čukarica , Cerak , Kadinjača;53000;0.5;2944;halooglasi;Cerak, Kadinjača, 18m2 uknjiženo, mereno 31m2
66;Opština Rakovica , Petlovo brdo , Svetozara Ivačkovića;103000;2.5;1561;halooglasi;Povoljno, Petlovo brdo, Svetozara Ivačkovića, 66m2
51;Opština Zemun , Save Kovačevića , Novogradska;153000;2.5;3000;halooglasi;Zemun, Novogradska, odličan dvoiposoban stan 51m2
91;Opština Zvezdara , Bulevar kralja Aleksandra , Brsjačka;195000;4.0;2143;halooglasi;Zvezdara, Brsjačka
53;Opština Zemun , Meandri , Alaska;149900;3.0;2828;halooglasi;Alaska, Meandri, Zemun ID#1901
59;Opština Zemun , Cara Dušana , Cara Dušana;140088;3.0;2400;halooglasi;Stan u novogradnji u Zemunu
100;Opština Voždovac , Vojvode Stepe ,;270000;3.5;2700;halooglasi;Voždovac - Vojvode Stepe
100;Opština Grocka , Kaluđerica , Dragoljuba Stojanovica;107000;3.0;1070;halooglasi;Kaldujerica 3.0 stan prodaja ID#1395
53;Opština Zvezdara , Učiteljsko naselje , Svetog Klimenta;145000;2.5;2736;halooglasi;Svetog Klimenta, namešten, 53m2 ID#1101
95;Opština Zvezdara , Bulbulder , Mariborska;300000;3.5;3158;halooglasi;Bulbulder, sa parking mestom
67;Opština Novi Beograd , Blok 45 (TC Enjub) , Jurija Gagarina;190000;2.5;2836;halooglasi;Blok 45,retko u ponudi,2.5,67m2,Lođe,8/9,renoviran
87;Opština Novi Beograd , Blok 45 (TC Enjub) , Jurija Gagarina;210000;2.5;2414;halooglasi;Blok 45,kod škole,3.0,87m2,lođa,11/13,Jug-ka Savi
70;Opština Novi Beograd , Blok 60 , Zemunska;95000;4.0;1357;halooglasi;Zemunska 70m2
66;Opština Vračar , Centar , Mlatišumina;160000;3.0;2424;halooglasi;Vračar,3.0,odlična investicija ID#6470
108;Opština Zvezdara , Crveni krst , Pop Stojanova;190000;3.0;1759;halooglasi;Crveni krst, Pop Stojanova, 108m2 ID#52809
40;Opština Palilula , Višnjička Banja , Višnjički venac;82000;2.0;2050;halooglasi;Višnjička banja, Višnjički venac, 40m2 ID#54084
39;Opština Čukarica , Žarkovo , Ilije Đuričića;102500;2.0;2628;halooglasi;Top lokacija u centru Žarkova ID#7486
151;Opština Savski venac , Beograd na vodi , Hercegovačka;942888;3.0;6244;halooglasi;BW Riviera, ekskluzivna lokacija, pogled na reku,
85;Opština Zemun , Gornji grad , Karlovačka;200000;3.0;2353;halooglasi;Zemun,Karlovačka,3.0,85m2,terasa,1/5,useljiv,cg
36;Opština Zemun , Gornji grad ,;91000;1.0;2568;halooglasi;Zemona Nova-prelep stan na odličnoj lokaciji
52;Opština Savski venac , Beograd na vodi , BW METROPOLITAN;260000;2.0;5000;halooglasi;Dvosoban stan u zgradi BW Metropolitan, Belgrade w
51;Opština Savski venac , Beograd na vodi , Bulevar Vudroa Vilsona;250000;2.0;4902;halooglasi;Dvosoban stan u zgradi BW Metropolitan, Belgrade w
116;Opština Savski venac , Beograd na vodi ,;425888;4.0;3691;halooglasi;BW Eterna - sa pogledom na Sava park
32;Opština Palilula , Borča , Mihaila Solohova;58500;1.0;1828;halooglasi;Prodaje se garsonjera u Borci
61;Opština Voždovac , Dušanovac , Vojvode Skopljanca;175000;2.5;2869;halooglasi;Dušanovac, novogradnja, gar.mesto ID#6468
36;Opština Zemun , Zemunske kapije , Šumadijska;120000;1.0;3333;halooglasi;Šumadijska, Zemunske kapije, Zemun ID#1441
63;Opština Zemun , Altina , Episkopa Nikolaja;92000;3.0;1477;halooglasi;Episkopa Nikolaja, Altina, Zemun ID#1458
83;Opština Zvezdara , Lion , Preševska;240000;3.0;2892;halooglasi;Stan na top lokaciji ID#128327
55;Opština Palilula , Karaburma , Marijane Gregoran;108000;3.0;1964;halooglasi;Karaburma, Marijane Gregoran, 55 m2
60;Opština Zvezdara , Učiteljsko naselje , Bulevar Kralja Aleksandra;192000;3.0;3200;halooglasi;Aviv Park, Bulevar Kralja Aleksandra, 60m2 ID#4835
125;Opština Rakovica , Vidikovac , Kneza Višeslava;339000;4.0;2712;halooglasi;Rakovica, Vidikovac - Kneza Višeslava 125m2
69;Opština Novi Beograd , Fontana , Pariske komune;192000;3.0;2783;halooglasi;Novi Beograd, Fontana - Pariske komune 69m2
66;Opština Palilula , Karaburma , Dr Drage Ljočić;120000;2.5;1818;halooglasi;Dr Drage Ljočić, Karaburma, 66m2+15m2 terasa
89;Opština Zvezdara , Mirijevo , Vjekoslava Afrića;135000;4.0;1517;halooglasi;Vjekoslava Afrića, Mirijevo, Zvzedara
186;Opština Novi Beograd , Blok 67a (A blok) , Uroša Martinovića;798000;4.0;4290;halooglasi;Luksuzan stan u A bloku ID#1741
40;Opština Zvezdara , Mirijevo , Mirijevski Venac;77000;1.0;1925;halooglasi;U najlepšem delu Mirijeva ID#122530
74;Opština Zvezdara , Đeram pijaca;235264;3.5;3200;halooglasi;Đeram, Zvezdara ID#1738
99;Opština Zvezdara , Đeram pijaca;315296;3.0;3200;halooglasi;Đeram, Zvezdara ID#1737
63;Opština Zvezdara , Đeram pijaca;198496;3.5;3200;halooglasi;Đeram, Zvezdara ID#1735
63;Opština Zemun , Kalvarija , Zlatiborska;205632;2.0;3264;halooglasi;Kalvarija, Pametna zgrada, Lux novogradnja
59;Opština Zvezdara , Mirijevo , Grge Jankesa;125000;2.5;2119;halooglasi;Renoviran stan - Mirijevo ID#3072
45;Opština Savski venac , Centar , Savska;165000;1.0;3667;halooglasi;STAN 45 kvadrata, Savska ulica
85;Opština Novi Beograd , Blok 65 , Bulevar heroja sa Košara;300000;3.0;3529;halooglasi;Elixir garden, 85m2,3 sobe, terasa, 2 parking mest
114;Opština Savski venac , Beograd na vodi , Hercegovačka;704888;3.0;6183;halooglasi;Najekskluzivnija lokacija, BW Perla, ugaona pozici
63;Opština Zvezdara , Bulbulder , Krfska;201770;3.0;3232;halooglasi;Useljivo, sa pdv-om
65;Opština Rakovica , Petlovo brdo , Bubanjskih žrtava;140000;3.0;2154;halooglasi;Stan na Petlovom Brdu dvoiposoban visoko prizemlje
51;Opština Novi Beograd , Blok 24 (Super Vero) , Bulevar Milutina Milankovića;200000;2.0;3922;halooglasi;Luks 2.0 stan u bloku 24 ID#1752
60;Opština Novi Beograd , Fontana , Otona Zupancica;149000;2.0;2483;halooglasi;Prodaja, stan, Otona Zupancica, 60m2, Id491
78;Opština Zvezdara , Đeram pijaca;248384;3.5;3200;halooglasi;Đeram, Zvezdara ID#1734
77;Opština Zemun , Cara Dušana , Cara Dušana;183216;4.0;2400;halooglasi;Novogradnja u Cara Dušana
62;Opština Zvezdara , Zeleno brdo , Voje Veljkovića;138000;2.5;2226;halooglasi;2.5, Zeleno brdo, Voje Veljkovića, 62m2
80;Opština Zvezdara , Konjarnik , Mihaila Todorovića;192000;4.0;2415;halooglasi;4.0 stan u novogradnji na Konjarniku ID#1756
79;Opština Rakovica , Centar , Borska;158000;3.0;2000;halooglasi;Miljakovac, 3.0, 79m2 ID#1579
56;Opština Rakovica , Kanarevo brdo , Vukasovićeva;95000;2.0;1696;halooglasi;Kanarevo brdo, Vukasovićeva, 56m2 + lođa ID#1451
65;Opština Stari grad , Kosančićev venac , Fruškogorska;250000;3.5;3846;halooglasi;Kosančićev venac, Fruškogorska, 65m2 ID#1452
105;Opština Savski venac , Beograd na vodi ,;648000;3.0;6225;halooglasi;Beograd na vodi, zgrada Terraces, 104m2
33;Opština Vračar , Beogradska ,;180000;1.0;5455;halooglasi;Vračar, potpuno opremljen stan , 33m2
60;Opština Savski venac , Beograd na vodi ,;245000;2.0;4111;halooglasi;Beograd na vodi, zgrada Eterna, 60m2
59;Opština Zemun , Cara Dušana , Cara Dušana;141600;2.0;2400;halooglasi;Novogradnja u Zemunu, bez provizije
75;Opština Novi Beograd , Blok 63 , Nehruova;165000;2.5;2200;halooglasi;Blok 63 - Nehruova ID#1658
26;Opština Rakovica , Kneževac , Prvoboraca;47000;0.5;1808;halooglasi;Kneževac - Prvoboraca ID#1605
56;Opština Savski venac , VMA , Mihaila Avramovića;195000;3.0;3482;halooglasi;Dedinje - Mihaila Avramovića ID#1606
33;Opština Stari grad , Dorćol , Venizelosova;125000;1.5;3788;halooglasi;Dorcol,Venizelosova,33m2,uknjižen,PR/1,TA,1.5
48;Opština Zvezdara , Mirijevo , 16. oktobra;94000;1.5;1958;halooglasi;Šesnaestog oktobra, 48m2,1.5,8/11, uknjižen ID#149
33;Opština Voždovac , Vojvode Vlahovića , Vojvode Vlahovića;65000;1.0;1970;halooglasi;U novijoj zgradi kod Shop Go-a,jednosoban stan ID#
70;Opština Palilula , Cvijićeva , Cvijićeva;164500;3.0;2350;halooglasi;Cvijićeva, 70m2, 3.0 adaptiran u 3.5 ID#1546
69;Opština Savski venac , Ekonomski fakultet , Karađorđeva-Savski venac;165000;3.0;2391;halooglasi;Savski trg, 69m2, IV, ta
66;Opština Novi Beograd , Blok 61 , Dušana Vukasovića-Novi Beograd;150000;2.0;2273;halooglasi;Blok 61, 66m2, pr, cg
77;Opština Vračar , Hram svetog Save ,;225000;3.0;2922;halooglasi;Trosoban stan na Vračaru, 77m2 + terasa
85;Opština Novi Beograd , Blok 29 , Bulevar Arsenija Čarnojevića;205000;3.0;2412;halooglasi;Blok 29 - Bulevar Arsenija Čarnojevića
90;Opština Zvezdara , Zvezdarska šuma , Milete Jakšića;380000;4.0;4222;halooglasi;Zvezdarska šuma-Milete Jakšića,90m2+terasa 125m2
86;Opština Voždovac , Banjica , Paunova;248000;3.0;2884;halooglasi;Voždovac, Banjica - Paunova
138;Opština Zvezdara , Lion , Gvozdićeva;263000;5.0;1906;halooglasi;Zvezdara, Lion - Gvozdićeva
97;Opština Novi Beograd , Dr Ivana Ribara , Dr Ivana Ribara;145000;3.5;1495;halooglasi;Novi Beograd, Blok 71 - Dr Ivana Ribara
98;Opština Voždovac , Voždovačka crkva , Koste Jovanovića;334180;4.0;3410;halooglasi;Voždovac, Voždovačka crkva - Koste Jovanovića
73;Opština Vračar , Karađorđev park , Nebojšina;240000;3.0;3288;halooglasi;Vračar, Karađorđev park - Nebojšina
84;Opština Savski venac , Senjak , Kuršumlijska;390000;3.0;4643;halooglasi;Savski venac, Senjak - Kuršumlijska
37;Opština Voždovac , Braće Jerković , Darvinova;79000;2.0;2135;halooglasi;Voždovac, Braće Jerković - Darvinova
89;Opština Novi Beograd , Bežanijska kosa 1 , Vajara Živojina Lukića;250000;3.0;2809;halooglasi;Bežanijska kosa - Vajara Živojina Lukuća
54;Opština Savski venac , Beograd na vodi , Nikolaja Kravcova;248000;2.0;4593;halooglasi;Savski venac, Beograd na vodi - Nikolaja Kravcova
75;Opština Voždovac , Šumice , Rada Neimara;390000;3.0;5200;halooglasi;Voždovac, Šumice - Rada Neimara
93;Opština Stari grad , Kopitareva gradina , Bulevar despota Stefana;248900;3.0;2676;halooglasi;Kopitareva gradina - Bulevar despota Stefana
90;Opština Čukarica , Cerak , Petefijeva;188000;3.0;2089;halooglasi;Čukarica, Cerak - Petefijeva
180;Opština Savski venac , Dedinje , Miće Orlovića;650000;5.0;3611;halooglasi;Savski venac, Dedinje - Miće Orlovića
56;Opština Vračar , Neimar , Janka Veselinovića;367500;4.0;6562;halooglasi;Vračar, Neimar - Janka Veselinovića
94;Opština Stari grad , Kopitareva gradina , Đure Daničića;278800;4.0;2966;halooglasi;Stari grad, Kopitareva gradina - Đure Daničića
47;Opština Voždovac , FON - Bilećka , Ljuba Vučkovića;129000;1.5;2745;halooglasi;1.5, Darvinova pošta ID#127925
71;Opština Vračar , Južni bulevar , Gospodara Vučića;330464;3.0;4654;halooglasi;Bez provizije - lux stan sa dvorištem na Vračaru
164;Opština Vračar , Hram svetog Save , Borislava Pekića;788592;6.0;4808;halooglasi;Beograd, Hram Sv. Save, Stan, 5.0, 164m2
62;Opština Savski venac , Beograd na vodi , BW Terra;308600;2.0;5000;halooglasi;Prodaja stana u Bw Terra
123;Opština Zemun , Novi grad , Drinska;196000;4.0;1600;halooglasi;Drinska, NOVI GRAD, Zemun ID#1733
43;Opština Čukarica , Filmski grad , Nebojše Đukelica;120000;1.5;2791;halooglasi;Čukarica, Filmski grad, Nebojše Đukelica, 1.5, 43m
51;Opština Palilula , Padinska skela , Jabučki rit;26000;2.0;510;halooglasi;Jabučki rit 2.0 uknjižen
136;Opština Stari grad , Centar , Trg Nikole Pašića;450000;4.0;3309;halooglasi;Centar/Salonac/Trg Nikole Pasica/4.0 ID#1282
99;Opština Zemun , Donji grad , Majakovskog;250000;3.0;2525;halooglasi;Zemun, Majakovskog, 99m2 ID#1294
56;Opština Palilula , Padinska skela ,;49000;2.0;875;halooglasi;Padinska skela-Glogonjski rit 56m2
47;Opština Zemun , Prvomajska , Bačka;109900;1.0;2338;halooglasi;Odličan stan, Bačka, Zemun
83;Opština Zvezdara , Gradska bolnica , Preševska;240000;3.0;2892;halooglasi;Zvezdara, Gradska bolnica - Preševska 83m2
64;Opština Stari grad , Centar , Palmotićeva;230000;2.5;3594;halooglasi;Stari grad, centar - Palmotićeva, 64m2 + 60m2
50;Opština Savski venac , Beograđanka;189000;2.0;3780;halooglasi;Fantastičan lux dvosoban stan u prelepoj zgradi
73;Opština Zemun , Cara Dušana , Cara Dušana;174384;4.0;2400;halooglasi;Novogradnja u Zemunu
165;Opština Stari grad , Dorćol ,;533500;6.0;3233;halooglasi;Penthouse, Dorćol, 165 m2, cena bez pdv-a
95;Opština Zvezdara , Vukov Spomenik , Vojvode Brane;267000;4.0;2811;halooglasi;Zvezdara, Vukov spomenik - Vojvode Brane
77;Opština Zemun , Cara Dušana , Cara Dušana;183216;4.0;2400;halooglasi;Novogradnja u Zemunu
78;Opština Rakovica , Kanarevo brdo , Borska;180000;3.0;2308;halooglasi;Rakovica, Kanarevo brdo - Borska 78m2
29;Opština Čukarica , Bele vode , Milana Delića;83000;1.0;2862;halooglasi;Garsonjera,Bele vode.uknjizena
56;Opština Savski venac , Centar , Vojvode Milenka;371000;2.0;6649;halooglasi;KMR/2.0/Garazno mesto ID#1298
43;Opština Zvezdara , Lion , Kulina Bana;93000;1.5;2163;halooglasi;Lion, 1.5, 43m2, Kulina Bana
94;Opština Zvezdara , Lion , Kulina Bana;248000;4.0;2638;halooglasi;Lion, 4.0, 94m2, Duplex, Kulina Bana
174;Opština Stari grad , Obilićev venac , Zmaj Jovina, Obilićev venac;700000;4.0;4023;halooglasi;Obilićev venac pravi Penthaus sa garažom
96;Opština Stari grad , Kalemegdan , Strahinjića Bana;400000;4.0;4167;halooglasi;Salonski, Strahinjića Bana kod Kalemegdana 4.0
79;Opština Stari grad , Kalemegdan , Strahinjića Bana;350000;3.5;4430;halooglasi;Kalemegdan 3.0 Strahinjića Bana salonski 79m2
85;Opština Stari grad , Dorćol , Mike Alasa;300000;3.5;3529;halooglasi;Odličan, renoviran 3.0  kvalitetan Dorćol kod Keja
49;Opština Grocka , Leštane , Zabranska;83200;2.0;1700;halooglasi;Leštane residence u strogom centru pored crkve
52;Opština Mladenovac , Mladenovac (mesto) , Njegoševa;52000;3.0;1000;halooglasi;Na prodaju stan u Mladenovcu
46;Opština Zvezdara , Cvetkova pijaca , Vojvode Dovezenskog;135000;2.0;2935;halooglasi;Zvezdara,Cvetkova pijaca- Vojvode Dovezenskog 46m2
57;Opština Zvezdara , Cvetkova pijaca , Vojvode Dovezenskog;159000;2.0;2789;halooglasi;Zvezdara,Cvetkova pijaca- Vojvode Dovezenskog 57m2
62;Opština Savski venac , Centar , Lomina;250000;2.0;4032;halooglasi;Savski venac, Zeleni venac – Lomina 62m2
79;Opština Palilula , Palilulska pijaca , 27. marta;260000;3.0;3291;halooglasi;Palilula, Palilulska pijaca - 27. marta 79m2
85;Opština Savski venac , Mostarska petlja , Kneza Miloša;389000;3.0;4576;halooglasi;Savski venac, Skyline - Kneza Miloša 85m2
108;Opština Zvezdara , Lion , Pop Stojanova;180000;3.0;1667;halooglasi;Zvezdara, Lion - Pop Stojanova 108m2
100;Opština Vračar , Krunski venac , Krunska;695000;3.5;6950;halooglasi;Vračar, Krunski venac - Krunska 100m2
54;Opština Rakovica , Miljakovac , Nikole Marakovića;105500;1.5;1954;halooglasi;Rakovica, Miljakovac II - Nikole Marakovića 54m2
78;Opština Palilula , Višnjička Banja , Stojana Stoleta Aranđelovića;127500;3.0;1635;halooglasi;Višnjička banja-Stojana Stoleta Aranđelovića 78m2
45;Opština Savski venac , Zeleni venac , Brankova;179000;2.5;3978;halooglasi;Savski Venac, Zeleni Venac - Brankova 45m2
82;Opština Stari grad , Dorćol , Visokog Stevana;305000;3.0;3720;halooglasi;Donji Dorćol - Visokog Stevana
105;Opština Vračar , Slavija ,;670000;3.0;6381;halooglasi;Lux stan na Slaviji sa parking mestom
73;Opština Zvezdara , Gradska bolnica , Preševska;168000;3.0;2301;halooglasi;Zvezdara, Preševska, 73m2, 3.0, uknjižen
95;Opština Novi Beograd , Blok 67 (Belvil) , Bulevar Crvene Armije;419000;3.5;4411;halooglasi;Lux stan u Belvilu, sa divnim pogledom, 95m2, 3.5
69;Opština Novi Beograd , Blok 37 , Bulevar Arsenija Čarnojevića;161800;2.5;2345;halooglasi;Blok 37, 69m2, 2.5, uknjižen
75;Opština Novi Beograd , Blok 63 , Nehruova;225000;2.5;3000;halooglasi;Renoviran, uknjižen stan na odličnoj lokaciji
150;Opština Vračar , Kalenić pijaca , Kičevska;415000;5.0;2767;halooglasi;Vračar, centar, Kičevska, 150m2, 5.0
87;Opština Savski venac , Beograd na vodi;370000;3.0;4283;halooglasi;Lux stan u BW, 86m2, 3.0, garažno mesto
102;Opština Stari grad , Centar , Cara Uroša;400000;4.0;3922;halooglasi;Centar - Zmaja od Noćaja ID#3509
122;Opština Stari grad , Trg Nikole Pašića , Trg Nikole Pašića;419000;4.0;3434;halooglasi;Trg Nikole Pašića, 4.0
90;Opština Voždovac , Banjica , Bulevar oslobođenja;189000;4.0;2100;halooglasi;Banjica - kod bazena i crkve ID#3726
60;Opština Zvezdara , Mirijevo , Dragoslava Srejovića;120000;2.0;2000;halooglasi;Beograd, Mirijevo, Stan, 2.0, 60m2
66;Opština Novi Beograd , Blok 23 , Antifašističke borbe;249900;3.0;3786;halooglasi;Blok 23, renoviran, opremljen, odmah useljiv stan
57;Opština Novi Beograd , Blok 28 , Bulevar Arsenija Čarnojevića;150000;2.0;2632;halooglasi;Blok 28 - dvosoban stan ID#4456
53;Opština Zvezdara , Mirijevo , Bogdana Bogdanovića;83000;3.0;1566;halooglasi;Zgrada iz 2019 godine, stan bez ulaganja. ID#54826
73;Opština Novi Beograd , Hotel Jugoslavija , Bulevar Maršala Tolbuhina;215000;3.0;2945;halooglasi;Hotel Yu, trosoban 73m2, +38m2 ID#2505
55;Opština Rakovica , Stari Košutnjak , Reljkovićeva;120000;2.0;2182;halooglasi;Uknjižen renoviran stan - Stari Košutnjak ID#3440
67;Opština Stari grad , Dorćol , Gospodar Jevremova;290000;3.0;4328;halooglasi;Dorćol, 67m2, II, cg
26;Opština Voždovac , Medaković 1 , Rastka Petrovića;63000;1.0;2423;halooglasi;Medaković 1, Rastka Petrovića, 26m2 ID#54818
32;Opština Palilula , Karaburma , Jure Keroševića;71400;1.5;2231;halooglasi;Jure Keroševića, Karaburma, Palilula ID#2250
55;Opština Barajevo , Barajevo (mesto) , 20.oktobra;48000;3.0;873;halooglasi;Barajevo Gaj,  odličan stan, 55m2
47;Opština Voždovac , Saobraćajni fakultet , Ljuba Vučkovića;129000;2.0;2745;halooglasi;Ljuba Vučkovića, Saobraćajni fakultet, Voždovac ID
110;Opština Palilula , Višnjička Banja , Mirka Milojkovića;265000;4.0;2409;halooglasi;Odličan funkcionalan stan u Sannyville ID#126589
101;Opština Vračar , Pravni fakultet , Resavska;370000;3.0;3663;halooglasi;Kompletno renoviran salonac ID#126577
108;Opština Zemun , Donji grad , Bežanijska;150000;4.0;1389;halooglasi;Zemun, Donji grad - Bežanijska
54;Opština Palilula , Borča ,;80000;2.0;1481;halooglasi;Borča II, kod novog Doma zdravlja
58;Opština Čukarica , Cerak , Šavnička;107000;3.5;1845;halooglasi;Šavnička, Cerak, Čukarica ID#2248
49;Opština Zemun , Gornji grad , Rade Končara;107000;2.0;2184;halooglasi;Zemun, Rade Končara, 49m2, namešten stan na prodaj
90;Opština Stari grad , Centar , Palmotićeva;290000;3.0;3222;halooglasi;Renoviran salonski stan na top lokaciji ID#126195
70;Opština Zemun , Kalvarija , Milana Uzelca;165000;4.0;2357;halooglasi;Zemun-Prvomajska, 70m2, vpr, ta
60;Opština Palilula , Karaburma , Mirijevski bulevar-Palilula;125000;2.0;2083;halooglasi;Karaburma, 60m2, vpr, ta
94;Opština Palilula , Tašmajdan , Kneza Danila;324000;3.0;3447;halooglasi;Ul. Kneza Danila, novija gradnja sa garažom
112;Opština Savski venac , Beograd na vodi ,;463888;4.0;4167;halooglasi;Bw Nika - stan od 111m2 - bez provizije
145;Opština Čukarica , Golf , Petra Martinovića;440000;4.0;3034;halooglasi;Čukarica, Golf naselje - Petra Martinovića, 145m2
87;Opština Zvezdara , Severni bulevar , Ledinačka;175000;3.5;2011;halooglasi;Zvezdara, Severni bulevar - Ledinačka ID#4186
72;Opština Novi Beograd , Blok 23 , Antifašističke borbe;249900;3.0;3471;halooglasi;Blok 23 - Lux ID#4076
97;Opština Zvezdara , Mirijevo , Vitezova Karađorđeve Zvezde;159900;3.0;1648;halooglasi;Novogradnja, useljiva za mesec dana ID#126979
101;Opština Rakovica , Kanarevo brdo , Borska;245000;3.0;2426;halooglasi;Mirna lokacija, pogled na Košutnjak, 101,22m2
21;Opština Vračar , Crveni krst , Vele Nigrinove;71400;1.0;3400;halooglasi;Vele Nigrinove, Crveni krst, Vračar ID#2247
46;Opština Čukarica , Železnik , Živana Panića;78000;2.0;1696;halooglasi;Železnik - nov stan sa baštom i parking mestom
94;Opština Stari grad , Dunavski kej ,;348000;3.0;3702;halooglasi;Odličan namešten 3.0 stan od 94m2, Dunavski kej
77;Opština Stari grad , Centar , Balkanska;215000;3.5;2792;halooglasi;Centar, salonac, Balkanska ulica
39;Opština Zvezdara , Đeram pijaca , Dimitrija Tucovića;146400;2.0;3754;halooglasi;Dimitrija Tucovića, Đeram pijaca, Zvezdara ID#1897
56;Opština Zvezdara , Veliki Mokri Lug , Veselina Čajkanovića;119997;2.0;2143;halooglasi;Moderan stan u Zvezdare na Veselina Čajkanovića
42;Opština Surčin , Ledine , Višegradska;101000;2.0;2434;halooglasi;Moderan stan u premium zgradi
140;Opština Zvezdara , Veliki Mokri Lug , Vojvode Vlahovića;188000;3.5;1343;halooglasi;Moderan stan na Vojvode Vlahovica, Zvezdara
42;Opština Zvezdara , Mirijevo , Koste Nađa;99000;2.0;2357;halooglasi;PROSTORAN RENOVIRAN NAMESTEN LUX STAN
40;Opština Zemun , Donji grad , Gundulićeva;130000;1.0;3250;halooglasi;STAN U CENTRU ZEMUNA
49;Opština Voždovac , Braće Jerković , Jovana Bijelića;135000;2.0;2755;halooglasi;Odlican stan u Vozdovcu
42;Opština Zvezdara , Veliki Mokri Lug , Cvetanova ćuprija;100000;2.0;2381;halooglasi;Dvosoban stan od 42 m2
44;Opština Zemun , Altina , Ugrinovački put;63000;1.0;1432;halooglasi;Stan u Zemunu (Altina)
54;Opština Zemun , Altina , Ugrinovački put;90000;1.0;1681;halooglasi;Zadivljujući prostrani stan u Zemunu (Altina)
57;Opština Vračar , Neimar , Kornelija Stankovića;140000;3.0;2456;halooglasi;Стан у мирном делу Врачара
33;Opština Vračar , Kalenić pijaca , Hadži Prodanova;135000;1.0;4091;halooglasi;Stan u srcu Vračara
69;Opština Zvezdara , Veliki Mokri Lug , Vojvode Vlahovića;160000;1.5;2319;halooglasi;Zadivljujući LUX stan
85;Opština Palilula , Višnjička Banja , Dragana Lukića;139000;3.0;1635;halooglasi;Odličan LUX dupleks
78;Opština Rakovica , Labudovo brdo , Generala Zgonjanina;156000;3.0;2000;halooglasi;Kompletno renoviran svetli stan na Labudovom Brdu
73;Opština Palilula , Karaburma , Mirijevski bulevar;189800;3.5;2600;halooglasi;Odličan LUX stan na Karaburme
33;Opština Stari grad , Dorćol , Venizelosova;125000;1.5;3788;halooglasi;Izuzetan stan na Dorcolu
87;Opština Zemun , Zemun Bačka , Rade Končara;226200;3.5;2602;halooglasi;Moderan duplex u Zemunu
33;Opština Zemun , Zemun Bačka , Rade Končara;91000;1.0;2794;halooglasi;Odličan stan u Zemunu
83;Opština Zvezdara , Veliki Mokri Lug , Veselina Čajkanovića;190000;3.5;2289;halooglasi;Renoviran moderan stan, Veselina Čajkanovića
65;Opština Čukarica , Cerak vinogradi , Vinogradski venac;139000;3.0;2138;halooglasi;3.0 stan , Ceraku Vinogradi (59m2 + 6m2) + 3m2
53;Opština Vračar , Kalenić pijaca , Kičevska;204000;2.5;3849;halooglasi;Vračar-renoviran
58;Opština Čukarica , Banovo brdo , Šumadijski trg;169900;3.0;2929;halooglasi;Banovo brdo-Šumadijski trg
28;Opština Voždovac , Trošarina;72800;1.0;2600;halooglasi;Odličan prostor, Vojvode Stepe
38;Opština Zvezdara , Bulbulder , Milana Vukosa;128300;1.5;3435;halooglasi;Prodaja stana 37.35+T , Bulbuder, Milana Vukosa
73;Opština Zemun , Batajnica , Žike Markovića;123500;3.0;1692;halooglasi;Batajnica, renoviran, namešten stan, hitna prodaja
57;Opština Voždovac , Banjica , Bulevar oslobođenja;127000;2.5;2228;halooglasi;Banjica, Bulevar oslobođenja, 57 m2
45;Opština Čukarica , Golf , Izvorska;128250;1.5;2850;halooglasi;Izvorska, Golf naselje, Čukarica ID#2246
36;Opština Savski venac , Humska , Oblakovska;108000;1.5;3000;halooglasi;Autokomanda, odličan 1.5 u izgradnji ID#2264
59;Opština Novi Beograd , Blok 65 ,;375000;2.0;6366;halooglasi;Kula West 65, namesten stan , 59m2
40;Opština Zvezdara , Mirijevo , Mirijevski bulevar;93150;2.0;2329;halooglasi;Palilula, Mirijevo - Mirijevski bulevar, 40m2
36;Opština Čukarica , Čukarička padina , Radnička;67990;1.0;1889;halooglasi;Čukarička padina, Radnička 36m2
220;Opština Savski venac , Dedinje , Vladimira Gaćinovića;800000;6.0;3636;halooglasi;6.0 220m2+L Dedinje - Američka ambasada
115;Opština Stari grad , Terazije , Balkanska;345000;4.0;3000;halooglasi;Renoviran uknjižen stan - Terazije ID#3365
117;Opština Čukarica , Banovo brdo , Paštrovićeva;310000;3.0;2664;halooglasi;Hipodrom, Paštrovićeva, 116.36m2 ID#7007
40;Opština Čukarica , Banovo brdo , Paštrovićeva;115000;1.5;2915;halooglasi;Hipodrom, Paštrovićeva, 39.45m2 ID#7005
27;Opština Čukarica , Bele vode , Buda Tomovića;36000;1.0;1333;halooglasi;1.0 Bele vode, prizemlje ID#128799
94;Opština Zvezdara , Lion , Bulevar Kralja Aleksandra;263000;3.5;2798;halooglasi;Lion, 3.5, crvena fasadna cigla ID#116765
88;Opština Rakovica , Vidikovac , Patrijarha Joanikija;148000;3.0;1682;halooglasi;Vidikovac 3.0 uknjižen stan ID#1230
34;Opština Stari grad , Dorćol , Venizelosova;220000;1.0;6471;halooglasi;34 m2, 1.0 (sa garažnim mestom), Novi Dorćol
67;Opština Savski venac , Beograd na vodi ,;246888;3.0;3738;halooglasi;Trosoban stan u BW Nova
49;Opština Savski venac , Beograd na vodi ,;199888;2.0;4156;halooglasi;Dvosoban stan na prodaju u BW Nova
49;Opština Savski venac , Beograd na vodi ,;199888;2.0;4158;halooglasi;Dvosoban stan na prodaju u BW Nova
56;Opština Savski venac , Beograd na vodi ,;229888;2.0;4150;halooglasi;Dvosoban stan na prodaju u BW Nova
35;Opština Voždovac , Centar , Ljuba Vučkovića;89900;1.0;2569;halooglasi;Uknjižen stan kod Darvinove pošte ID#3439
75;Opština Novi Beograd , Stari Merkator , Palmira Toljatija;203000;3.0;2707;halooglasi;Stari Merkator, Palmira Toljatija 75m2
63;Opština Obrenovac , Obrenovac (mesto);95000;2.0;1508;halooglasi;Dvosoban stan 63m2 -2.sprat, Centar Obrenovca
38;Opština Palilula , Profesorska kolonija , Jaše Prodanovića;105000;1.5;2763;halooglasi;Profesorska kolonija , Jaše Prodanovića, 38m2
41;Opština Čukarica , Filmski grad , Ilije Stojadinovića;119000;1.0;2902;halooglasi;Filmski grad, uknjižen
48;Opština Palilula , Karaburma , Stevana Dukića;110000;2.5;2292;halooglasi;Karaburma, Stevana Dukića, 48m2, 1/5
41;Opština Čukarica , Sremčica , Dvoržakova;59000;2.0;1439;halooglasi;Sremčica Dvoržakova,2.0, 41m2,vpr, ta, uknj,59.000
30;Opština Voždovac , Lekino brdo , Belička;116000;0.5;3867;halooglasi;Lekino brdo, Belička, mereno 33m2 ID#7236
100;Opština Palilula , Tašmajdan , Ilije Garašanina;520000;3.0;5200;halooglasi;Centar lux de lux cetvorosoban, novogradnja
68;Opština Zemun , Batajnica , Milice Rakić;115000;2.5;1691;halooglasi;Batajnica, Zemun, odličan, renoviran, uknjižen sta
84;Opština Voždovac , Banjica , Paunova;180000;3.5;2143;halooglasi;VOŽDOVAC-BANJICA-PAUNOVA
36;Opština Voždovac , Lekino brdo , Tetovska;110000;1.5;3056;halooglasi;Tetovska
115;Opština Stari grad , Terazije , Balkanska;345000;4.0;3000;halooglasi;Stari grad, Terazije - Balkanska, 115m2
22;Opština Novi Beograd , Blok 34 (Carina - Studentski grad) , Narodnih heroja;88000;0.5;4000;halooglasi;Blok 34, Narodnih heroja, 22m2, 0.5 ID#2502
43;Opština Voždovac , Vojvode Vlahovića ,;95000;1.5;2209;halooglasi;Uknjižen stan sa parking mestom ID#3438
31;Opština Zvezdara , Učiteljsko naselje , Mis Irbijeve;67000;1.5;2161;halooglasi;Kod Beo-centra, uknjižen ID#1371
45;Opština Novi Beograd , Arena , Bulevar Zorana Đinđića;200000;1.5;4444;halooglasi;Novi Beograd, Arena, 1,5
44;Opština Zvezdara , Mirijevo , Kapetana Miloša Žunjića;83144;2.0;1900;halooglasi;2.0, Mirijevo, Kapetana Miloša Žunjića, 43,76m2
58;Opština Zvezdara , Mirijevo , Kapetana Miloša Žunjića;109782;3.0;1900;halooglasi;3.0, Mirijevo, Kapetana Miloša Žunjića, 57,78m2
67;Opština Zvezdara , Mirijevo , Kapetana Miloša Žunjića;125760;3.0;1900;halooglasi;3.0, Mirijevo, Kapetana Miloša Žunjića, 66,19m2
65;Opština Novi Beograd , Bežanijska kosa 2 , Peđe Milosavljevića;157000;2.0;2415;halooglasi;2.0, Bežanijska kosa 2, Peđe Milosavljevića, 65m2
92;Opština Vračar , Krunska , Krunska;219900;3.5;2390;halooglasi;3.5, Krunska, 92m2+T
54;Opština Zvezdara , Mirijevo , Miodraga Protića;108000;3.0;2000;halooglasi;3.0, Mirijevo, Miodraga Protića, 54m2
56;Opština Zemun , Batajnica , Majora Zorana Radosavljevića;95000;2.5;1696;halooglasi;2.5, Batajnica, Majora Zorana Radosavljevića, 56m2
69;Opština Zvezdara , Učiteljsko naselje , Paje Jovanovića;157642;3.0;2300;halooglasi;3.0, Učiteljsko naselje, Paje Jovanovića, 68.55m2
86;Opština Zvezdara , Učiteljsko naselje , Paje Jovanovića;200000;3.5;2334;halooglasi;3.5, Učiteljsko naselje, Paje Jovanovića, 85,70m2
68;Opština Zvezdara , Mirijevo , Mirijevski venac;145000;3.0;2132;halooglasi;3.0, Mirijevo, Mirijevski venac, 68m2
70;Opština Stari grad , Dorćol , Cara Dušana;185000;3.5;2643;halooglasi;3.5, Dorćol, Cara Dušana, 70m2
63;Opština Zvezdara , Mirijevo , Vjekoslava Afrića;150000;2.5;2381;halooglasi;2.5, Mirijevo, Vjekoslava Afrića, 63m2
22;Opština Čukarica , Žarkovo , Republička;66000;1.0;3000;halooglasi;Čukarica, Žarkovo - Republička, 22m2
96;Opština Čukarica , Filmski grad , Arčibalda Rajsa;190000;3.0;1979;halooglasi;Čukarica, Filmski grad - Arčibalda Rajsa, 96m2
65;Opština Mladenovac , Mladenovac (mesto) , Prvog Maja 42;84448;3.0;1300;halooglasi;Novogradnja dvosoban stan Tozino Voće Mladenovac
160;Opština Čukarica , Banovo brdo , Vase Stajića;425000;4.0;2656;halooglasi;Banovo brdo, 4.0, bašta, parking, video prikaz
103;Opština Vračar , Bulevar kralja Aleksandra , Sinđelićeva;140000;3.0;1359;halooglasi;Vračar, Sinđelićeva, 5.0, video prikaz
42;Opština Palilula , Bulevar despota Stefana , jovana avakumovića;125000;1.0;2976;halooglasi;Palilula, Dunav stanica, parking, video prikaz
83;Opština Stari grad , Bajlonijeva pijaca;254000;3.5;3060;halooglasi;Bitef teatar, 3.5, salonac, video prikaz stana
104;Opština Palilula , Centar;253000;4.0;2433;halooglasi;Trostrano orjentisan stan u samom centru
102;Opština Rakovica , Kanarevo brdo , Borska;245000;3.0;2420;halooglasi;Mirna lokacija sa pogledom na Košutnjak, uknjižen,
47;Opština Palilula , Višnjička Banja , Slanački Put;122400;2.0;2604;halooglasi;Lux novogradnja u Sunnyville-u ID#128668
59;Opština Vračar , Južni bulevar , Generala Horvatovića;180000;3.0;3051;halooglasi;Južni bulevar, novogradnja 3.0, 3/7, 59m2
70;Opština Novi Beograd , Blok 22 , Bulevar Zorana Đinđića;199900;2.5;2856;halooglasi;Blok 22 - dvoiposoban stan ID#4453
46;Opština Zemun , Batajnica , Jovana Brankovića;85758;2.0;1870;halooglasi;Lux novogradnja u centru Batajnice
61;Opština Zemun , Batajnica , Jovana Brankovića;114070;3.0;1870;halooglasi;Lux novogradnja u centru Batajnice
58;Opština Čukarica , Banovo brdo , Šumadijski trg;169900;2.5;2929;halooglasi;Čukarica - Banovo brdo - Šumadijski trg
57;Opština Palilula , Borča , Drinske divizije;95000;2.0;1667;halooglasi;Borča ID#3505
65;Opština Palilula , Kotež;89000;3.0;1369;halooglasi;Palilula, Kotež, 3.5, 65+20m2, odličan
43;Opština Palilula , Karaburma , Dr Drage Ljočić;75000;1.5;1744;halooglasi;Palilula, Karaburma, 1.5, 43m2
65;Opština Stari grad , Kosančićev venac , Kosančićev Venac;359000;3.0;5523;halooglasi;Kosančićev Venac - lux ID#3919
100;Opština Zvezdara , Mirijevo , Šejkina;160000;3.5;1600;halooglasi;Beograd, Mirijevo, Stan, 3.5, 100m2
180;Opština Savski venac , Beograđanka , Kraljice Natalije;477000;6.0;2650;halooglasi;Terazije, 180m2, III, eg
89;Opština Voždovac , Hotel M , Mosorska;298000;3.5;3348;halooglasi;Hotel M, 89m2, II, eg, namešten+garaža
110;Opština Voždovac , Voždovačka crkva , Vojvode Stepe;200000;4.0;1818;halooglasi;Voždovačka crkva, 110m2, XVII, cg
77;Opština Novi Beograd , Blok 38 , Omladinskih brigada;226000;3.5;2935;halooglasi;3.5 blok 38
115;Opština Stari grad , Terazije , Terazije;370000;5.0;3217;halooglasi;Petosoban stan na Terazijama
34;Opština Voždovac , Lekino brdo , Miklošićeva;59000;1.5;1735;halooglasi;Stan na odličnoj lokaciji
67;Opština Zemun , Ugrinovačka , Šilerova;166000;2.5;2478;halooglasi;Zemun kvalitetna novogradnja 67(T), parking mesto
104;Opština Zvezdara , Crveni krst , Starca Vujadina;338000;4.0;3250;halooglasi;Crveni Krst, Starca Vujadina,104m2, uknjizen
67;Opština Novi Beograd , Blok 21 , Bulevar Mihajla Pupina;220000;2.5;3284;halooglasi;Šest kaplara – 2.5 odličan stan
54;Opština Stari grad , Dorćol , Gospodar Jovanova;243000;2.0;4500;halooglasi;Dorćol-G.Jovanova, 54m2, II, ta
104;Opština Voždovac , Medaković 3 , Borivoja Stevanovića;140000;3.5;1346;halooglasi;Medaković III, 104m2, IX, cg
127;Opština Voždovac , Medaković padina , Krivošijska;140000;3.0;1102;halooglasi;Zvezdara, 127m2+15m2, II, gas
92;Opština Vračar , Kalenić pijaca , Kalenićeva;219000;4.5;2380;halooglasi;Kalenić pijaca, 92m2, III, ta
74;Opština Savski venac , Beograđanka , Kneza Miloša;189900;2.5;2566;halooglasi;Kneza Miloša, 74m2, V, eg
110;Opština Savski venac , Beograđanka , Kraljice Natalije;291500;3.0;2650;halooglasi;Terazije, 110m2, II, eg
32;Opština Voždovac , Saobraćajni fakultet , Vojvode Stepe;95000;1.0;2969;halooglasi;Saobraćajni fakultet, 32m2, VII, eg,
110;Opština Zvezdara , Mirijevo , Semjuela Beketa;145000;4.0;1318;halooglasi;Mirijevo, 110m2, II, cg
56;Opština Zemun , Ugrinovačka , Šilerova;148000;2.0;2643;halooglasi;Zemun-Kvalitetna novogradnja 56(T), parking mesto
104;Opština Zemun , Zemunske kapije , Šumadijska;365000;3.5;3510;halooglasi;Prodaje se namešten stan u Zemunu
47;Opština Rakovica , Miljakovac , Stanka Paunovića Veljka;92000;1.5;1957;halooglasi;Stanka Paunovića kod OŠ,47m2,1.5 ID#1522
88;Opština Savski venac , Beograd na vodi , Bulevar Vudroa Vilsona;594000;3.0;6750;halooglasi;BW Scala, 140m2 sa baštom ID#7003
223;Opština Novi Beograd , Ledine;423700;6.0;1900;halooglasi;Sjajan lux 6.0 stan
63;Opština Rakovica , Vidikovac ,;107000;3.0;1698;halooglasi;Vidikovac---nov---odmah useljiv
63;Opština Zvezdara , Mirijevo ,;111500;3.0;1770;halooglasi;Mirijevo----nov---useljiv
31;Opština Palilula , Karaburma , Đorđa Nešića;92000;1.5;2968;halooglasi;Karaburma-lux stan ID#4452
30;Opština Čukarica , Banovo brdo , Kraljice Katarine;109000;2.0;3633;halooglasi;Kraljice Katarine, 45m2, Duplex, Uknjižen
57;Opština Čukarica , Železnik , 8. marta;108000;2.5;1895;halooglasi;Železnik, Osmog marta, 57m2, 2.5 ID#2501
34;Opština Zvezdara , Gradska bolnica , Lukijana Mušickog;95000;1.0;2794;halooglasi;Gradska bolnica, Lukijana Mušickog, 34m2, 1/2, ukn
33;Opština Voždovac , Lekino brdo , Tetovska;125000;0.5;3788;halooglasi;Studio, Lekino brdo, odmah useljiv ID#3216
67;Opština Voždovac , Šumice , Vladimira Tomanovića;143000;2.0;2134;halooglasi;Šumice, 2,0 67m2, lođa, uknjižen, III
62;Opština Savski venac , Stadion Partizana , Dinarska;198699;3.0;3249;halooglasi;Autokomanda, Stadion Partizana, Dinarska ulica
47;Opština Zemun , Meandri;146880;1.5;3176;halooglasi;Lux Novogradnja u Zemunu
47;Opština Grocka , Kaluđerica , Mokroluška;72500;2.5;1543;halooglasi;Mokroluška, Kaluđerica, Grocka ID#1895
60;Opština Voždovac , Mitrovo Brdo ,;131000;3.0;2183;halooglasi;Mitrovo brdo, nov, mereno 63m2 ID#6457
37;Opština Savski venac , Beograd na vodi , Bulevar Vudroa Vilsona;218000;1.0;5892;halooglasi;BW Libera,lux gradnja, izuzetna investicija ID#645
49;Opština Zemun , Galenika , Petra Jovovića;37500;2.0;768;halooglasi;Nova Galenika, Petra Jovovića, Garaža adaptirana u
63;Opština Barajevo , Barajevo (mesto) ,;47500;3.0;754;halooglasi;Barajevo, trosoban stan na prodaju
72;Opština Novi Beograd , Blok 30 (B92) , Bulevar Mihajla Pupina;200000;3.0;2778;halooglasi;Bul. Mihaila Pupina, 72m2, 3.0, uknjižen
65;Opština Novi Beograd , Blok 64 , Gandijeva;159900;2.0;2460;halooglasi;Blok 64, Gandijeva, prodaja stana
84;Opština Čukarica , Čukarička padina , Mladena Mitrića;275000;3.0;3274;halooglasi;Trosoban stan u ulici Mladena Mitrića, Čukarička p
68;Opština Rakovica , Miljakovac , Borska;139000;2.5;2044;halooglasi;Miljakovac 1-Borska, 2.5,68m2+4(L) ID#3063
90;Opština Vračar , Krunska , Njegoševa;360000;3.0;4000;halooglasi;Vračar, Njegoševa, 3.0, 90m2, uknjižen
73;Opština Voždovac , Banjica , Bulevar oslobođenja;150000;3.0;2055;halooglasi;Voždovac, Banjica - Bulevar oslobođenja 73m2
52;Opština Novi Beograd , Stari Merkator , Otona Župančiča;155000;2.5;2981;halooglasi;Stari Merkator.dvoiposoban, 52+2ter,cg, renoviran
58;Opština Savski venac , Stadion Partizana , Humska;155000;2.0;2672;halooglasi;Savski venac, Partizanov stadion - Humska
56;Opština Novi Beograd , Blok 60 , Zemunska;115000;2.5;2054;halooglasi;Novi Beograd, Blok 60 - Zemunska
74;Opština Vračar , Hram svetog Save , Dubljanska;213000;2.5;2878;halooglasi;Vračar, Hram Svetog Save - Dubljanska
79;Opština Savski venac , Beograd na vodi , Bulevar Vudroa Vilsona;339700;3.0;4300;halooglasi;Beograd na vodi - Bulevar Vudroa Vilsona
90;Opština Savski venac , Beograd na vodi , Bulevar Vudroa Vilsona;387000;3.0;4300;halooglasi;Beograd na vodi - Bulevar Vudroa Vilsona
112;Opština Vračar , Čubura , Vardarska;369000;4.0;3295;halooglasi;Vračar, Čubura - Vardarska
88;Opština Zvezdara , Lion , Bulevar kralja Aleksandra;230000;4.0;2614;halooglasi;Zvezdara, Lion - Bulevar kralja Aleksandra
43;Opština Voždovac , Medaković padina , Veselina Čajkanovića;93500;2.0;2174;halooglasi;Voždovac, Medaković padina - Veselina Čajkanovića
56;Opština Palilula , Karaburma , Pabla Nerude;111000;3.5;1982;halooglasi;Karaburma, Pabla Nerude, 56m2+T, 4/4
68;Opština Zvezdara , Mirijevo , Zagrađe;122000;2.5;1794;halooglasi;Mirijevo, Zagrađe, 68m2, I/IV
51;Opština Palilula , Krnjača , Partizanski blok ulica 2.;86000;2.5;1705;halooglasi;Krnjača, novogradnja, legalno, 2.0
59;Opština Stari grad , Dorćol , Venizelosova;340000;2.0;5763;halooglasi;Dorćol, 2s u pametnoj zgradi, gar.mesto ID#6211
49;Opština Zemun , Altina , Jovana Raškovića;67000;3.0;1367;halooglasi;Prodaje se stan
37;Opština Palilula , Borča , Gavrila Mijakića;41990;1.5;1135;halooglasi;Borca, stan 1.5 bez ulaganja
42;Opština Novi Beograd , Blok 33 , Narodnih heroja;145000;1.0;3452;halooglasi;Novi Beograd Genex kula Blok 33  42m2 komp.sredjen
65;Opština Novi Beograd , Bežanijska kosa 1 , Pedje Milosavljevića;157000;2.0;2415;halooglasi;- Novi Beograd sf 14510
54;Opština Grocka , Kaluđerica , Save Kovačević;79500;3.0;1472;halooglasi;+Kaluđerica sf 18181
51;Opština Grocka , Kaluđerica , Save Kovačević;77000;3.0;1510;halooglasi;+Kaluđerica sf 18183
38;Opština Grocka , Kaluđerica , Save Kovačević;59000;1.0;1553;halooglasi;+Kaluđerica asf 18182
95;Opština Novi Beograd , Blok 67 (Belvil) , Đorđa Stanojevića;419000;3.5;4411;halooglasi;Belville, 95m2, lux sa garažnim mestom ID#49700
82;Opština Savski venac , Centar , Admirala Geprata;302000;3.0;3683;halooglasi;Savski Trg, Admirala Geprata, 82m2+parking mesto I
84;Opština Vračar , Kalenić pijaca , Golsvordijeva;210000;4.0;2500;halooglasi;Odličan renoviran stan za sve namene ID#52268
55;Opština Zvezdara , Mirijevo , Milića od Mačve;89000;2.0;1618;halooglasi;Mirijevo, Milića od Mačve, 55m2 ID#52782
95;Opština Stari grad , Terazije , Kraljice Natalije;275000;4.0;2895;halooglasi;Trenutno podeljen na 2 zasebna stana ID#53512
76;Opština Novi Beograd , Blok 30 (B92) , Bulevar Mihajla Pupina;225000;3.0;2961;halooglasi;Blok 30, trosoban stan
82;Opština Stari grad , Centar , Kraljice Natalije;275000;3.5;3354;halooglasi;Beograd, Centar, Kraljice Natalije
116;Opština Vračar , Bulevar kralja Aleksandra , Bulevar kralja Aleksandra;267000;4.0;2302;halooglasi;Vračar dupleks kod Vuka
107;Opština Čukarica , Banovo brdo , Praška;413000;4.0;3860;halooglasi;Lux stan - četvorosoban -Banovo brdo - Čukarica
73;Opština Grocka , Brestovik , Čair;78000;2.0;1068;halooglasi;Vikendica u Brestoviku
65;Opština Rakovica , Miljakovac , Miljakovačke šume;113750;2.5;1750;halooglasi;2,5 Miljakovac 3 kod okretnice novogradnja lux
177;Opština Vračar , Hram svetog Save , Bulevar oslobođenja;795000;5.0;4502;halooglasi;5.0 Vračar, Hram svetog Save, novogradnja
121;Opština Vračar , Hram svetog Save , Bulevar oslobođenja;544000;3.0;4502;halooglasi;3.0 Vračar, Hram svetog Save, novogradnja
105;Opština Novi Beograd , Blok 37 , Bulevar Arsenija Čarnojevića;270000;3.5;2571;halooglasi;Blok 37  - Bul Arsenija Carnojevica, 105m2
70;Opština Vračar , Crveni krst ,;208650;2.5;3000;halooglasi;Crveni Krst, 2.5, 70m2, EG - Bez Provizije
78;Opština Vračar , Crveni krst ,;231810;2.5;3000;halooglasi;Crveni Krst, 3.0, 78m2, EG - Bez Provizije
68;Opština Stari grad , Dunavski kej , Dunavski kej;240000;2.0;3529;halooglasi;Stari grad, Dunavski kej, Dunavski kej, 2.0, 68m2
115;Opština Voždovac , Jajinci , Jakova Galusa;166750;3.0;1450;halooglasi;Jajinci, Voždovac, Jakova Galusa, luks namešten
125;Opština Stari grad , Gundulićev venac , Venizelosova;699000;4.0;5592;halooglasi;Vrhunski penthaus, velika terasa, lux, odmah uselj
57;Opština Voždovac , Banjica , Crnotravska;125000;2.0;2193;halooglasi;Banjica stan sa velikom terasomi prelepim pogledom
57;Opština Voždovac , Banjica , Bulevar oslobođenja;130000;2.5;2281;halooglasi;Banjica-2.5
120;Opština Čukarica , Banovo brdo , Nodilova;315000;3.0;2625;halooglasi;Banovo brdo, Nodilova, 120m2 ID#54768
101;Opština Novi Beograd , Blok 67 (Belvil) , Jurija Gagarina;350000;3.0;3465;halooglasi;Novi Beograd-Belville ID#1173
97;Opština Zvezdara , Bulevar kralja Aleksandra;240000;4.0;2490;halooglasi;Poslednji dostupan stan,kod Bea,useljivo,TOP
56;Opština Zemun , Gornji grad , Šilerova;150000;2.5;2679;halooglasi;Fenomenalna novogradnja Gornji grad ID#128810
67;Opština Zemun , Gornji grad , Šilerova;168000;3.0;2507;halooglasi;Zemun, Gornji grad, prelepa novogradnja ID#128809
76;Opština Voždovac , Autokomanda , Ranka Tajsića;229000;3.5;3013;halooglasi;Voždovac  -  Autokomanda
72;Opština Vračar , Kalenić pijaca , Njegoševa;360000;2.0;5000;halooglasi;Vračar, Kalenić - Njegoševa
90;Opština Stari grad , Centar ,;239000;4.0;2656;halooglasi;Centar - salonski - Svetozara Radića ID#4217
85;Opština Zemun , Batajnica , Žarka Bokuna;125000;4.0;1471;halooglasi;Batajnica, Žarka Bokuna, 85m2 ID#7234
56;Opština Zemun , Altina , Ugrinovački put 8. deo;100690;2.0;1816;halooglasi;55m2 Novogradnja, Altina, uknjiženo, može kredit
68;Opština Stari grad , Dunavski kej , Dunavski kej;240000;2.0;3529;halooglasi;Dunavski kej - Dorćol ID#4450
35;Opština Stari grad , Dorćol , Kapetan Mišina;147000;1.0;4200;halooglasi;Jedinstven mali salonac Studentski trg
59;Opština Novi Beograd , Paviljoni , Bulevar Mihajla Pupina;145000;2.5;2458;halooglasi;Paviljoni, Bulevar Mihajla Pupina, stan 59m2
94;Opština Voždovac , Kumodraž , Vojvode Stepe;140000;4.0;1489;halooglasi;Kumodraž II,Farmaceutski fakultet,94m2,IV,CG,uknj
60;Opština Novi Beograd , Blok 70 (kineski tržni centar) , Jurija Gagarina;201000;2.5;3350;halooglasi;Jurija Gagarina, Blok 70, Novi Beograd ID#2241
37;Opština Zvezdara , Učiteljsko naselje , Živka Davidovića;96200;1.5;2600;halooglasi;Živka Davidovića, Učiteljsko naselje, Zvezdara ID#
62;Opština Zvezdara , Cvetkova pijaca , Podujevska;214000;3.0;3452;halooglasi;Podujevska, Cvetkova pijaca, Zvezdara ID#2243
65;Opština Palilula , Borča , Hopovska;113000;2.5;1738;halooglasi;Uknjižen 65m2, mereno 70m2+lođa, TC Stop shop ID#1
73;Opština Savski venac , Centar , Deligradska;249000;2.0;3411;halooglasi;Dvosoban stan, 73m2 Deligradska, Slavija
69;Opština Vračar , Krunski venac , Prote Mateje;219000;3.5;3174;halooglasi;Vračar, Krunski venac - Prote Mateje 69m2
81;Opština Novi Beograd , Blok 63 , Gandijeva;184000;3.5;2272;halooglasi;Blok 63, 81m2, IX, odličan, minimalna ulaganja
79;Opština Novi Beograd , Novi Merkator , Omladinskih brigada;250000;2.5;3165;halooglasi;Novi Merkator, Omladinskih brigada, odlličan dvoip
101;Opština Stari grad , Centar , Bulevar despota Stefana;378000;3.0;3743;halooglasi;Botanička bašta, 101m2, III, cg,
36;Opština Novi Beograd , Blok 62 , Dušana Vukasovića;79000;1.5;2194;halooglasi;Blok 62, Dušana Vukasovica 1,5 stan 36m2, korisne
51;Opština Voždovac , Vojvode Vlahovića ,;110000;3.0;2157;halooglasi;Vojvode Vlahovića, Milovana Vidakovića 51m2, 3.0,
120;Opština Vračar , Kalenić pijaca , Njegoseva;474000;5.0;3950;halooglasi;Kalenic, Njegoseva
56;Opština Rakovica , Centar , Pilota Mihaila Petrovića;125000;2.0;2232;halooglasi;Pilota Mihaila Petrovića, Rakovica 2,0, 56+8m2
66;Opština Savski venac , Savski trg - Pristanište , Gavrila Principa;215000;3.0;3258;halooglasi;Gavrila Principa, Savski trg, Savski venac ID#2240
67;Opština Palilula , Hadžipopovac , Primorska;209999;3.0;3134;halooglasi;Hadžipopovac, trosoban stan, extra ponuda
63;Opština Voždovac , Medaković padina , Cvetanova Ćuprija;130000;3.0;2063;halooglasi;Medak padina, 63m2, pr, eg
54;Opština Voždovac , Medaković padina , Cvetanova Ćuprija;118000;2.5;2185;halooglasi;Medak padina, 54m2, pr, eg
63;Opština Novi Beograd , Ledine;129000;2.5;2048;halooglasi;Novogradnja sa građ.dozvolom,Ledine kod nove crkve
63;Opština Novi Beograd , Stari Merkator , Klare Cetkin;180000;2.0;2857;halooglasi;Hotel YU, Klare Cetkin, 63m2, 2.0, uknjiženo
88;Opština Voždovac , Autokomanda , Bože Jankovića;245000;4.0;2784;halooglasi;Bože Jankovića, Autokomanda 88m2, novogradnja
36;Opština Voždovac , Voždovačka crkva , Gostivarska;107000;1.0;2972;halooglasi;Voždovačka crkva, 36m2, pr, ta.
63;Opština Novi Beograd , Ledine;136300;2.5;2163;halooglasi;Novogradnja sa građ.dozvolom,Ledine kod nove crkve
64;Opština Novi Beograd , Blok 45 (TC Enjub) , Jurija Gagarina;168000;2.0;2625;halooglasi;Prostran renoviran stan
150;Opština Savski venac , Dedinje , Miloja Đaka;395000;4.0;2633;halooglasi;Dedinje, luks, dva garažna mesta ID#6208
86;Opština Novi Beograd , Blok 63 , Nehruova;190000;3.5;2209;halooglasi;Stan na prodaju, blok 63
40;Opština Vračar , Kalenić pijaca , Maksima Gorkog;149900;1.5;3748;halooglasi;Kalenić pijaca,, 40m2, III, cg
83;Opština Savski venac , Beograd na vodi , Hercegovačka-Savski venac;495000;3.0;5964;halooglasi;Beograd na vodi, 83m2, XXIII, cg,
83;Opština Rakovica , Miljakovac , Osme Crnogorske Brigade;145000;4.0;1747;halooglasi;Miljakovac kod pošte uknjižen duplex ID#1114
61;Opština Novi Beograd , Blok 67 (Belvil) , Jurija Gagarina;245000;2.0;4059;halooglasi;Belville, svetao, dvostran, namešten ID#3215
52;Opština Zvezdara , Đeram pijaca , Đuke Dinić;132600;2.5;2550;halooglasi;Đeram pijaca, Đuke Dinić, 52 m2
66;Opština Novi Beograd , Blok 22 , Bulevar Zorana Đinđića;199900;3.0;3029;halooglasi;Blok 22,atraktivna lokacija,trosoban,uknjižen stan
32;Opština Zemun , Batajnica , Matrozova;38000;1.0;1188;halooglasi;Batajnica, Zemun, prodaja stana
42;Opština Rakovica , Vidikovac , Vidikovački venac;72000;1.5;1714;halooglasi;Vidikovac - 1.5-soban sa terasom
55;Opština Savski venac , Beograd na vodi , Bulevar Vudroa Vilsona;330000;2.0;6000;halooglasi;BW Verde, nov, lux stan ID#5848
94;Opština Savski venac , Klinički centar , Višegradska;300000;3.5;3191;halooglasi;Klinički centar, Višegradska, 94 m2
61;Opština Zvezdara , Vukov Spomenik , Jovana Ćirilova;228000;2.5;3738;halooglasi;Vukov spomenik, Jovana Ćirilova, 61+10 m2
62;Opština Zvezdara , Mirijevo , Petrarkina;115000;2.0;1855;halooglasi;Mirijevo 2, Petrarkina, 62 m2
49;Opština Novi Beograd , Blok 71 , Dr Ivana Ribara;120000;1.0;2449;halooglasi;Blok 71, Dr Ivana Ribara, 49 m2
50;Opština Palilula , Višnjička Banja , Slobodana Jovanovića;115000;2.5;2300;halooglasi;Višnjička Banja,Slobodana Jovanovića,50+4m2
43;Opština Voždovac , Lekino brdo ,;100800;1.5;2379;halooglasi;Novogradnja, Lekino brdo, 42,37 m2, cena bez pdv
49;Opština Zvezdara , Cvetkova pijaca , Preševska;135990;2.0;2775;halooglasi;Cvetkova pijaca, Preševska, 49 m2
44;Opština Voždovac , Trošarina ,;131640;1.5;3000;halooglasi;Lux novogradnja Trošarina, 43,88 m2 cena + Pdv
92;Opština Vračar , Crveni krst , Šumatovačka;330500;3.0;3592;halooglasi;Crveni Krst, Šumatovačka, 92 m2
60;Opština Čukarica , Žarkovo , Branka Cvetkovića;96000;3.0;1600;halooglasi;Žarkovo - trosoban sa dve terase
49;Opština Vračar , Kalenić pijaca;211000;2.0;4306;halooglasi;Ekskluzivna novogradnja nadomak Krunske ulice
100;Opština Stari grad , Takovska;520000;4.0;5200;halooglasi;Penthouse u strogom centru grada
104;Opština Vračar , Hram svetog Save , Dubljanska;258625;3.0;2500;halooglasi;Duplex Hram Svetog Save
37;Opština Savski venac , Humska , Oblakovska;111000;1.5;3000;halooglasi;Jednoiposoban stan u blizini Autokomande
144;Opština Zvezdara , Bulbulder , Živojina Žujovića;285000;5.0;1979;halooglasi;Petosoban dupleks novije gradnje
43;Opština Čukarica , Cerak , Bitoljska;79500;1.5;1849;halooglasi;Cerak, 43m2, V, gas
197;Opština Vračar , Hram svetog Save , Južni bulevar;720000;6.0;3655;halooglasi;Neimar, 197m2, VI, eg, novo
54;Opština Voždovac , Medaković padina , Cvetanova Ćuprija;90000;2.5;1667;halooglasi;Medak padina, 54m2, pr, eg
104;Opština Savski venac , Centar , Vojvode Milenka;320000;6.0;3077;halooglasi;Centar - Vojvode Milenka, 104m2, I, uknj. ID#1308
103;Opština Rakovica , Miljakovac , Stevana Opačića;199000;3.5;1932;halooglasi;Miljakovac, 103m2, dupleks, uknj. ID#1388
33;Opština Novi Beograd , Blok 70a , Dr Agostina Neta;109900;1.5;3330;halooglasi;Blok 70a, Agostina Neta, 33m2 ID#9624
45;Opština Zemun , Novi grad , Prvomajska;134700;2.0;3000;halooglasi;Prvomajska, nov, lux, useljiv stan ID#1730
58;Opština Čukarica , Sremčica , Sare Bernar;73500;2.0;1267;halooglasi;Stan od 58 m2 + 8 m2 terasa
64;Opština Zvezdara , Vukov Spomenik , Zahumska;236000;2.5;3688;halooglasi;Vukov spomenik, Zahumska, 2.5 renoviran ID#1223
41;Opština Rakovica , Stari Košutnjak ,;88000;2.0;2154;halooglasi;Stari Košutnjak, Rakovica ID#1479
147;Opština Čukarica , Golf , Tuniska;460000;4.0;3129;halooglasi;Golf naselje, Tuniska, 4.0, 147 m2
28;Opština Novi Beograd , Ledine;60000;0.5;2143;halooglasi;Novogradnja sa građ.dozvolom,Ledine kod nove crkve
46;Opština Savski venac , Centar , Karađorđeva;135000;2.0;2935;halooglasi;Centar, Karadjordjeva
103;Opština Voždovac , Autokomanda , Admirala Vukovića;250000;4.0;2441;halooglasi;Autokomanda, Admirala Vukovica, 4.0, 102.43 m2
65;Opština Savski venac , Dedinje , Rajka Mitića;191000;2.5;2938;halooglasi;Dedinje, Rajka Mitica, 2.5, 65 m2
32;Opština Vračar , Cvetni trg , Resavska;115000;1.5;3651;halooglasi;Cvetni trg, Resavska, 1.5, 31.5 m2
118;Opština Vračar , Hram svetog Save , Svetog Save;435000;4.0;3686;halooglasi;Hram, Svetog Save
114;Opština Stari grad , Centar , Generala Lešjanina;295000;4.5;2588;halooglasi;Centar, Generala Lesjanina
59;Opština Zemun , Zemun polje , Elija Fincija;86000;2.5;1458;halooglasi;Zemun polje, stan u kući, 59m2
38;Opština Surčin , Ledine , Mije Aleksića;82000;1.5;2158;halooglasi;Uknjžen 1.5 stan na Ledinima ID#1754
46;Opština Čukarica , Železnik , Velislava Vulovića;70000;1.5;1522;halooglasi;1.5 stan u Železniku, Velislava Vulovića ID#2662
123;Opština Zemun , Karađorđev trg;430000;4.0;3496;halooglasi;Zemun-Karađorđev trg, 4.0-salonac, 123(T)+parking
58;Opština Zvezdara , Mirijevo , Aleksandra Tomaševića;105000;2.0;1810;halooglasi;Mirijevo, Aleksandra Tomaševića, 58m2, 2.0 ID#2496
62;Opština Voždovac , Kumodraž , Vojvode Stepe;109900;2.0;1773;halooglasi;Uknjižen 2.0 stan kod Farmaceutskog fakulteta ID#3
46;Opština Zvezdara , Zeleno brdo , Kisela voda 16;108696;1.5;2400;halooglasi;Stan blizu bulevara na prodaju
126;Opština Čukarica , Banovo brdo;347820;4.0;2760;halooglasi;Četverosoban stan u izgradnji /Banovo brdo
125;Opština Čukarica , Banovo brdo;345317;4.0;2763;halooglasi;Četverosoban stan u izgradnji /Banovo brdo
126;Opština Čukarica , Banovo brdo;347820;4.0;2760;halooglasi;Četvorosoban stan u izgradnji / Banovo brdo
126;Opština Čukarica , Banovo brdo;347820;4.0;2760;halooglasi;Četverosoban stan u izgradnji / Banovo brdo
125;Opština Čukarica , Banovo brdo;345317;4.0;2763;halooglasi;Četverosoban stan u izgradnji / Banovo brdo
68;Opština Novi Beograd , Stari Merkator , Aleksinačkih rudara;199000;3.0;2926;halooglasi;Stari Merkator 3.0-soban
69;Opština Novi Beograd , Hotel Jugoslavija , Aleksinačkih rudara;165000;3.0;2391;halooglasi;Aleksinackih rudara 01 - Hotel Jugoslavija
167;Opština Zemun , Pregrevica , Pregrevica;350000;2.0;2096;halooglasi;Lux, Pregrevica, 97+70m2, toplotna pumpa
42;Opština Rakovica , Vidikovac , Katarine Holecev;75000;1.5;1786;halooglasi;U blizini Meka
46;Opština Voždovac , Naselje Stepa Stepanović , Dušana Jovanovića;125000;1.5;2717;halooglasi;Voždovac, Stepa Stepanovića, Dušana Jovanovića, 46
94;Opština Zemun , Gornji grad ,;230300;3.5;2450;halooglasi;Gornji grad - Zemun - Novogradnja
58;Opština Zemun , Gornji grad ,;145000;2.0;2500;halooglasi;Gornji grad - Zemun - Novogradnja
52;Opština Rakovica , Stari Košutnjak ,;94000;2.0;1835;halooglasi;Stari Košutnjak, Rakovica ID#1474
51;Opština Palilula , Krnjača , Grge Andrijanovića ulica 7.;79900;2.5;1567;halooglasi;Prodaja - 2.5 - Krnjaca - 51 kvm - nov- opremljen
41;Opština Voždovac , Medaković padina ,;85000;1.5;2073;halooglasi;Dobra ponuda 1.5 Medak ID#128803
74;Opština Novi Beograd , Blok 37 , Bulevar Arsenija Čarnojevića;155000;3.0;2095;halooglasi;Blok 37 ID#3651
85;Opština Vračar , Hram svetog Save , Stojana Protića;260000;3.0;3059;halooglasi;Vračar, Hram Sv. Save - Stojana Protića 85m2
58;Opština Zvezdara , Veliki Mokri Lug ,;149000;3.0;2569;halooglasi;Renoviran 3.0 stan na Zvezdari ID#1788
42;Opština Rakovica , Labudovo brdo , Serdara Janka Vukotića;95000;2.5;2262;halooglasi;Labudovo brdo, Serdar Janka Vukotića, odličan
50;Opština Palilula , Zira , Cvijićeva;122500;2.0;2450;halooglasi;Blizina Zire, odlična lokacija ID#6202
83;Opština Vračar , Hram svetog Save , Stojana Protića;398400;3.0;4800;halooglasi;Svetao prostran stan u luksuznoj zgradi kod Hrama
70;Opština Savski venac , Dedinje , Diane Budisavljević;255000;2.0;3643;halooglasi;Dedinje - Diane Budisavljević 70kvm
32;Opština Zvezdara , Cvetkova pijaca , Paje Jovanovića;85000;1.5;2656;halooglasi;Zvezdara, 32 m2, 1,5 stan, I/3, terasa
54;Opština Vračar , Karađorđev park , Bulevar oslobođenja;215000;2.0;3981;halooglasi;Vračar, 54m2 , 2t, 3/8, cg, lift, garaža, uknjižen
77;Opština Čukarica , Žarkovo , Poručnika Spasića i Mašere;135000;3.0;1753;halooglasi;Žarkovo, 77m2, 3,0, pr/8, cg/t.voda, 2 m.č. lodja
51;Opština Palilula , Kovilovo , Vrbovski;30000;2.0;588;halooglasi;Vrbovski, 51 m2, 2,0, II/2, TA, uknjižen
48;Opština Čukarica , Žarkovo , Prote Milana Smiljanića;96000;2.0;2000;halooglasi;Žarkovo,Novogradnja,ul.Prote M.Smiljanića,2.0.,48m
195;Opština Čukarica , Filmski grad , Arčibalda Rajsa;369000;4.0;1892;halooglasi;Čukarica, Filmski grad,Arčibalda Rajsa, 4.0,195m2
27;Opština Palilula , Tašmajdan , Vladetina;80000;1.5;2963;halooglasi;Vladetina, Tašmajdan, Palilula
53;Opština Čukarica , Filmski grad , Ilije Stojadinovića;114900;2.5;2168;halooglasi;Ilije Stojadinovića, Filmski grad, Čukarica
118;Opština Voždovac , Vojvode Stepe , Vojvode Stepe;275000;4.0;2331;halooglasi;Vojvode Stepe, Voždovac
86;Opština Novi Beograd , Sava centar , Vladimira Popovića;275000;3.0;3198;halooglasi;Vladimira Popovića, Sava Centar, Novi Beograd
82;Opština Savski venac , Centar , Svetozara Markovića;370000;2.5;4512;halooglasi;Svetozara Markovića, Slavija, Savski venac
57;Opština Vračar , Neimar , Kornelija Stankovića;130000;2.5;2281;halooglasi;Kornelija Stankovića, Neimar, Vračar
68;Opština Čukarica , Banovo brdo , Dostojevskog;136000;3.0;2000;halooglasi;Dostojevskog, Banovo brdo, Čukarica
132;Opština Novi Beograd , Blok 72 , Dr Ivana Ribara;230000;6.0;1742;halooglasi;Dr Ivana Ribara, Blok 72, Novi Beograd
38;Opština Voždovac , Braće Jerković , Kraljevacka;99900;1.0;2629;halooglasi;Prodaja, stan, Kraljevacka, 38m2, Id628
41;Opština Čukarica , Žarkovo , Prote Milana Smiljanića;82000;1.5;2000;halooglasi;Žarkovo,Novogradnja ul.Prote M.Smiljanića,1.5,41m2
47;Opština Čukarica , Žarkovo , Prote Milana Smiljanića;94000;2.0;2000;halooglasi;Žarkovo,Novogradnja ul.Prote M.Smiljanića,2.0.,47m
30;Opština Čukarica , Žarkovo , Prote Milana Smiljanića;60000;1.5;2000;halooglasi;Žarkovo,Novogradnja ul.Prote M.Smiljanića,1.5,30m2
56;Opština Čukarica , Žarkovo , Prote Milana Smiljanića;112000;3.0;2000;halooglasi;Žarkovo,Novogradnja,ul.Prote M.Smiljanića,3.0.56m2
48;Opština Čukarica , Žarkovo , Prote Milana Smiljanića;96000;2.0;2000;halooglasi;Žarkovo,Novogradnja,ul.Prote M.Smiljanića,2.0.,48m
67;Opština Rakovica , Kanarevo brdo , Vukasovićeva;149000;2.5;2224;halooglasi;Kanarevo brdo -67m2-dvoiposoban-uknjižen
66;Opština Stari grad , Obilićev venac , Obilicev venac;359000;3.0;5439;halooglasi;Izuzetan,3.0,obilicev Venac,renoviran
150;Opština Savski venac , Dedinje;530000;5.0;3533;halooglasi;Luksuzan stan, 5.0, Beli dvor
56;Opština Zemun , Gornji grad , Krajiška;74500;3.0;1330;halooglasi;3.0 Zemun, Gornji grad ID#1856
30;Opština Čukarica , Žarkovo , Prote Milana Smiljanića;60000;0.5;2000;halooglasi;Žarkovo,Novogradnja ul.Prote M.Smiljanića,0.5,30m2
65;Opština Novi Beograd , Bežanijska kosa 2 , Peđe Milosavljevića;139500;2.0;2146;halooglasi;Novi Beograd, Bežanijska kosa 2, Peđe Milosavljevi
89;Opština Čukarica , Filmski grad , Veljka Petrovića;136000;3.5;1528;halooglasi;Čukarica, Filmski grad, Veljka Petrovića, 3.5, 89m
79;Opština Čukarica , Banovo brdo , Lazara Kujundžića;237000;3.5;3000;halooglasi;Banovo brdo, Lazara Kujundžića, 3.5, 79m2
112;Opština Vračar , Južni bulevar;345000;4.0;3080;halooglasi;Vračar, Južni bulevar, 112m2
67;Opština Stari grad , Centar , Gospodar Jevremova;299000;2.0;4463;halooglasi;Centar - Gospodar Jevremova ID#3589
69;Opština Barajevo , Gaj , 20. oktobra;60000;2.5;870;halooglasi;Barajevo, 69m2 mereno, terasa ID#5844
62;Opština Vračar , Pravni fakultet , Bulevar kralja Aleksandra;235000;2.0;3790;halooglasi;Vračar,Tasmajdan,Desanke Maksimović
85;Opština Novi Beograd , Blok 23 , Bulevar Arsenija Čarnojevića;265000;4.0;3118;halooglasi;Bulevar Arsenija Čarnojevića, Blok 23, Novi Beogra
32;Opština Zvezdara , Mirijevo , Milićeva;81000;1.5;2531;halooglasi;Milićeva, Mirijevo I, Zvezdara ID#1891
72;Opština Voždovac , Medaković 2 , Radovana Simića Cige;135000;3.0;1875;halooglasi;Medaković 2, komforan trosoban ID#6449
51;Opština Novi Beograd , Blok 24 (Super Vero) , Bulevar Milutina Milankovića;200000;1.5;3922;halooglasi;Novi Beograd, Milutina Milankovića, Blok 24, 51m2
21;Opština Palilula , Karaburma , Husinskih rudara;59000;1.0;2810;halooglasi;Karaburma, Husinskih rudara, 21m2 ID#48211
122;Opština Voždovac , Vojvode Stepe , Vojvode Stepe;320000;4.0;2623;halooglasi;Voždovac, Vojvode Stepe, 122m2 ID#54743
75;Opština Rakovica , Petlovo brdo , Generala Zgonjanina;130000;4.0;1733;halooglasi;Prodaje se stan,Petlovo brdo ID#1436
79;Opština Zvezdara , Kluz , Franje Kluza;159000;3.0;2013;halooglasi;Kluz, 79m2, trosoban, drugi sprat, uknjižen
51;Opština Zemun , Centar , Gundulićeva;117300;2.0;2300;halooglasi;Zemun, Centar, Gundulićeva, 51m2
37;Opština Novi Beograd , Ledine , Surčinska;68500;2.0;1851;halooglasi;Odličan 2.0 stan u novogradnji na Ledinama ID#1286
74;Opština Stari grad , Studentski trg , Uzun Mirkova;250000;2.5;3378;halooglasi;Uzun Mirkova,2.5,74m2,uknjiženo ID#2964
59;Opština Novi Beograd , Fontana , Omladinskih brigada;153000;2.0;2593;halooglasi;Omladinskih Brigada, za sređivanje ID#1140
46;Opština Zvezdara , Učiteljsko naselje , Mis Irbijeve;84000;2.0;1826;halooglasi;Učiteljsko naselje, Mis Irbijeve (ID: 976) ID#9997
30;Opština Čukarica , Žarkovo , Ace Joksimovića;65000;1.0;2167;halooglasi;Žarkovo, Ace Joksimovića, 30m2, terasa
50;Opština Čukarica , Sremčica , Dvoržakova;71000;2.0;1420;halooglasi;Sremčica,Dvoržakova,2.0,50m2(L),VPR/2, uknj.71.000
63;Opština Savski venac , Beograd na vodi , BW St. Regis Residences;525888;2.0;8347;halooglasi;BW St. Regis Residences - bez provizije za kupce!
67;Opština Palilula , Borča , Julije Delere;99700;2.5;1500;halooglasi;Dvosoban stan u Borci, uknjizen
94;Opština Zvezdara , Vukov Spomenik , Bulevar Kralja Aleksandra;394500;3.0;4197;halooglasi;Landmark Residence, PDV uključen, bez provizije ID
70;Opština Vračar , Crveni krst , Metohijska;229515;2.5;3279;halooglasi;Metohijska, u izgradnji, cena sa PDV-om
50;Opština Vračar , Crveni krst , Metohijska;166122;2.0;3322;halooglasi;Metohijska, u izgradnji, cena sa PDV-om
51;Opština Vračar , Crveni krst , Metohijska;166914;2.0;3273;halooglasi;Metohijska, u izgradnji, cena sa PDV-om
67;Opština Palilula , Višnjička Banja , Mirka Milojkovića;145000;3.0;2164;halooglasi;Višnjička banja Sunnyville, novogradnja
35;Opština Zvezdara , Mirijevo , Nikole Doksata;52000;1.5;1486;halooglasi;Mirijevo, zgrada iz 2008.
149;Opština Rakovica , Petlovo brdo , Nićifora Ninkovića;142000;3.5;953;halooglasi;Petlovo brdo, Nićifora Ninkovića, 149m2
56;Opština Voždovac , Šumice , Vladimira Tomanovića;140000;2.0;2500;halooglasi;ŠUMICE - Vladimira Tomanovića - 56m2
86;Opština Novi Beograd , Blok 38 , Bulevar Arsenija Čarnojevića;220000;3.5;2558;halooglasi;Odlićan,porodićan stan,3.5
37;Opština Vračar , Kalenić pijaca , Niška;145000;1.0;3919;halooglasi;Kod kalenića, 37 m2, jednosoban, odličan, uknjižen
125;Opština Zvezdara , Olimp , Milana Rakića;249000;4.0;1992;halooglasi;Zvezdara, Olimp - Milana Rakića
67;Opština Barajevo , Barajevo (mesto) , Cara Lazara;57000;2.0;851;halooglasi;Barajevo Gaj, stan 67m2
60;Opština Zvezdara , Lion , Despota Olivera;168000;2.0;2800;halooglasi;Zvezdara - Lion - 60m2 + velika  terasa  -uknjižen
59;Opština Vračar , Krunski venac , Smiljanićeva;183600;2.5;3112;halooglasi;U blizini Krunske, odlična lokacija, 59m2
45;Opština Voždovac , Voždovačka crkva , Vitanovačka;99000;1.0;2200;halooglasi;Voždovac, odlična struktura, pozicija, adaptibilan
42;Opština Voždovac , Medaković 2 , Radovana Simića Cige;94900;1.0;2260;halooglasi;MEDAKOVIC II - odlican stan I idealan sprat
97;Opština Rakovica , Miljakovac , 8. crnogorske brigade;144900;4.0;1494;halooglasi;Divna zgrada, čarobno okruženje, bogat prostor
85;Opština Voždovac , Braće Jerković , Zaplanjska;229800;6.0;2704;halooglasi;Zaplanjska duplex 85kvm (+ 70kvm gornji nivo)
90;Opština Novi Beograd , Bežanijska kosa 2 , Ljubinke Bobić;269999;3.0;3000;halooglasi;Renovirana nekretnina sa fenomenalnim pogledom
52;Opština Novi Beograd , Blok 30 (B92) , Bulevar Mihajla Pupina;199000;2.0;3827;halooglasi;Blok 30, 2,0, 52m2, XI, kompletno sređen
153;Opština Savski venac , Beograd na vodi ,;562888;4.0;3700;halooglasi;BW Quartet 3, stan sa pogledom na park, bez agenci
76;Opština Lazarevac , Lazarevac (mesto) , Karađorđeva;73000;2.5;961;halooglasi;Lazarevac Centar pešačka zona
50;Opština Palilula , Padinska skela , Jabučki rit;35000;2.0;700;halooglasi;Jabučki rit
65;Opština Zemun , Altina ,;123400;3.0;1898;halooglasi;3.0, 65m2, uknjižen, Altina! ID#1440
55;Opština Zemun , Altina ,;104400;2.5;1898;halooglasi;2.5, Altina - novogradnja, uknjižen! ID#1439
68;Opština Novi Beograd , Blok 34 (Carina - Studentski grad) , Bulevar Zorana Đinđića;180000;3.0;2647;halooglasi;Savršen stan na Novom Beogradu!
70;Opština Vračar , Čubura;260370;3.0;3750;halooglasi;Kvalitetna novogradnja na Čuburi
44;Opština Stari grad , Bajlonijeva pijaca , Drinčićeva;220000;1.5;5000;halooglasi;Bajlonijeva pijaca,Drinčićeva,uknjiženo
50;Opština Voždovac , Šumice , Vladimira Tomanovića;112000;1.5;2240;halooglasi;Šumice, Hotel Srbija
48;Opština Zvezdara , Kluz , Ariljska;114900;3.0;2394;halooglasi;Odličan, Kluz, Ariljska, 48 m2
44;Opština Palilula , Karaburma , Juhorska;129900;2.0;2952;halooglasi;Karaburma, mereno 54m2 ID#7227
57;Opština Rakovica , Labudovo brdo , Dobrivoja Petkovića;130000;2.5;2281;halooglasi;Izuzetan stan, ukupna površina 70m2 ID#7721
52;Opština Mladenovac , Mladenovac (mesto) , Njegoševa;52000;2.0;1000;halooglasi;Njegoševa, Mladenovac, Mladenovac ID#2236
123;Opština Čukarica , Banovo brdo , Šumadijski trg;250000;6.0;2033;halooglasi;B.Brdo,Šumadijski trg,dva 3.0 stana, ID#2097
26;Opština Savski venac , Palata pravde;103000;1.0;3962;halooglasi;Kod Beograda na vodi, Savski venac 26m2
53;Opština Zvezdara , Depo , Bulevar kralja Aleksandra;185500;2.0;3500;halooglasi;Bulevar kralja Aleksandra dvosoban 53m2
41;Opština Novi Beograd , Ledine , Surčinska;75850;2.0;1850;halooglasi;Odličn stan u  novogradnji na Ledinama ID#1287
45;Opština Zemun , Meandri , Rade Končara;125000;1.5;2778;halooglasi;Zemun
56;Opština Voždovac , Ustanička , Ustanička;125000;2.0;2232;halooglasi;Voždovac - Ustanička- kod pošte
58;Opština Zemun , Novi grad , Hercegovačka;78300;3.0;1350;halooglasi;Prodaja Stan Duplex Zemun Novi grad 58m2 3.0 ID#12
51;Opština Zemun , Galenika , Lazara Mamuzića;119500;3.5;2343;halooglasi;Galenika, Lazara Mamuzića, odličan dvosoban stan
81;Opština Voždovac , Banjica , Bulevar oslobođenja;179900;3.5;2221;halooglasi;Voždovac, Banjica - Bulevar oslobođenja, 81m2
46;Opština Vračar , Neimar;229100;1.5;5001;halooglasi;Luksuzna novogradnja na Vračaru
22;Opština Zvezdara , Konjarnik , Ustanička;62900;0.5;2859;halooglasi;Ustanička, kod okretnice tramvaja ID#4007
41;Opština Savski venac , Prokop , Zvečanska;120000;1.5;2927;halooglasi;Zvečanska 41m2 renoviran!
35;Opština Voždovac , Braće Jerković , Mate Miloševića;75000;0.5;2143;halooglasi;+ Voždovac sf 16597
73;Opština Savski venac , Sajam , Ruska;159000;2.5;2178;halooglasi;Savski venac-Ruska
54;Opština Novi Beograd , Paviljoni;122000;2.0;2259;halooglasi;Novi Beograd-Institut za majku i dete
34;Opština Palilula , Višnjička Banja , Stojana Stoleta Aranđelovića;80000;1.0;2353;halooglasi;Višnjička banja
62;Opština Obrenovac , Zvečka , Đačkog bataljona;50000;2.0;806;halooglasi;Obrenovac-duplex
50;Opština Palilula , Cvijićeva , Cvijićeva;127500;2.0;2550;halooglasi;Palilula-Cvijićeva -renoviran
177;Opština Novi Beograd , Tošin bunar , Tošin bunar;739410;4.0;4198;halooglasi;Lux Novogradnja kod Bežaniske kose ID#1522
100;Opština Vračar , Krunski venac , Krunska;695000;4.0;6950;halooglasi;Lux 4.0 salonac na Vrača ID#1523
137;Opština Novi Beograd , Tošin bunar , Tošin bunar;469790;4.0;3452;halooglasi;Lux Novogradnja  Tošin bunar ID#1524
35;Opština Palilula , Karaburma , Diljska;68000;1.0;1943;halooglasi;Karaburma, Diljska , 35m2
67;Opština Novi Beograd , Fontana , Pariske komune;185000;3.0;2761;halooglasi;Novi Beograd,Pariske Komune,3.0 soban,uknjižen
121;Opština Savski venac , Beograd na vodi , Hercegovačka;568700;4.0;4700;halooglasi;Lux 4.0 / 2 garazna / Arkadija
66;Opština Voždovac , Medaković 3 , Borivoja Stevanovića;140400;4.0;2127;halooglasi;Medaković III,  Borivoja Stevanovića, mereno 105m2
60;Opština Vračar , Centar , Gospodara Vučića;174000;2.0;2900;halooglasi;Nov useljiv stan na Vračaru ID#3363
48;Opština Zvezdara , Mirijevo , 16. oktobra;95000;2.5;1979;halooglasi;Zvezdara, Mirijevo - 16. oktobra
79;Opština Palilula , Palilulska pijaca , Majora Ilića;312840;3.0;3960;halooglasi;Palilula, Palilulska pijaca - Majora Ilića
72;Opština Palilula , Palilulska pijaca , Majora Ilića;310392;1.0;4311;halooglasi;Palilula, Palilulska pijaca - Majora Ilića
72;Opština Čukarica , Julino brdo , Poručnika Spasića i Mašere;134000;2.5;1861;halooglasi;Čukarica, Julino brdo - Poručnika Spasića i Mašere
71;Opština Zvezdara , Lion , Milana Rakića;139000;4.0;1958;halooglasi;Zvezdara, Lion - MIlana Rakića
74;Opština Voždovac , Lekino brdo , Bačvanska;240000;3.0;3243;halooglasi;Voždovac, Pašino brdo - Bačvanska
58;Opština Savski venac , Centar , Kneza Miloša;200000;3.0;3448;halooglasi;Blizina Skyline, komforan stan 58m2 ID#7720
49;Opština Novi Beograd , Ledine , Surčinska;88500;2.0;1806;halooglasi;Odličan 2.5 stan na Ledinama ID#1289
60;Opština Voždovac , Braće Jerković , Braće Jerković;150000;2.5;2500;halooglasi;Braće Jerković. 60+8m2 terasa ID#7719
76;Opština Zemun , Batajnica , Ratarska;135000;3.0;1776;halooglasi;Batajnica, Zemun, Ratarska, odličan stan
58;Opština Vračar , Cvetni trg , Kralja Milutina;280000;2.0;4828;halooglasi;Odličan stan u centu grada ID#127837
46;Opština Palilula , Karaburma , Drenovačka;107000;2.0;2326;halooglasi;Karaburma - Drenovačka - Uknjižen
99;Opština Zemun , Donji grad;250000;2.0;2525;halooglasi;Retka prilika, Zemun, Centar, 99m2
60;Opština Čukarica , Banovo brdo , Požeška;166000;2.5;2767;halooglasi;Banovo Brdo, Pozeska stan 60m2
89;Opština Voždovac , Kumodraška , Kumodraška;220000;4.0;2472;halooglasi;Top, Kumodraška, 89m2,4 sobe, parking, terasa
40;Opština Zvezdara , Bulbulder , Svetog Nikole;69000;2.0;1725;halooglasi;Zvezdara, Bulbuder, Svetog  Nikole, 36m2 plus 4m2,
94;Opština Čukarica , Banovo brdo , Dobrinovićeva;239000;4.0;2543;halooglasi;Banovo brdo, Dobrinovićeva , 4.0, 94m2 ID#2085
127;Opština Savski venac , Palata pravde , Dr Aleksandra Kostića;350000;4.0;2756;halooglasi;Centar, Dr. Aleksandra Kostića,  127m2 ID#3491
56;Opština Savski venac , Beograd na vodi , Savska;253888;2.0;4534;halooglasi;Beograd na vodi, BW Echo, odlična investicija ID#3
69;Opština Zemun , Zemunske kapije , Prizrenska;189750;3.0;2750;halooglasi;3.0 stan, odlična novogradnja u Zemunu ID#1518
60;Opština Zvezdara , Učiteljsko naselje , Živka Davidovića;200000;2.0;3333;halooglasi;Učiteljsko naselje, Živka Davidovića
51;Opština Rakovica , Miljakovac , Stanka Paunovića Veljka;109650;2.5;2150;halooglasi;Rakovica, Miljakovac - Stanka Paunovića Veljka 51m
73;Opština Rakovica , Stari Košutnjak , Pere Velimirovića;173000;3.0;2370;halooglasi;Stari Košutnjak, 73m2, V, cg
91;Opština Rakovica , Petlovo brdo , Omladinsko šetalište;148000;4.0;1626;halooglasi;Petlovo brdo, 91m2, vpr, gas,
69;Opština Zemun , Batajnica , Majora Zorana Radosavljevića;110432;3.0;1600;halooglasi;Batajnica, 69m2, II, eg, novo
43;Opština Zemun , Batajnica , Majora Zorana Radosavljevića;68144;2.0;1585;halooglasi;Batajnica, 43m2, I, eg, novo
43;Opština Zemun , Batajnica , Majora Zorana Radosavljevića;68144;2.0;1585;halooglasi;Batajnica, 43m2, II, eg, novo
43;Opština Zemun , Batajnica , Majora Zorana Radosavljevića;68128;2.0;1584;halooglasi;Batajnica, 43m2, II, eg, novo
68;Opština Zemun , Batajnica , Majora Zorana Radosavljevića;108032;3.0;1589;halooglasi;Batajnica, 68m2, II, eg, novo
68;Opština Zemun , Batajnica , Majora Zorana Radosavljevića;110320;2.5;1622;halooglasi;Batajnica, 68m2, III, eg, novo
42;Opština Zemun , Batajnica , Majora Zorana Radosavljevića;68144;2.0;1622;halooglasi;Batajnica, 42m2, III, eg, novo
42;Opština Zemun , Batajnica , Majora Zorana Radosavljevića;68128;2.0;1622;halooglasi;Batajnica, 42m2, III, eg, novo
67;Opština Zemun , Batajnica , Majora Zorana Radosavljevića;107782;3.0;1609;halooglasi;Batajnica, 67m2, III, eg, novo
25;Opština Palilula , Karaburma , Salvadora Aljendea;52000;0.5;2080;halooglasi;Karaburma-S.Aljendea, 25m2, pr, ta,
53;Opština Palilula , Poštanska štedionica , Cvijićeva-Palilula;122500;2.0;2311;halooglasi;Poštanska štedionica, 53m2, vpr, eg ,
120;Opština Čukarica , Banovo brdo , Nodilova;349000;3.0;2908;halooglasi;Banovo brdo, 120m2, V, cg
32;Opština Zvezdara , Učiteljsko naselje , Onisima Popovića;73000;1.0;2281;halooglasi;Kluz, 32m2, npr, eg,
70;Opština Zemun , Ugrinovačka , Dobrovoljačka;189000;2.0;2700;halooglasi;Zemun, 70m2, vpr, eg, u luksuznoj vili,
36;Opština Vračar , Cvetni trg , Svetozara Markovića-Vračar;104400;2.0;2900;halooglasi;Cvetni trg, 36m2, pr, cg
58;Opština Vračar , Neimar , Kornelija Stankovića;130000;2.5;2241;halooglasi;Neimar, 58m2, dvoiposoban, salonac, uknjižen
135;Opština Savski venac , Dedinje , Kronštatska;319000;4.0;2363;halooglasi;Dedinje, Kronštatska, 135m2 sa garažom
90;Opština Savski venac , Gavrila Principa , Gavrila Principa;190000;3.0;2111;halooglasi;Centar, Gavrila Principa, 3.0, 90 (L+2T), uknjižen
60;Opština Zvezdara , Učiteljsko naselje , Podujevska;125000;3.0;2083;halooglasi;Učiteljsko naselje, trosoban, 60m2, nov, cg, lift
22;Opština Zvezdara , Učiteljsko naselje , Onisima Popovića;53000;0.5;2409;halooglasi;Učiteljsko naselje, 0.5, 22m2, 53.000
62;Opština Čukarica , Cerak , Stojana Matića;132500;2.0;2137;halooglasi;Čukarica | Stojana Matića | 62m2
24;Opština Voždovac , TC Stadion , Rastka Petrovića;34000;0.5;1417;halooglasi;Voždovac | Rastka Petrovića | TC Stadion
49;Opština Zemun , Zemun Bačka , Rade Končara;105000;2.0;2143;halooglasi;Zemun Šilerova
66;Opština Palilula , Karaburma , Srnetička;100000;4.0;1515;halooglasi;AKCIJA - 2 stana po 33 m2 kod BIg Fashion
100;Opština Voždovac , Autokomanda , Admirala Vukovića;250000;3.0;2500;halooglasi;Beograd, Autokomanda, Stan, 3.0, 100m2
127;Opština Savski venac , Palata pravde , Risinska;338000;4.5;2661;halooglasi;Stan Risanska 127 kvm
44;Opština Rakovica , Miljakovac , Miljakovačke staze;74800;1.5;1700;halooglasi;Miljakovac 3, novogradnja 44m2, lux
67;Opština Rakovica , Vidikovac , Vidikovački venac;99000;2.5;1478;halooglasi;Vidikovac, 67m2, 2.5
55;Opština Palilula , Karaburma , Stevana Dukića;105000;2.0;1909;halooglasi;2.0 stan na Karaburmi ID#124827
44;Opština Zemun , Altina , Pala Vujisića;57500;1.5;1307;halooglasi;Beograd, Altina, Pavla Vujisića
67;Opština Zemun , Altina , Pavla Vujisića;101000;3.0;1507;halooglasi;Beograd, Altina, Pavla Vujisića
62;Opština Voždovac , Braće Jerković , Braće Jerković;119000;2.0;1919;halooglasi;Voždovac Braće Jerković
109;Opština Stari grad , Trg Republike , Bulevar despota Stefana;598000;4.0;5486;halooglasi;Trg Republike - Bulevar despota Stefana 109m2+31m2
74;Opština Vračar , Hram svetog Save , Dubljanska;213000;2.5;2878;halooglasi;Vračar, Hram Svetog Save – Dubljanska
73;Opština Palilula , Tašmajdan , Svetozara Ćorovića;229000;3.0;3137;halooglasi;Palilula, Tašmajdan - Svetozara Ćorovića 73m2+10m2
63;Opština Novi Beograd , Hotel Jugoslavija , Klare Cetkin;183000;2.0;2905;halooglasi;Novi Beograd,Hotel Jugoslavija - Klare Cetkin 63m2
70;Opština Stari grad , Gundulićev venac , Venizelosova;200000;3.5;2857;halooglasi;Stari grad, Gundulićev venac - Venizelosova
116;Opština Vračar , Pravni fakultet , Bulevar Kralja Aleksandra;267000;4.0;2302;halooglasi;Vračar, funkcionalan stan na izuzetnom mestu ID#11
68;Opština Zemun , Save Kovačevića , Mića Radakovića;144000;2.5;2118;halooglasi;Sava Kovačević, Mića Radakovića, 68m2, 2.5
115;Opština Voždovac , TC Stadion , Tome Rosandića;195000;4.5;1696;halooglasi;Voždovac - 115m2 kod TC Stadion
59;Opština Mladenovac , Mladenovac (mesto) , Kralja Petra I;75000;2.0;1285;halooglasi;Mladenovac-centar, Kralja Petra Prvog 2.0, 58.38m2
85;Opština Voždovac , Lekino brdo , Strumička;319000;3.0;3753;halooglasi;Odlican stan Lekino brdo 85m2
39;Opština Novi Beograd , Blok 67a (A blok) , Uroša Martinovića;154500;0.5;3962;halooglasi;Novi Beograd-A blok-39m2-Namešten-Uknjižen ID#2200
46;Opština Voždovac , Voždovačka crkva , Vojvode Stepe;170000;1.5;3696;halooglasi;Blizina Voždovačke crkve 46m2 ID#7479
40;Opština Savski venac , Kraljice Natalije , Kraljice Natalije;122500;2.5;3062;halooglasi;Savski venac, Kraljice Natalije, prodaja dvoiposob
61;Opština Savski venac , Centar , Lomina;174000;2.0;2852;halooglasi;Savski Venac, Centar, Lomina, dvosoban stan
50;Opština Lazarevac , Stubica , Vojvode Stepe;47000;2.0;940;halooglasi;Lep 2.0 stan u kući, dve terase
84;Opština Palilula , Botanička bašta , Bulevar despota Stefana;205000;3.0;2440;halooglasi;Botanička bašta 84m2 ID#6986
104;Opština Novi Beograd , Blok 45 (TC Enjub) , Nehruova;295000;3.5;2837;halooglasi;Blok 45, Nehruova, lep troiposoban stan
55;Opština Vračar , Cvetni trg , Resavska;189900;2.5;3453;halooglasi;Cvetni trg, 55m2, VI, ta, 2.5
71;Opština Zemun , Gornji grad , Prvomajska;184350;3.0;2600;halooglasi;Prvomajska, Gornji grad, Zemun ID#1472
43;Opština Voždovac , Medaković 3 , Borivoja Stevanovića;104000;1.0;2419;halooglasi;Medaković 3, Borivoja Stevanovića ID#7475
86;Opština Novi Beograd , Blok 71 , Dr Ivana Ribara;197000;3.5;2291;halooglasi;Dr Ivana Ribara, 86m2, odličan, renoviran
50;Opština Palilula , Karaburma , Uralska;105000;2.0;2100;halooglasi;Zamena stana 50 m2 za manji
90;Opština Novi Beograd , Blok 23 , Bulevar Arsenija Čarnojevića;229000;3.5;2544;halooglasi;Blok 23, 90m2
110;Opština Savski venac , Senjak , Bulevar vojvode Mišića;176000;4.0;1600;halooglasi;Bulevar Vojvode Mišića 110m2, top lokacija
77;Opština Zvezdara , Vukov Spomenik , Vojvode Brane;219000;3.0;2844;halooglasi;Vukov spomenik, mereno 80m2 ID#7224
63;Opština Palilula , Borča , Moravske divizije;113400;2.0;1800;halooglasi;Moravske divizije, Borča, Palilula ID#1883
37;Opština Zemun , Gornji grad , Prvomajska;95900;2.0;2600;halooglasi;Prvomajska, Gornji grad, Zemun ID#1471
67;Opština Vračar , Kalenić pijaca , Makenzijeva;280000;3.0;4179;halooglasi;Blizina Čuburskog parka, 67m2+terasa ID#7473
86;Opština Voždovac , Lekino brdo , Veselina Masleše;230000;3.0;2674;halooglasi;Voždovac, Lekino brdo - Veselina Masleše, 86m2
30;Opština Rakovica , Petlovo brdo ,;69000;1.5;2300;halooglasi;1.5 stan na Petlovom brdu - Rasinska
74;Opština Voždovac , Lekino brdo , Gospodara Vučića;247500;3.5;3345;halooglasi;3.5 funkcionalan stan, Lekino brdo ID#116878
132;Opština Čukarica , Banovo brdo , Karpoševa;370000;4.0;2803;halooglasi;Banovo brdo - novogradnja ID#3721
68;Opština Čukarica , Banovo brdo , Karpoševa;191000;3.0;2809;halooglasi;Banovo brdo - novogranja ID#3719
118;Opština Savski venac , Beograd na vodi , Bulevar Vudroa Vilsona;485000;4.0;4110;halooglasi;Lux Beograd na vodi ID#123445
20;Opština Voždovac , Medaković 3 , Borivoja Stevanovića;37500;0.5;1875;halooglasi;Medaković III, garsonjera
112;Opština Zvezdara , Lion , Batutova;184888;2.0;1651;halooglasi;Lion - 62m2+50m2, III, cg, renoviran
76;Opština Savski venac , Savski trg - Pristanište , Lička;182000;3.0;2395;halooglasi;Hitna prodaja ID#7222
46;Opština Zemun , Zelena avenija , Petra Kočića;179888;1.5;3911;halooglasi;Zelena aven. nov, 1.5s+z.lođa+gar.mesto, namešten
76;Opština Vračar , Hram svetog Save , Svetog Save;290000;2.5;3816;halooglasi;Vračar, Hram Svetog Save - Svetog Save
25;Opština Palilula , Bulevar despota Stefana , Bulevar despota Stefana;75000;1.5;3000;halooglasi;Retko u ponudi! 25m2, VPR. Salonski, uknjižen!
85;Opština Zemun , Zemun polje , Bertranda Rasela;105000;3.5;1235;halooglasi;Zemun polje, 85m2, V, cg
36;Opština Zemun , Novi grad , Železnička;75000;1.5;2083;halooglasi;Beograd, Novi grad, Stan, 1.5, 36m2
59;Opština Voždovac , Lekino brdo , Strumička;224000;2.5;3797;halooglasi;Novogradnja, lux, mereno 64m2 ID#7223
90;Opština Novi Beograd , Bežanijska kosa 3 ,;219000;3.0;2433;halooglasi;Bežanijska kosa, 3.0, renoviran, odličan
66;Opština Palilula , Cvijićeva , Cvijićeva;199000;2.5;3015;halooglasi;Cvijićeva, Centar, Palilula ID#1726
82;Opština Savski venac , Dedinje , Miloja Đaka;330000;3.5;4024;halooglasi;Duplex na izuzetnoj lokaciji ID#127537
66;Opština Zvezdara , Mirijevo , Dragoslava Srejovića;130000;2.0;1970;halooglasi;Dragoslava Srejovića, Karaburma, Zvezdara ID#2027
86;Opština Novi Beograd , Blok 38 , Bulevar Arsenija Čarnojevića;220000;3.0;2558;halooglasi;Blok 38, funkcionalan stan 86m2 ID#7472
245;Opština Savski venac , Dedinje , Flore Sends;890000;6.0;3633;halooglasi;Dedinje-Flore Sends-245m2-Dva Garažna mesta-Uknjiž
74;Opština Novi Beograd , Fontana , Narodnih heroja;209000;2.5;2824;halooglasi;Fontana, Narodnih heroja, 74m2(lođa), 2.5 ID#2451
135;Opština Voždovac , Lekino brdo , Tetovska;365000;4.0;2704;halooglasi;Voždovac, Lekino brdo - Tetovska 135m2 + 45m2 T
70;Opština Zvezdara , Cvetkova pijaca , Koste Abraševića;180000;2.0;2571;halooglasi;Zvezdara, Cvetkova pijaca - Koste Abraševića 70m2
70;Opština Voždovac , Autokomanda , Bulevar oslobođenja;290000;3.0;4143;halooglasi;Voždovac - Bulevar oslobođenja 70m2
101;Opština Novi Beograd , Blok 67 (Belvil) , Jurija Gagarina;349990;3.0;3465;halooglasi;Novi Beograd, Belville - Jurija Gagarina 101m2
86;Opština Vračar , Hram svetog Save , Sokolska;288000;3.5;3349;halooglasi;Vračar, Hram Sv. Save - Sokolska 86m2 + terasa 22m
75;Opština Palilula , Profesorska kolonija , Stojana Novakovića;315000;3.0;4200;halooglasi;Profesorska kolonija - Stojana Novakovića 75m2
72;Opština Zvezdara , Cvetkova pijaca , Ravanička;230000;3.0;3194;halooglasi;Trosoban stan sa garažnim mestom
89;Opština Novi Beograd , Paviljoni , Luja Adamiča;198500;3.0;2230;halooglasi;Novi Beograd, Paviljoni, Luja Adamiča, 89m2
27;Opština Zvezdara , Vukov Spomenik , Zahumska;89100;1.5;3300;halooglasi;Vukov spomenik, mereno 33m2 ID#5086
92;Opština Čukarica , Cerak vinogradi , Omorika;195000;3.5;2120;halooglasi;Cerak - Vinogradi ID#3773
68;Opština Zemun , Centar , Dobanovačka;140000;3.0;2059;halooglasi;Prodaja Stan Zemun Centar Dobanovacka 68m2 3.0 ukn
70;Opština Vračar , SC Vračar , Radivoja Koraća;215000;3.0;3071;halooglasi;Sc Vračar - Radivoja Koraća, duplex
32;Opština Palilula , Karaburma , Vojvode Micka Krstića;95500;1.5;2984;halooglasi;Karaburma, ekluzivni kompleks Dunavske terase, 32m
50;Opština Voždovac , Jajinci ,;89000;2.0;1780;halooglasi;Nov uknjižen stan - kod Enmona ID#3310
55;Opština Novi Beograd , Tošin bunar ,;179875;2.0;3270;halooglasi;Novogradnja - Tošin bunar
75;Opština Grocka , Kaluđerica , Bulevar revolucije;99500;3.0;1327;halooglasi;Bulevar revolucije, Kaluđerica, Grocka ID#1469
76;Opština Rakovica , Vidikovac , Katarine Holecev;150000;3.0;1974;halooglasi;Katarine Holecev, Vidikovac, Rakovica ID#1468
45;Opština Rakovica , Vidikovac , Katarine Holecev;75000;1.5;1667;halooglasi;Katarine Holecev, Vidikovac, Rakovica ID#1467
70;Opština Zvezdara , Mirijevo , Dragoslava Srejovića;147000;2.5;2100;halooglasi;Dragoslava Srejovića, Karaburma, Zvezdara ID#2026
62;Opština Zvezdara , Mirijevo , Dragoslava Srejovića;135000;2.0;2177;halooglasi;Dragoslava Srejovića, Karaburma, Zvezdara ID#2025
76;Opština Vračar , Hram svetog Save , Šumatovačka;186000;3.0;2447;halooglasi;Hram, Sumatovacka
263;Opština Vračar , Hram svetog Save , Internacionalnih brigada;640000;5.0;2433;halooglasi;Hram, Internacionalnih brigada, 5.0, 263 m2
94;Opština Voždovac , Kumodraž , Vojvode Stepe;165000;4.0;1755;halooglasi;Kumodraz II, Vojvode Stepe, 4.0, 94 m2
83;Opština Vračar , Crveni krst , Šumatovačka;350000;3.0;4217;halooglasi;Crveni krst, Sumatovacka, 3.0, 83 m2
27;Opština Novi Beograd , Tošin bunar ,;91086;0.5;3374;halooglasi;Novogradnja - Tošin bunar
70;Opština Savski venac , Centar , Durmitorska;265000;3.0;3786;halooglasi;Moderan trosoban salonski stan, Savski venac, cent
50;Opština Zemun , Novi grad , Prvomajska;142000;2.0;2889;halooglasi;Novogradnja, useljiv, lux ID#1725
62;Opština Stari grad , Skupština , Kondina;224000;2.5;3613;halooglasi;Kondina 62m2, retko u ponudi
76;Opština Zemun , Gornji grad , Prvomajska;196460;3.0;2600;halooglasi;Prvomajska, Zemun ID#1466
79;Opština Palilula , Palilulska pijaca ,;283300;3.0;3600;halooglasi;Tašmajdan, lux novogradnja 79m2
58;Opština Vračar , Hram svetog Save , Katanićeva;195000;2.0;3362;halooglasi;Vračar, Katanićeva 58m2 plus 7m2 terasa ID#1141
80;Opština Voždovac , Medaković 3 , Borivoja Stevanovića;150000;2.5;1875;halooglasi;Medakovic lll, Borivoja Stevanovica
134;Opština Voždovac , Autokomanda , Kumodraška;361800;6.0;2700;halooglasi;Autokomanda, Kumodraška, 5,0, 134m2, novogradnja
56;Opština Novi Beograd , Stara Bežanija , Zemunska;115000;2.5;2054;halooglasi;Novi Beograd, Stara Bežanija, Zemunska, 56m2
79;Opština Savski venac , Beograd na vodi , Bulevar Vudroa Vilsona;299900;3.0;3796;halooglasi;Beograd na vodi - Bulevar Vudroa Vilsona, 79m2
65;Opština Vračar , Crveni krst , Tome Maksimovića;216000;2.5;3323;halooglasi;Novogradnja - Bez provizije za kupca!
85;Opština Stari grad , Zeleni venac , Gavrila Principa;260000;3.0;3059;halooglasi;Zeleni venac - Gavrila Principa, 85m2
92;Opština Savski venac , Beograd na vodi , Bulevar Vudroa Vilsona;412515;3.0;4484;halooglasi;Beograd na vodi - Bulevar Vudroa Vilsona, 92m2
72;Opština Savski venac , Beograd na vodi , Hercegovačka;430000;3.0;5972;halooglasi;Beograd na vodi - Hercegovačka, 72m2
87;Opština Zvezdara , Severni bulevar , Ledinačka;175000;3.5;2011;halooglasi;Zvezdara, Severni bulevar - Ledinačka, 87m2
30;Opština Zvezdara , Učiteljsko naselje , Paje Jovanovića;70000;1.5;2333;halooglasi;Zvezdara, Učiteljsko naselje - Paje Jovanovića, 30
86;Opština Voždovac , Šumice , Ustanička;238000;4.0;2767;halooglasi;Novogradnja u Ustaničkoj ulici 4.0 stan, u blizini
121;Opština Vračar , Crveni krst , Vojvode Šupljikca;355000;4.0;2934;halooglasi;Jedinsvena pozicija stana i terase na C. Krstu. ID
72;Opština Zvezdara , Olimp , Nevenke Urbanove;158400;2.0;2200;halooglasi;Odličan stan u naselju Olimp ID#1417
67;Opština Zemun , Altina , Čurcijina;133000;3.0;2003;halooglasi;LUX Stan sa dvoristem Altina ID#1459
122;Opština Vračar , SC Vračar ,;511896;3.0;4200;halooglasi;Vračar (Beograd), SC Vračar, Stan, 3, 121,88m2
85;Opština Stari grad , Cara Dušana ,;400000;3.5;4706;halooglasi;Odličan 3.5 salonac u ulici Strahinjića Bana.Prepo
133;Opština Vračar , Hram svetog Save ,;598500;4.0;4500;halooglasi;Luk 4.0 stan kod Hrama Sv. Save
227;Opština Vračar , Hram svetog Save ,;1044000;6.0;4599;halooglasi;Lux 6.0 stan kod Hrama+dvorište 222m2
45;Opština Čukarica , Sremčica , Sare Bernar 51;72000;1.5;1600;halooglasi;Jednoiposoban stan, Sremcica
68;Opština Čukarica , Žarkovo , Ratka Mitrovića;123600;2.5;1831;halooglasi;Ratka Mitrovića, Žarkovo, Čukarica ID#1723
96;Opština Stari grad , Centar , Kraljice Natalije;275000;4.0;2865;halooglasi;Stari grad, Centar - Kraljice Natalije, 96m2
105;Opština Novi Beograd , Blok 37 , Bulevar Arsenija Čarnojevića;252000;4.0;2400;halooglasi;Novi Beograd, Blok 37 4.5 LUX
58;Opština Vračar , Kalenić pijaca , Nevesinjska;215000;2.0;3707;halooglasi;Nevesinjska ulica/ Vračar/ Kalenić pijaca
143;Opština Voždovac , Vojvode Stepe , Vojvode Stepe;370000;5.0;2587;halooglasi;Vojvode Stepe/ Super Vero / 5.0 / 143m2 + 17m2
92;Opština Vračar , Maksima Gorkog , Sime Igumanova;220000;3.5;2391;halooglasi;Vračar ekstra stan retko u ponudi !
86;Opština Novi Beograd , Stari Merkator , Luja Adamiča;230000;2.5;2674;halooglasi;Stari Merkator 2,5 86m2, 6/7, uknjižen odličan
52;Opština Voždovac , Ustanička , Ustanička;135000;2.5;2596;halooglasi;Beograd, uknjižen, odmah useljiv 2.5 stan
68;Opština Zvezdara , Cvetkova pijaca , Ljube Davidovića;100000;1.5;1488;halooglasi;Cvetkova pijaca, Ljube Davidovica, 1.5, 67.19 m2
101;Opština Stari grad , Centar , Bulevar despota Stefana;303000;3.5;3000;halooglasi;Centar, Bulevar despota Stefana
77;Opština Zvezdara , Učiteljsko naselje , Kovačeva;199000;3.5;2590;halooglasi;Uciteljsko naselje, Kovaceva, 3.5, 76.84 m2
41;Opština Zemun , Centar , Branka Pešića;109890;1.5;2700;halooglasi;1.5 stan u Zemunu-Branka Pešića ID#2594
122;Opština Savski venac , Dedinje , Dr Vojislava Stojanovića;590000;3.0;4836;halooglasi;Dedinje, Green Hill, Dr Vojislava Stojanovica
65;Opština Voždovac , Šumice , Vladimira Tomanovića;132000;2.0;2031;halooglasi;Hitna prodaja - Sumice, Vladimira Tomanovica
73;Opština Voždovac , Banjica , Bulevar oslobođenja;150000;3.0;2055;halooglasi;Banjica, Bulevar oslobodjenja, 3.0, 73 m2 sa ter
60;Opština Vračar , Hram svetog Save , Nebojšina;269000;2.0;4483;halooglasi;Hram, Nebojsina, 2.0, 60 m2 sa terasom
75;Opština Savski venac , Savski trg - Pristanište , Dr Aleksandra Kostića;190000;2.5;2533;halooglasi;Savski Trg-2.0
118;Opština Savski venac , Beograd na vodi , Bulevar Vudroa Vilsona;449000;4.0;3805;halooglasi;BW Aurora 4.0 stan sa odličnim pogledom ID#1554
104;Opština Palilula , Botanička bašta , Porečka;289000;3.0;2779;halooglasi;3.0 Botanička bašta, parking, uknjižen
47;Opština Palilula , Centar , Cvijićeva;138000;2.0;2936;halooglasi;Palilula, Centar - Cvijićeva
71;Opština Novi Beograd , Blok 61 , Jurija Gagarina;208000;3.5;2930;halooglasi;Kompletno renoviran stan ID#7219
51;Opština Zvezdara , Mirijevo , Kapetana Miloša Žunjića;96150;2.5;1901;halooglasi;2.5 Mirijevo, Kapetana Miloša ŽunJića, novogradnja
202;Opština Vračar , Hram svetog Save , Bulevar oslobođenja;908000;4.0;4500;halooglasi;4.0 Vračar, Hram svetog Save, novogradnja
46;Opština Savski venac , Centar , Karađorđeva;135000;2.0;2935;halooglasi;Centar - Karađorđeva ID#3956
60;Opština Novi Beograd , Blok 67 (Belvil) , Jurija Gagarna;217000;2.0;3617;halooglasi;Belville -Jurija Gagarina - 2,0 s, 60 m2, uknjižen
38;Opština Rakovica , Miljakovac , Borska;77000;1.5;2026;halooglasi;Kanarevo brdo
33;Opština Zvezdara , Veliki Mokri Lug , Vladimira Dvornikovića;60000;1.5;1818;halooglasi;Zvezdara
65;Opština Zvezdara , Cvetkova pijaca , Odeska;85000;2.0;1308;halooglasi;Cvetkova pijaca - stan sa dvorištem
60;Opština Voždovac , Vojvode Vlahovića ,;128000;3.0;2133;halooglasi;Vojvode Vlahovića, Milovana Vidakovića, 3.0, 60m2+
42;Opština Zemun , Gornji grad , Prvomajska;104625;2.0;2500;halooglasi;Prvomajska, Zemun ID#1463
30;Opština Vračar , Južni bulevar , Riječka;140000;1.0;4667;halooglasi;Kompletno opremljen studio na Vračaru ID#1502
39;Opština Stari grad , Knez Mihailova , Cara Lazara;128000;1.5;3282;halooglasi;Knez Mihailova, 39m2, pr, ta
96;Opština Stari grad , Terazije , Kraljice Natalije;292740;3.5;3049;halooglasi;Terazije, salonac, 96m2, III, ta, dva ulaza
90;Opština Čukarica , Žarkovo , Poručnika Spasića i Mašere;225000;3.5;2500;halooglasi;3,5 stan,135m2,Dupleks,Poručnika Spasića i Mašare
82;Opština Savski venac , Beograd na vodi , Bulevar Vudroa Vilsona;365000;3.0;4451;halooglasi;Retko u ponudi BW
53;Opština Palilula , Karaburma , Maljenska;130000;2.5;2453;halooglasi;Karaburma, Maljenska, 53m2, renoviran
47;Opština Palilula , Karaburma , Davorina Jenka;80000;2.5;1702;halooglasi;Karaburma, Davorina Jenka, 47m2
45;Opština Čukarica , Čukarička padina , Stevana Đurđevića Trošarinca;130000;2.0;2889;halooglasi;Lux stan na Čukaričkoj Padini ID#7218
83;Opština Savski venac , Beograd na vodi , Bulevar Vudroa Vilsona;335000;3.0;4061;halooglasi;Metropolitan, kompletno namešten, pogled na reku I
54;Opština Čukarica , Banovo brdo , Valjevska;147000;2.0;2722;halooglasi;Valjevska 54m2
101;Opština Novi Beograd , Blok 67 (Belvil);330000;3.0;3267;halooglasi;Belville - 3,0 s, 102 m2, uknjižen i useljiv
69;Opština Novi Beograd , Bežanijska kosa 2 , Ismeta Mujezinovića;145000;2.5;2101;halooglasi;Bežanijska kosa II, 69m2, VI, cg, uknj.
98;Opština Čukarica , Banovo brdo , Nodilova;275324;3.5;2809;halooglasi;Banovo brdo, 98m2, IV, t-pumpa, lux
51;Opština Novi Beograd , Blok 24 (Super Vero) , Milutina Milankovića;200000;2.0;3922;halooglasi;Arena, 51m2, III, cg, lux
73;Opština Voždovac , Banjica , Paunova;155000;3.0;2123;halooglasi;Paunova Banjica Voždovac Beograd Srbija
174;Opština Savski venac , Beograd na vodi , Bulevar Vudroa Vilsona;837888;4.0;4815;halooglasi;BW King's Park, penthaus, pogled na park, bez prov
75;Opština Voždovac , Lekino brdo , Vojislava Nanovića;328000;3.0;4373;halooglasi;Lekino brdo, Merin Hill, luks stan od 75m2 sa bašt
41;Opština Zemun , Save Kovačevića , Mića Radakovića;110000;1.0;2683;halooglasi;Zemun, Save Kovačević - Mića Radakovića
160;Opština Stari grad , Knez Mihailova , Gospodar Jovanova;799000;6.0;4994;halooglasi;Centar - salonski stan - Gospodar Jovanova ID#3461
92;Opština Rakovica , Stari Košutnjak , Borska;180000;3.5;1957;halooglasi;Stari Košutnjak, Borska, 3.5,  92m2, uknjižen
71;Opština Stari grad , Dorćol , Jevrejska;145000;3.0;2042;halooglasi;Prodaja, stan, Jevrejska,71m2, Id928
78;Opština Vračar , Čubura , Cara Nikolaja II;273000;3.5;3500;halooglasi;Top novogradnja Panorama Vračara 78 m2 ID#1010
78;Opština Zvezdara , Mirijevo , Mirijevski Venac;155000;3.0;1987;halooglasi;Najbolji deo Mirijeva, pogled na Dunav ID#1117
60;Opština Surčin , Boljevci , Ulica mira;90000;3.0;1500;halooglasi;Prodaja Novogradnja Boljevci Surcin Duplexi uknjiz
85;Opština Savski venac , Klinički centar , Kneza Miloša;189000;4.5;2224;halooglasi;Centar, Kneza Miloša, 85m2 ID#5999
70;Opština Rakovica , Petlovo brdo , Tunelska;105000;2.5;1500;halooglasi;Petlovo brdo, odličan raspored 70m2 ID#5501
53;Opština Čukarica , Golf , Izvorska;150000;2.5;2872;halooglasi;Golf, lux opremljen stan u Izvorskoj ID#7461
115;Opština Stari grad , Terazije , Pajsijeva;470000;3.0;4087;halooglasi;Luksuzan stan sa dva garažna mesta
69;Opština Zemun , Gornji grad , Banjička;129000;3.0;1870;halooglasi;Zemun, Gornji grad - Renoviran
47;Opština Zemun , Zemun polje , Živojina Ćuluma;75000;2.0;1596;halooglasi;Zemun polje, 2,0, 47m2, I, eg
56;Opština Zemun , Gornji grad , Šilerova;147100;3.0;2640;halooglasi;Novogradnja bez provizije za kupce
45;Opština Zemun , Gornji grad , Šilerova;117375;1.5;2640;halooglasi;Novogradnja bez provizije za kupce u Zemunu
60;Opština Zemun , Galenika , Petra Jovovića;108000;2.5;1800;halooglasi;Galenika, Petra Jovovića, 60m2, prodaja stana
73;Opština Zemun , Batajnica ,;100000;4.0;1370;halooglasi;Batajnica,4,0,73m2,vpr,uknjižen
66;Opština Novi Beograd , Blok 62 ,;165000;2.0;2500;halooglasi;Novi Beograd (Beograd), Blok 62, Stan, 2, 66m2
96;Opština Savski venac , Dedinje , Bulevar kneza Aleksandra Karađorđevića;500000;4.0;5208;halooglasi;Bulevar Kneza Aleksandra Karađorđevića, Rtv Pink,
87;Opština Zvezdara , Severni bulevar , Ledinačka;175000;3.5;2011;halooglasi;Severni bulevar, 87m2, vp, ta
42;Opština Zvezdara , Dimitrija Tucovića , Dimitrija Katića;79000;2.0;1881;halooglasi;Zvezdara, Dimitrija Katića, odmah useljiv, uknj..
91;Opština Vračar , Čubura , Cara Nikolja II;304990;3.0;3352;halooglasi;Vračar, Cara Nikolaja II trosoban dvostran uknj
68;Opština Palilula , Višnjička Banja , Mirka Milojkovića;128500;3.0;1907;halooglasi;Sunnyville,LUX useljiv stan
161;Opština Zemun , Donji grad , Teodora Hercla;250000;6.0;1553;halooglasi;Zemun, Teodora Hercla, 161m2, 5.0, duplex, lux
102;Opština Stari grad , Dorćol , Cara Uroša;260000;4.0;2549;halooglasi;Stari grad, Dorćol, Cara Uroša, 102m2, 4.0
116;Opština Zemun , Gornji grad , Cara Dušana;180000;4.0;1552;halooglasi;Zemun, Gornji grad, Cara Dušana, 116.5m2, 4.0
79;Opština Zvezdara , Bulbulder ,;165000;3.0;2089;halooglasi;Na prodaju stan u Beogradu / Zvezdara
60;Opština Novi Beograd , Blok 67 (Belvil) , Jurija Gagarina;235000;3.0;3917;halooglasi;Belvil, trosoban, renoviran, opremljen
68;Opština Voždovac , Medaković 2 ,;131000;2.5;1926;halooglasi;Medaković 2 dvoiposoban stan
89;Opština Voždovac , Konjarnik , Vladimira Tomanovića;245000;4.0;2753;halooglasi;Bgd - Voždovac - Vladimira Tomanovića 89m2
35;Opština Voždovac , Centar , Kačerska;112000;0.5;3200;halooglasi;Prodaje se 0.5-27kv,T-8kv,garaza
45;Opština Voždovac , Centar , Kačerska;142700;0.5;3200;halooglasi;Prodaje se 0.5-36,60kv,T-8kv,nov,garaza
44;Opština Voždovac , Centar , Kačerska;140800;2.0;3200;halooglasi;Prodaje se Nov 2.0-36kv,T-8KV,garaza
48;Opština Zemun , Zemun polje ,;63900;2.0;1331;halooglasi;Zemun polje - centar- ID#5324
72;Opština Zemun , Zelena avenija , Skadarska;260000;4.0;3611;halooglasi;Skadarska, Zelena avenija, Zemun ID#1522
84;Opština Zvezdara , Konjarnik , Bulevar Kralja Aleksandra;189000;3.0;2250;halooglasi;Odlična prilika! Bulevar Kralja Aleksandra ID#4108
115;Opština Zemun , Gornji grad , Prvomajska;344220;4.0;3000;halooglasi;Prvomajska, Gornji grad, Zemun ID#1462
90;Opština Novi Beograd , Blok 45 (TC Enjub) , Jurija Gagarina;206000;3.5;2289;halooglasi;Blok 45 - odličan stan ID#4325
40;Opština Zvezdara , Mirijevo , Kapetana Miloša Žunjića;76000;1.5;1900;halooglasi;1.5 Mirijevo OŠ Pavle Savić novogradnja 40kv
30;Opština Voždovac , TC Stadion , Vanđela Tome;75000;0.5;2500;halooglasi;0.5 Voždovac TC Stadion novogradnja lux 30kvm
51;Opština Palilula , Profesorska kolonija , Cvijićeva-Palilula;163000;2.0;3196;halooglasi;Cvijićeva, 51m2, II, ta
100;Opština Vračar , Centar , Krunska;695000;3.0;6950;halooglasi;Centar, lux salonac 100m2 ID#5998
86;Opština Zemun , Centar , Prvomajska;135000;4.0;1570;halooglasi;Prvomajska, PRVOMAJSKA, Zemun ID#1338
148;Opština Savski venac , Beograd na vodi , Hercegovacka;888000;4.0;6000;halooglasi;BW Perla lux sa pogledom na reku ID#1501
129;Opština Stari grad , Dom omladine , Svetogorska;379000;6.0;2938;halooglasi;Centar, Sveogorska, salonac, odličan(ID: 851) ID#8
41;Opština Zemun , Save Kovačevića , Ohridska;94000;1.0;2293;halooglasi;ZEMUN,Ohridska,41m2,lodja, uknjizen
116;Opština Stari grad , Atelje 212 , Svetogorska;380000;4.0;3276;halooglasi;CENTAR  STAN  sa dvorištem 064-136-4114
57;Opština Novi Beograd , Hotel Jugoslavija , Palmira Toljatija;138000;2.0;2421;halooglasi;Novo u ponudi ID#119794
41;Opština Zemun , Centar , Ohridska;94000;1.0;2293;halooglasi;Veliki, jednosoban stan sa lepom lođom ID#127826
38;Opština Čukarica , Banovo brdo , Vinodolska;85000;2.0;2237;halooglasi;Banovo brdo, Vinodolska, 38m2 ID#5271
76;Opština Palilula , Padinska skela , Srpskog Husarskog puka;80000;3.0;1053;halooglasi;Padinska Skela, Srpskog Husaraskog puka
70;Opština Novi Beograd , Blok 23 , Bulevar Arsenija Čarnojevića;185000;3.0;2643;halooglasi;Bul. Arsenija Čarnojevića, Blok 23, Novi Beograd I
29;Opština Rakovica , Petlovo brdo , 17. Oktobra;56400;1.5;1945;halooglasi;17 Oktobra, Petlovo brdo, Rakovica ID#1111
42;Opština Zvezdara , Konjarnik , Bojadžinska;114700;1.0;2737;halooglasi;Bojadžinska, Konjarnik, Zvezdara ID#1300
46;Opština Rakovica , Centar , Trepčanska;82500;2.0;1793;halooglasi;Trepčanska, Rakovica centar, Rakovica ID#1293
76;Opština Čukarica , Železnik , Svete Milutinovića;121600;3.0;1600;halooglasi;Svete Milutinovića, Železnik, Čukarica ID#1292
134;Opština Čukarica , Železnik , Svete Milutinovića;227800;4.0;1700;halooglasi;Svete Milutinovića, Železnik, Čukarica ID#1289
55;Opština Palilula , Karaburma , Levskoga;73000;1.0;1327;halooglasi;Levskoga, Karaburma, Palilula ID#1520
94;Opština Vračar , Južni bulevar , Južni bulevar;190000;3.5;2021;halooglasi;Vračar, 3.5, T.A., 94m2, unosna investicija
73;Opština Zemun , Centar , Železnička;155000;3.0;2123;halooglasi;Zemun, Prvomajska, prodaja ID#1620
36;Opština Novi Beograd , YUBC , Bulevar Mihajla Pupina;169000;1.5;4694;halooglasi;YUBC, Bul. Mihaila Pupina, 36m2 + garažno mesto ID
146;Opština Savski venac , Ekonomski fakultet , Gavrila Principa;450000;4.0;3082;halooglasi;Jedinstven stan blizu centra
67;Opština Novi Beograd , Blok 29 , bul.zorana djindjica;187000;2.5;2791;halooglasi;Blok 29
76;Opština Rakovica , Petlovo brdo , Tunelska;114000;2.5;1500;halooglasi;Petlovo brdo, funkcionalan stan 76m2 ID#5498
40;Opština Vračar , Kalenić pijaca , Kursulina;168800;1.5;4220;halooglasi;Lep stan na Vračaru ID#127809
46;Opština Palilula , Višnjička Banja , Slobodana Jovanovića;100000;3.0;2174;halooglasi;Višnjička banja - Slobodana Jovanovića, 46m2
91;Opština Zemun , Cara Dušana , Cara Dušana;234400;4.0;2576;halooglasi;Zemun Vista- Cara Dušana, 4.0, 91m2, Direktna prod
58;Opština Zemun , Cara Dušana , Cara Dušana;149500;2.0;2578;halooglasi;Zemun Vista- Cara Dušana, 2.0, 58 m2, Direktna pro
80;Opština Savski venac , Beograd na vodi ,;482888;2.0;6102;halooglasi;BW Riviera - dvosoban stan za prodaju, bez agencij
68;Opština Voždovac , Medaković 3 , Borivoja Stevanovića;140000;2.0;2059;halooglasi;Medaković III, Borivoja Stevanovića, mereno 68m2 I
54;Opština Savski venac , Beograd na vodi , Bulevar Vudroa Vilsona 10;370000;2.0;6889;halooglasi;Prodajem stan u BW Verde - bez posrednika
50;Opština Voždovac , Dušanovac , Ustanička;127000;2.0;2540;halooglasi;Uknjižen 2.0 stan na Dušanovcu ID#3300
39;Opština Palilula , Zira , Primorska;110000;1.0;2821;halooglasi;Zira, odmah useljiv
50;Opština Rakovica , Labudovo brdo , Serdar Janka Vukotića;102000;2.0;2040;halooglasi;Renoviran stan - Petlovo brdo ID#3356
101;Opština Stari grad , Gundulićev venac , Bulevar despota Stefana;350000;3.5;3465;halooglasi;Lux novogradnja sa garažom
105;Opština Savski venac , Beograd na vodi ,;374888;4.0;3600;halooglasi;BW Rima - četvorosoban stan za prodaju, bez agenci
75;Opština Savski venac , Ekonomski fakultet , Koče Popovića;300000;2.0;4000;halooglasi;Zagrebačka, 2.0, 75m2, renoviran, lep,funkcionalan
87;Opština Novi Beograd , Blok 44 (TC Piramida) , Gandijeva;263000;3.0;3023;halooglasi;Blok 44  -  Gandijeva - 2 stana  87m2
93;Opština Novi Beograd , Bežanijska kosa 1 , Partizanske Avijacije;250000;6.0;2688;halooglasi;Bežanijska Kosa I, Partizanske Avijacije, 93m2 ID#
67;Opština Rakovica , Vidikovac , Vidikovački venac;124900;2.0;1864;halooglasi;Vidikovac, komforan i funkcionalan
40;Opština Zvezdara , Vukov Spomenik , Ledinačka;110000;1.5;2750;halooglasi;Prodaja stana sa dvoristem ,  novogradnja Ledinačk
28;Opština Obrenovac , Obrenovac (mesto) , Vuka Karadžića;44000;0.5;1571;halooglasi;Obrenovac, Vuka Karadžića
100;Opština Čukarica , Cerak , Stojana Matića;260000;4.5;2600;halooglasi;Cerak, Stojana Matića
32;Opština Zemun , Altina , Ugrinovački put;60000;1.5;1875;halooglasi;Ugrinovački put, Altina, Zemun ID#1876
40;Opština Voždovac , Medaković padina , Cvetanova ćuprija;73500;1.5;1838;halooglasi;Medaković-cvetanova ćuprija
48;Opština Novi Beograd , Blok 63 , Gandijeva;130000;1.0;2708;halooglasi;Novi Beograd, Blok 63, Gandijeva, 1.0, 48m2
81;Opština Voždovac , Banjica , Bulevar oslobođenja;180000;3.5;2222;halooglasi;Voždovac, Banjica - Bulevar oslobođenja
70;Opština Novi Beograd , Bežanijska kosa 1;199000;3.0;2843;halooglasi;Partizanske avijacije trosoban
103;Opština Vračar , Kalenić pijaca , Ljubostinjska;395000;4.0;3835;halooglasi;Izuzetan Stan Na Vracaru, Lux Novogradnja, Vracar
67;Opština Zvezdara , Lion , Bulevar kralja Aleksandra;243000;3.0;3627;halooglasi;Prodaja,izuzetan 3.0 Stan, Perfektna Zgrada
103;Opština Vračar , Kalenić pijaca , Golsvordijeva;450000;3.0;4369;halooglasi;Beograd, Kalenić pijaca, Stan, 3.0, 103m2
180;Opština Sopot , Rogača , Kosmajski venac;170000;4.0;944;halooglasi;Kuća na Kosmaju,15 ari placa ID#5496
151;Opština Rakovica , Petlovo brdo , Tunelska;225000;6.0;1490;halooglasi;Petlovo brdo, lux duplex 151m2 ID#5497
76;Opština Stari grad , Dorćol , Knićaninova;262200;3.0;3450;halooglasi;Stari grad - Dorćol - Knićaninova - 3.0 - 76m2
51;Opština Stari grad , Zeleni venac , Gavrila Principa;189000;2.5;3706;halooglasi;Najuzi Centar,stan Sa Dve Spavace Sobe
42;Opština Vračar , Čubura , Celjska;155400;2.0;3700;halooglasi;Dvosoban stan u novoj zgradi na Vračaru
53;Opština Voždovac , FON - Bilećka , STRAZILOVSKA - MILICE MILOJKOVIC;175000;2.0;3302;halooglasi;Lux stan-kod Voždovačkih kapija-komplet opremljen
65;Opština Palilula , Botanička bašta , Šajkaška;210000;2.0;3231;halooglasi;Šajkaška, kod Botaničke bašte 65m2 sa pogledom
83;Opština Čukarica , Banovo brdo , Blagoja Parovića;199900;3.0;2408;halooglasi;Banovo brdo - Blagoja Parovića ID#1574
27;Opština Čukarica , Bele vode , Belo vrelo;39500;1.5;1463;halooglasi;Bele vode - Belo vrelo 27+10 ID#1553
83;Opština Savski venac , Beograd na vodi ,;357888;3.0;4315;halooglasi;BW Rima - trosoban stan za prodaju, bez provizije
47;Opština Palilula , Višnjička Banja;115500;1.5;2457;halooglasi;Višnjička banja, Sunnyville, pogled na Dunav, 47m2
74;Opština Novi Beograd , Blok 65 ,;262800;2.0;3593;halooglasi;Odličan 2.0 stan 73m2, Savada 3
88;Opština Zvezdara , Đeram pijaca , Šabačka;235500;3.0;2700;halooglasi;Đeram, Šabačka, nov, lux trosoban stan.
89;Opština Novi Beograd , Blok 24 (Super Vero) , Bulevar Milutina Milankovića;315000;3.5;3539;halooglasi;Bulevar Milutina Milankovića, Blok 24, Novi Beogra
384;Opština Vračar , Hram svetog Save ,;2000000;6.0;5208;halooglasi;Lux 5.0 Penthaus od 384m2 sa krovnom terasom i 3 g
60;Opština Novi Beograd , Blok 63 , Gandijeva;151200;2.5;2520;halooglasi;Immo centar 60m2, Blok 63 - Gandijeva
38;Opština Zvezdara , Bulevar kralja Aleksandra;90000;1.0;2368;halooglasi;U blizini Bulevara pogodan kao investicija
67;Opština Rakovica , Petlovo brdo , Mrakovička;129900;2.5;1939;halooglasi;Uknjižen renoviran stan - Petlovo brdo ID#3399
72;Opština Savski venac , Beograd na vodi , Hercegovačka;430000;3.0;5972;halooglasi;BW - Simfonija 1 - 72m2, 3.0 - lux ID#2229
157;Opština Zvezdara , Lion , Đevđelijska;385000;4.0;2452;halooglasi;Zvezdara, Lion - Đevđelijska
89;Opština Novi Beograd , Bežanijska kosa 1 , Pante Tutundžića;229000;3.0;2573;halooglasi;Kompletno renoviran, crvena fasadna
71;Opština Zvezdara , Vukov Spomenik , Bulevar Kralja Aleksandra;229000;2.5;3225;halooglasi;Centar ID#1336
84;Opština Stari grad , Kopitareva gradina , Vlajkovićeva;230000;3.0;2738;halooglasi;Kopitareva gradina ID#1264
36;Opština Palilula , Karaburma , Mirijevsko brdo 52p;69500;1.5;1931;halooglasi;Vlasnik
76;Opština Savski venac , Centar , Admirala Geprata;289000;3.0;3803;halooglasi;Admirala Geprata, 3.0, 76m2(69+7), 1/6,
79;Opština Palilula , Botanička bašta , Šajkaška;239900;4.0;3037;halooglasi;Na 1.2km od Trga republike. Panoramski pogled.
93;Opština Voždovac , Autokomanda , Jove Ilića;335000;3.0;3602;halooglasi;Voždovac, Jove Ilića ID#1969
100;Opština Vračar , Slavija ,;695000;4.0;6950;halooglasi;Krunska - prelep lux stan 100m2, sa parking mestom
117;Opština Savski venac , Dedinje , Miloja Đaka;350000;4.0;2991;halooglasi;Dedinje 117m2 ID#1131
61;Opština Novi Beograd , Blok 33 , Omladinskih brigada;170000;2.5;2787;halooglasi;Blok 33 61m2 ID#1300
83;Opština Rakovica , Stari Košutnjak , Pere Velimirovića;166000;3.5;2000;halooglasi;Stari Košutnjak 83m2 ID#1386
74;Opština Voždovac , TC Stadion , Valentina Vodnika;143000;3.0;1952;halooglasi;TC Stadion 73,25m2 ID#1327
66;Opština Zemun , Gornji grad , Banatska;164400;2.0;2500;halooglasi;Zemona stan 65,76m2 dvosoban
80;Opština Voždovac , Lekino brdo , Gospodara Vučića;150000;3.0;1875;halooglasi;Adaptibilan u 3.5-soban stan. Garaža+parking mesto
53;Opština Rakovica , Vidikovac , Vidikovački venac;96000;2.0;1811;halooglasi;Stan sa prelepim pogledom
62;Opština Novi Beograd , Bežanijska kosa 1 , Nikole Dobrovića;159000;2.0;2565;halooglasi;B. kosa 1, izvorno stanje, 2.0-soban
99;Opština Vračar , Crveni krst , Gajeva;337000;3.0;3404;halooglasi;Crveni Krst, Gajeva ulica 99m2
166;Opština Voždovac , Autokomanda , Koste Jovanovića;670000;6.0;4036;halooglasi;Voždovac Stadion Crvene zvezde penthaus ID#1316
45;Opština Palilula , Višnjička Banja , Despotovačka;89000;2.0;1978;halooglasi;višnjićka banja ID#1365
23;Opština Stari grad , Dorćol , Gospodar Jovanova;95000;1.0;4130;halooglasi;Kalemegdan
147;Opština Novi Beograd , Bežanijska kosa 1 , Marka Čelebonovića;310000;6.0;2109;halooglasi;Novi Beograd, Bežanijska kosa, Marka Čelebonovića,
86;Opština Novi Beograd , Blok 38 , Bulevar Arsenija Čarnojevića;220000;3.5;2558;halooglasi;Bulevar Arsenija Čarnojevića, Blok 38, Novi Beogra
65;Opština Novi Beograd , Paviljoni , Luja Adamiča;159000;2.5;2446;halooglasi;Novi Beograd   Stari Merkator
33;Opština Stari grad , Skadarlija , Cetinjska;145000;1.5;4394;halooglasi;Stari Grad, Cetinjska 33m2
43;Opština Voždovac , Medaković 3 , Borivoja Stevanovića;104000;2.5;2419;halooglasi;Medaković 3, Borivoja Stevanovića, 43m2 ID#54695
92;Opština Stari grad , Dorćol , Dositejeva;214000;4.0;2326;halooglasi;Stari grad, Dositejeva 4.0
67;Opština Palilula , Višnjička Banja , Mirka Milojkovića;140000;3.0;2090;halooglasi;Sunnyville, Mirka Milojkovića 67m2 trosoban
109;Opština Savski venac , Beograd na vodi ,;403888;4.0;3719;halooglasi;BW Rima pestižan porodičan stan na izvanrednoj lok
45;Opština Rakovica , Petlovo brdo , Rasinska;69000;1.5;1533;halooglasi;Uknjižen 1.5 stan - Petlovo brdo ID#3165
94;Opština Zvezdara , Konjarnik , Blagajska;199000;3.0;2117;halooglasi;Uknjižen 3.0 stan - Konjarnik ID#3220
61;Opština Voždovac , Kumodraž , Bulevar Peka Dapčevića;118000;2.0;1934;halooglasi;Sređen uknjižen stan - Kumodraž 2 ID#3352
45;Opština Voždovac , Braće Jerković ,;103000;2.0;2289;halooglasi;Vojvode Vlahovića ID#3353
57;Opština Zvezdara , Cvetkova pijaca , Donska;169000;2.5;2965;halooglasi;Luks uknjižen stan - Zvezdara ID#3066
94;Opština Čukarica , Banovo brdo , Petra Martinovića;550000;3.0;5851;halooglasi;Banovo brdo, Petra Martinovića, lux (ID: 968) ID#9
157;Opština Voždovac , Autokomanda , Bože Jankovića;370000;4.0;2357;halooglasi;Beograd, Autokomanda, Bože Jankovića (ID: 908) ID#
72;Opština Rakovica , Vidikovac , Vidikovački venac;168000;2.5;2333;halooglasi;Vidikovački venac,72m2+15m2(2T+ostava) ID#6854
174;Opština Savski venac , Dedinje ,;1200000;4.0;6924;halooglasi;Green Hill-Lux stan sa dva garažna mesta
72;Opština Savski venac , Beograd na vodi , BW TERRACES;420000;2.0;5915;halooglasi;BW Terraces, Beograd na vodi, 2.0, namešten stan n
90;Opština Savski venac , Beograd na vodi ,;305888;3.0;3421;halooglasi;BW Eterna - trosoban stan bez agencijske provizije
55;Opština Savski venac , Beograd na vodi ,;275000;2.0;5000;halooglasi;Beograd na vodi, dvosoban stan za prodaju sa pogle
112;Opština Savski venac , Beograd na vodi , Hercegovačka;565000;4.0;5061;halooglasi;Beograd na vodi, 4.0 stan sa pogledom na reku za p
170;Opština Vračar , Gospodara Vučića ,;543990;6.0;3200;halooglasi;Vračar (Beograd), Gospodara Vučića, Stan, 5, 170m2
99;Opština Novi Beograd , Blok 63 , Jurija Gagarina;340000;2.0;3462;halooglasi;Na prodaju  stan/poslovni prostor u naselju Sun ci
112;Opština Savski venac , Beograd na vodi ,;463888;4.0;4167;halooglasi;BW Nika - Četvorosoban stan na prodaju
27;Opština Novi Beograd , Sava centar , Milentija Popovića;80000;1.0;2963;halooglasi;Milentija Popovića, Blok 19A, Novi Beograd ID#2370
90;Opština Voždovac , Autokomanda , Bože Jankovića;179000;4.0;1989;halooglasi;Bože Jankovića, Autokomanda, Voždovac ID#1871
33;Opština Zemun , Meandri , Rade Končara;91000;1.0;2794;halooglasi;Rade Končara, Meandri, Zemun ID#1870
66;Opština Čukarica , Cerak vinogradi , Lipa;155000;3.0;2348;halooglasi;Adaptibilan u 3.5-soban stan. Škola+vrtić 150-250m
96;Opština Novi Beograd , Blok 24 (Super Vero) , Blok 24;300000;4.0;3125;halooglasi;Blok 24, retko u ponudi, troiposoban stan
69;Opština Vračar , Krunska , Prote Mateje;219000;4.0;3174;halooglasi;Vračar - lep, funkcionalan - 69kvm (ukupno 74kvm)
51;Opština Novi Beograd , Blok 63 , Gandijeva;123500;2.0;2422;halooglasi;NBGD-Blok 63, 2,0 51m2, uknjižen
107;Opština Voždovac , Autokomanda , Deli Radivoja;340000;4.0;3178;halooglasi;Voždovac, Autokomanda - Deli Radivoja
60;Opština Rakovica , Miljakovac , Stevana Opačića;108000;2.0;1800;halooglasi;Miljakovac 2, 60 m2, VPR, CG, uknjižen
40;Opština Vračar , Kalenić pijaca , Kursulina;172000;1.5;4300;halooglasi;Kursulina, Kalenić pijaca, Vračar ID#1869
57;Opština Voždovac , Banjica , Crnotravska;109900;3.0;1928;halooglasi;3.0 Banjica, Jajinci, NOV, uknjižen
57;Opština Vračar , Kalenić pijaca , Kičevska;204000;2.5;3579;halooglasi;Vračar, Kalenić - Kičevska 57m2
89;Opština Čukarica , Cerak , Veljka Petrovića;136000;4.0;1528;halooglasi;Čukarica, Cerak - Veljka Petrovića 89m2
65;Opština Savski venac , Dedinje , Rajka Mitića;191000;2.5;2938;halooglasi;Savski Venac, Dedinje - Rajka Mitića 65m2
42;Opština Grocka , Kaluđerica;60000;1.5;1429;halooglasi;Kaluđerica, +pdv
60;Opština Palilula , Borča , Zrenjaninski put;83000;3.0;1383;halooglasi;Uknjižen, 2.5 stan kod Rode - Borča I ID#1456
97;Opština Novi Beograd , Bežanijska kosa 2 , Marka Čelebonovića;249900;3.5;2576;halooglasi;Bezanijska kosa II, Marka Celebonovica, 3.5, 97 m2
60;Opština Voždovac , Braće Jerković ,;130000;3.0;2167;halooglasi;Stan od 60 m2 , Vojvode Vlahović
59;Opština Novi Beograd , Blok 60 , Tošin bunar;201100;3.0;3420;halooglasi;Trosoban stan S15, New Minel (Faza 2), 58.80 m2
44;Opština Novi Beograd , Blok 60 , Tošin bunar;150458;2.0;3460;halooglasi;Dvosoban stan S27, New Minel (Faza 2), 43.49 m2
73;Opština Novi Beograd , Blok 60 , Tošin bunar;224386;3.0;3110;halooglasi;Trosoban stan S13, New Minel (Faza 2), 72.15 m2
51;Opština Rakovica , Miljakovac , Stanka Paunovića Veljka;106000;3.0;2078;halooglasi;trosoban stan, Miljakovac 1
146;Opština Vračar , Hram svetog Save , Stojana Protica;599000;4.0;4119;halooglasi;Penthouse Hram Sv Save Stojana Protica ID#1457
60;Opština Novi Beograd , Blok 67 (Belvil) , Jurija Gagarina;242000;2.5;4033;halooglasi;Novi Beograd - Belvil-Renoviran-2.5-Uknjižen ID#25
82;Opština Zvezdara , Mali Mokri Lug , Mate Miloševića;137700;4.0;1679;halooglasi;Mate Miloševića, Vojvode Vlahovića, Zvezdara ID#18
39;Opština Voždovac , Medaković padina ,;78000;1.0;2000;halooglasi;Medak padina, Svetozara Zorića, novogradnja, 39m2
74;Opština Voždovac , Medaković padina ,;148000;3.0;2000;halooglasi;Medak padina, Svetozara Zorića, novogradnja, 74m2
60;Opština Voždovac , Medaković padina ,;120000;3.0;2000;halooglasi;Medak padina, Svetozara Zorića, novogradnja, 60m2
67;Opština Rakovica , Vidikovac , Vidikovački venac;99000;2.5;1478;halooglasi;Vidikovac, Vidikovacki venac
72;Opština Mladenovac , Mladenovac (mesto) , Svetozara Markovica;85000;3.0;1181;halooglasi;Bez provizije - Mladenovac, Svetozara Markovića
45;Opština Voždovac , Braće Jerković , Vitanovačka;99000;1.0;2200;halooglasi;Brace Jerkovic, Vitanovacka
125;Opština Voždovac , Dušanovac , Dusanovac;335070;4.0;2700;halooglasi;Vozdovac, Dusanovac, 4.0, 124.10 m2
75;Opština Voždovac , Dušanovac , Dusanovac;202365;3.0;2700;halooglasi;Vozdovac, Dusanovac, 3,0, 74.95 m2
69;Opština Voždovac , Dušanovac , Dusanovac;185274;2.5;2700;halooglasi;Vozdovac, Dusanovac, 2.5, 68.62 m2
18;Opština Stari grad , Dorćol , Dubrovačka;125000;0.5;6944;halooglasi;Dorcol, Dubrovacka, 0.5, 18 m2 sa lodjom
62;Opština Vračar , Crveni krst , Cerska;195000;2.5;3145;halooglasi;Vračar - noviji stan, sredjen ID#3097
74;Opština Novi Beograd , Blok 23 , Bulevar Arsenija Čarnojevića;185000;3.0;2500;halooglasi;Blok 23 - odličan stan ID#4319
50;Opština Novi Beograd , Ledine , Novobeogradskih graditelja;85000;3.0;1700;halooglasi;Ledine kod Grand kafe, stan
35;Opština Palilula , Karaburma , MIrijevski bulevar;69850;1.5;1996;halooglasi;Karaburma, nov stan 35m2
61;Opština Zvezdara , Mirijevo , Nikole Doksata;122000;3.0;2000;halooglasi;Mirijevo, Nikole Doksata, stan, dupleks
113;Opština Stari grad , Terazije , Nušićeva;455000;4.0;4027;halooglasi;Odličan lux salonac, mereno 130m2, 2terase ID#5486
32;Opština Zvezdara , Đeram pijaca , Živojina Žujovića;75000;1.0;2381;halooglasi;Prodajem garsonjeru.
61;Opština Zemun , Zemun polje , Dušana Mađarčića Korčagina 2 deo;99900;2.0;1638;halooglasi;Dušana Mađarčića Korčagina 2. deo, Zemun, Zemun po
63;Opština Voždovac , Medaković padina ,;126000;3.0;2000;halooglasi;Medak padina, Svetozara Zorića, novogradnja, 63m2
27;Opština Palilula , Karaburma , Pera Ćetkovića;55000;1.5;2037;halooglasi;Karaburma, nov stan 27m2
157;Opština Zvezdara , Lion , Đevđelijska;385000;4.0;2452;halooglasi;Duplex, VI Beogradska, lux duplex ID#6192
70;Opština Novi Beograd , Blok 23 , Milentija Popovića;198000;2.5;2829;halooglasi;Blok 23, 70m2, III, cg
55;Opština Savski venac , Beograd na vodi ,;290000;2.0;5273;halooglasi;Lux opremljen 2.0 stan od 55m2, Bw Parkview
67;Opština Palilula , Višnjička Banja , Višnjički venac;125000;2.0;1866;halooglasi;Višnjička banja, Višnjički venac, 67 m2
44;Opština Rakovica , Labudovo brdo , Petra Jovanovića;90000;2.0;2045;halooglasi;Kompletno namesten 2.0 stan, Labudovo brdo, 44 m2
76;Opština Savski venac , Centar , Admirala Geprata;289000;3.0;3803;halooglasi;Beograd, Centar, Stan, 3.0, 76m2
100;Opština Savski venac , Klinički centar , Birčaninova;325000;3.0;3250;halooglasi;Birčaninova,renoviran salonac,100m2,1/5,lift,3 ter
92;Opština Rakovica , Stari Košutnjak , Borska;180000;3.5;1957;halooglasi;Stari Košutnjak, 92m2, III, cg
56;Opština Palilula , Borča , Ratnih vojnih invalida;101900;2.0;1820;halooglasi;Borča-R.v.invalida, 56m2, III, cg, fas.cigla
52;Opština Rakovica , Centar , Starca Milije;118000;2.0;2269;halooglasi;ulica Strca Milije, Rakovica
52;Opština Zvezdara , Mirijevo , Šesnaestog oktobra;92000;2.0;1769;halooglasi;Mirijevo, Šesnaestog oktobra, 52 m2
101;Opština Voždovac , FON - Bilećka , Bilećka;300000;4.0;2970;halooglasi;Novogradnja kod Fon-a, gar.mesto ID#1168
135;Opština Savski venac , Dedinje , Miloja Đaka;375000;4.0;2778;halooglasi;Beli dvor, 135m2, II, eg
74;Opština Stari grad , Dorćol , Strahinjića Bana;240000;2.5;3243;halooglasi;Dorćol, 74m2, II, cg
103;Opština Palilula , Krnjača ,;134000;4.0;1301;halooglasi;Krnjača, blizina centra, sa parking mestom
38;Opština Novi Beograd , Ledine , Belfortska;97500;2.0;2583;halooglasi;Ledine, 37,75m2, novogradnja, lux ID#1677
48;Opština Savski venac , Beograd na vodi ,;193888;2.0;4062;halooglasi;Stan u najnovijoj zgradi Beograda na vodi-BW Nova
127;Opština Vračar , Kalenić pijaca , Baba Višnjina;450000;4.0;3543;halooglasi;Kalenić pijaca, Baba Višnjina, 127 m2
26;Opština Stari grad , Trg Nikole Pašića , Dečanska;132000;0.5;5077;halooglasi;Studio 26m2 - Trg Nikole Pašića - Centar
73;Opština Novi Beograd , Blok 45 (TC Enjub) , Jurija Gagarina;179000;3.0;2452;halooglasi;3.0, Novi Beograd, blok 45, Jurija Gagarina, 73m2
73;Opština Palilula , Palilulska pijaca , Dalmatinska;215000;3.0;2945;halooglasi;Palilulska pijaca, Dalmatinska, 73m2 ID#3744
66;Opština Voždovac , Trošarina ,;177363;3.0;2700;halooglasi;Lux,Novogradnja,Trošarina,65,69 m2,cena bez pdv
56;Opština Palilula , Cvijićeva , Cvijićeva;155000;2.5;2768;halooglasi;Palilula - Cvijićeva ID#1522
108;Opština Voždovac , Saobraćajni fakultet , Bulevar oslobođenja;299000;3.0;2769;halooglasi;Blizina Bajfordove šume, odličan 3s ID#6193
112;Opština Vračar , Južni bulevar , Južni bulevar;345000;4.0;3080;halooglasi;Top Vračar, 4 sobe, 112m2, 2 terase,pogled,garaža
115;Opština Vračar , Centar , Mileševska;450000;4.0;3913;halooglasi;Vračar - Mileševska - lux ID#3995
76;Opština Rakovica , Vidikovačka padina , Katarine Holecev;150000;3.0;1974;halooglasi;Vidikovačka padina - Katarine Holecev, 76m2
42;Opština Rakovica , Vidikovačka padina , Katarine Holecev;80000;3.0;1905;halooglasi;Vidikovačka padina - Katarine Holecev, 42m2
46;Opština Rakovica , Miljakovac , Borska;100000;2.5;2174;halooglasi;Miljakovac - Borska ID#1634
65;Opština Zvezdara , Mirijevo , Save Kovačevića;140000;2.0;2154;halooglasi;Prelepa 2.0 kuća u Mirijevu
58;Opština Zemun , Save Kovačevića , Dragana Rakića-Zemun;159000;3.0;2741;halooglasi;Zemun-D.Rakića, 58m2, II, cg, lux
85;Opština Savski venac , Beograd na vodi ,;428000;3.0;5035;halooglasi;Predivno opremljen trosoban stan za prodaju u BW M
54;Opština Zvezdara , Đeram pijaca , Bulevar Kralja Aleksandra;170000;2.0;3148;halooglasi;Đeram - Bulevar Kralja Aleksandra - Dvosoban stan
120;Opština Čukarica , Banovo brdo , Nodilova;349000;4.0;2908;halooglasi;Odličan penthouse ID#124330
110;Opština Stari grad , Politika , Stevana Sremca;430000;4.0;3909;halooglasi;Prelep stan na savršenoj mikrolokaciji ID#127104
36;Opština Novi Beograd , YUBC , Bulevar Mihajla Pupina;169000;1.5;4694;halooglasi;Odličan 1.5 stan sa garažnim mestom u ceni ID#1162
55;Opština Savski venac , Beograd na vodi , Bulevar Vudroa Vilsona;252888;2.0;4598;halooglasi;BW King's Park, dvosoban, bez provizije ID#3214
58;Opština Savski venac , Stadion Partizana , Humska;155000;2.0;2672;halooglasi;Komforan dvosoban stan ID#124566
87;Opština Voždovac , Autokomanda , Borisavljevićeva;243600;3.0;2800;halooglasi;Prelep stan, najlepši deo Voždovca ID#125984
45;Opština Zvezdara , Mirijevo , Ilije Pavlovića;100000;2.0;2222;halooglasi;Nov stan u Mirijevu ID#125711
135;Opština Voždovac , Lekino brdo , Tetovska;335000;4.0;2481;halooglasi;Stan na top lokaciji ID#127419
98;Opština Čukarica , Banovo brdo , Požeška;275324;3.5;2809;halooglasi;Lux novogradnja na Banovom brdu ID#126935
94;Opština Voždovac , Kumodraž , Vojvode Stepe;165000;3.0;1755;halooglasi;Prostran dupleks preko puta farmaceutskog fakultet
52;Opština Palilula , Karaburma , Drenovačka;107000;2.5;2058;halooglasi;Svetao, održavan stan na top lokaciji ID#126884
32;Opština Zvezdara , Mirijevo , Ljubiše Miodragovića;73000;1.5;2281;halooglasi;Stan na top lokaciji ID#126518
26;Opština Palilula , Karaburma , Pere Ćetkovića;64500;0.5;2481;halooglasi;Karaburma garsonjera 22m2+4m2 lođa ID#128192
114;Opština Vračar , Kalenić pijaca , Sinđelićevo sokače;517500;4.0;4539;halooglasi;Lux stan na top lokaciji ID#128631
100;Opština Stari grad , Dorćol , Gospodar Jovanova;320000;6.0;3200;halooglasi;3.0 stan, Gornji Dorćol ID#121297
66;Opština Čukarica , Cerak vinogradi , Kedrova;204000;2.5;3091;halooglasi;Odličan komforan svetao stan ID#124907
87;Opština Novi Beograd , Blok 70a , Omladinskih brigada;250000;3.0;2874;halooglasi;Blok 70a, blizu Savskog šetališta,mereno  125m2 ID
105;Opština Vračar , Hram svetog Save ,;350000;3.0;3333;halooglasi;Vračar, Hram, novogradnja, 105m2
75;Opština Zvezdara , Bulbulder ,;233000;3.0;3107;halooglasi;Lep trosoban stan, Zvezdara, Bulbuder, 74m2
145;Opština Vračar , Centar , Kneginje Zorke;619900;6.0;4275;halooglasi;Vračar petosoban sa parking mestom ID#4107
54;Opština Zvezdara , Mirijevo , Radeta Markovića;135000;2.0;2500;halooglasi;Karaburma, novogradnja, mereno 63m2 ID#6630
100;Opština Stari grad , Kalemegdan , Gospodar Jovanova;260000;4.0;2600;halooglasi;Stan Beograd - Dorćol - Gospodar Jovanova 100m2
44;Opština Zvezdara , Olimp , Milana Rakića;114500;1.5;2602;halooglasi;Zvezdara, Olimp, Milana Rakića, 44m2
72;Opština Zvezdara , Olimp , Milana Rakića;158400;2.5;2200;halooglasi;Zvezdara, Olimp, Milana Rakića, 72m2
87;Opština Savski venac , Beograd na vodi ,;420000;3.0;4829;halooglasi;Prelep trosoban stan sa pogledom na reku na prodaj
26;Opština Voždovac , Medaković 1 , Rastka Petrovića;60000;0.5;2308;halooglasi;Beograd, Medaković 1, Stan, 0.5, 26m2
27;Opština Zvezdara , Mirijevo , Radmile Savićević;56999;0.5;2111;halooglasi;Nova garsonjera, uknjizena
24;Opština Palilula , Krnjača , Zrenjaninski put;36000;0.5;1500;halooglasi;Krnjaca, 24m2, 0,5,
42;Opština Zvezdara , Mirijevo , Koste Nađa;99000;1.5;2357;halooglasi;Koste Nadja, lux, uknjizen.
60;Opština Zvezdara , Mirijevo , Rudi Čajaveca;101000;3.0;1683;halooglasi;Top ponuda, Rudi Cajevac 3.0 , novogradnja
62;Opština Zvezdara , Mirijevo , Jovanke Radaković;119000;3.0;1919;halooglasi;Nov 3.0 stan u Jovanke Radakovic
141;Opština Novi Beograd , Tošin bunar;500858;4.0;3575;halooglasi;Eksluzivan stan u premium zgradi sa SPA centrom i
75;Opština Voždovac , Mitrovo Brdo , Vojvode Vlahovića;128500;3.0;1713;halooglasi;Braće Jerković, V.Vlahovića, uknjižen dupleks
56;Opština Zvezdara , Mirijevo , Ivana Sarića;120000;2.5;2143;halooglasi;Mirijevo 50+6m2, prodaja stana
26;Opština Voždovac , Medaković 2 , Rastka Petrovića;62000;0.5;2385;halooglasi;Medaković II, 26m2, pr, ta
54;Opština Čukarica , Banovo brdo , Ivice Devčića;145000;2.0;2685;halooglasi;Banovo brdo Ivice Devčića 2.0
71;Opština Rakovica , Stari Košutnjak , Pere Velimirovića;175000;2.5;2465;halooglasi;Stari Košutnjak, 71m2, pr, cg
77;Opština Novi Beograd , Bežanijska kosa 3 , Magelanova;250000;4.0;3247;halooglasi;Energoprojekt, Bežanijska kosa, 4.0, namešten
57;Opština Čukarica , Žarkovo , Šavnička;115000;3.0;2018;halooglasi;Žarkovo,Šavnička ,57+2 terase, uknjizen,odmah usel
34;Opština Palilula , Karaburma , Aleksandra Fleminga;95000;2.0;2794;halooglasi;Beograd, Karaburma, Stan, 2.0, 34m2
87;Opština Novi Beograd , Blok 70 (kineski tržni centar) , Jurija Gagarina;208990;3.0;2402;halooglasi;BLOK 70 J. Gaagarina 3,0 uknj. dvostran Piramida
40;Opština Vračar , Kalenić pijaca , Kursulina;168800;1.5;4220;halooglasi;Vračar, Kalenić, Kursulina, 40m2 ID#53376
57;Opština Voždovac , Jajinci , Ivanke Muačević;109900;3.0;1928;halooglasi;2.5 Banjica, Jajinci, NOV, uknjižen
27;Opština Zvezdara , Vukov Spomenik , Zahumska;79900;1.0;2959;halooglasi;Zvezdara, Vukov Spomenik - Zahumska
50;Opština Zemun , Gornji grad , Pregrevica;130000;2.0;2600;halooglasi;Zemun, Pregrevica, 50m2, 2.0 ID#2495
55;Opština Savski venac , Beograd na vodi , Bulevar Vudroa Vilsona;269888;2.0;4907;halooglasi;BW Eden, odlična prilika, plaćanje na rate ID#3212
39;Opština Zvezdara , Mirijevo , Matice Srpske;68000;1.5;1744;halooglasi;Mirjevo ID#1261
89;Opština Stari grad , Dorćol , Mike Alasa;300000;3.0;3371;halooglasi;Stari grad, Mike Alasa, kompletno renoviran stan
66;Opština Novi Beograd , Blok 23 , Bulevar Arsenija Čarnojevića;165000;3.0;2500;halooglasi;STAN Bulevar Arsenija Čarnojevića, Blok 23 66m²
23;Opština Stari grad , Kalemegdan , Cara Lazara;118000;1.5;5130;halooglasi;Stari Grad, Kalemegdan, Cara Lazara, 23m2
95;Opština Novi Beograd , Blok 37 , Bulevar Milutina Milankovića;210000;3.0;2211;halooglasi;Blok 37, Milutina Milankovica, 3.0 95m2, lodje, 1/
82;Opština Novi Beograd , Blok 62 , Nehruova;220000;3.0;2683;halooglasi;Blok 62 Renoviran 3.0 CG 82 m2 1/7 Lođa Garaža
82;Opština Novi Beograd , Bežanijska kosa 2 , Peđe Milosavljevića;201000;3.0;2451;halooglasi;B. Kosa 2, 3.0 CG 82m2, Lift 4/6, Terasa i Lođa, u
45;Opština Savski venac , Dedinje , Mihajla Avramovića;180000;2.0;4000;halooglasi;Odličan, podno grejanje sa terasom
60;Opština Čukarica , Banovo brdo , Ada mall;180150;2.0;3002;halooglasi;Čukarica, Banovo brdo, Ada mall, 60m2
93;Opština Novi Beograd , Blok 65 , Bulevar heroja sa Košara;415000;3.0;4462;halooglasi;Blok 65, Zepterra, luks trosoban, 93m2
25;Opština Vračar , Krunska , Krunska;71000;1.0;2840;halooglasi;Krunska, 1.0, 25m2, Uknjižen, VRHUNSKA lokacija
81;Opština Stari grad , Topličin venac , Maršala Birjuzova;235000;3.5;2901;halooglasi;Topličin venac, troiposoban stan, 81m2
63;Opština Palilula , 27. marta , 27. marta;127000;2.5;2016;halooglasi;Palilula 2,5, 63m2, 4/4, terasa
106;Opština Rakovica , Labudovo brdo , Petra Jovanovića;180000;4.0;1698;halooglasi;Stan sa garažom Labudovo brdo - Petra Jovanovića I
105;Opština Vračar , Hram svetog Save , Čuburska;350000;4.0;3333;halooglasi;Hram, Čuburska, 105m2 ID#51412
66;Opština Voždovac , Ustanička , Vidska;170000;3.0;2576;halooglasi;Trosoban stan u Ustaničkoj, 66 m2
77;Opština Vračar , Pravni fakultet , Bulevar Kralja Aleksandra;266000;2.5;3455;halooglasi;Besprekoran stan - Pravni fakultet ID#6424
47;Opština Voždovac , Darvinova pošta , Ljuba Vučkovića;128000;2.5;2723;halooglasi;Darvinova pošta, Ljuba Vučkovića, 2,5,
72;Opština Novi Beograd , Blok 21 , Bulevar Zorana Đinđića;210000;3.0;2917;halooglasi;Blok 21, Bulevar Zorana Đinđića 56m2 +16m2 terase
35;Opština Zvezdara , Konjarnik , Ustanička;77000;0.5;2200;halooglasi;Konjarnik, Ustanicka, 0,5, 35m2
46;Opština Palilula , Karaburma , Drenovačka;107000;2.0;2326;halooglasi;Karaburma, Drenovačka 46 + 6 m2
81;Opština Voždovac , Banjica , Paunova;187000;4.0;2309;halooglasi;Banjica 4.0 81m2+ 2 lođe+40m2 bašta, uknjižen
75;Opština Voždovac , Farmaceutski fakultet , Vojvode Stepe;185000;3.0;2467;halooglasi;Voždovac, Vojvode Stepe, 75m2+9, IIsp, CG,3.0 uknj
62;Opština Novi Beograd , Bežanijska kosa 2 , Danila Lekića Španca;163500;2.5;2637;halooglasi;Danila Lekića Španca Bežanijska kosa Novi Beogr...
57;Opština Novi Beograd , Bežanijska kosa 2 , Nikole Dobrovića;175000;1.5;3070;halooglasi;Nikole Dobrovića Bežanijska kosa Novi Beograd B...
29;Opština Rakovica , Labudovo brdo , Čajnička;64000;1.0;2207;halooglasi;Čajnička Labudovo brdo Rakovica Beograd Srbija
45;Opština Zvezdara , Vukov Spomenik , Mirka Sandica;137000;2.0;3044;halooglasi;Prodaja,2.0 Stan,novogradnja,east Side-zvezdara
46;Opština Zemun , Gornji grad , Skopljanska;117000;2.0;2543;halooglasi;Zemun, Gornji grad, Skopljanska
57;Opština Zvezdara , Đeram pijaca , Šabačka;160500;2.5;2836;halooglasi;Đeram, Šabačka, nov, lux dvoiposoban stan
55;Opština Voždovac , Lekino brdo , Bačvanska;138900;2.5;2525;halooglasi;Odličan stan u Bačvanskoj 55kvm
58;Opština Zemun , Galenika , Jovana Stojsavljevića;119000;2.5;2052;halooglasi;Galenika ,2.5 stan ID#9445
74;Opština Novi Beograd , Paviljoni , Luja Adamiča;208500;2.0;2818;halooglasi;Luja Adamiča ID#1551
45;Opština Zemun , Gornji grad , Kovača Jovana Petrovića;85000;1.5;1889;halooglasi;Kovača Jovana Petrovića, Pregrevica, Zemun ID#2232
99;Opština Zemun , Centar , Majakovskog;250000;2.0;2525;halooglasi;Stan moderne koncepcije ID#7199
91;Opština Vračar , Hram svetog Save , Internacionalnih brigada;286000;3.5;3143;halooglasi;Vračar, Hram, Internacionalnih brigada, 91m2+7m2
124;Opština Stari grad , Dunavski kej ,;620000;3.0;5000;halooglasi;Ekskluzivan, de luxe 3.0 stan u K District komplek
113;Opština Zemun , Galenika;244000;3.5;2159;halooglasi;Galenika,113m2,troiposoban,renoviran,uknjižen
53;Opština Zvezdara , Mirijevo;98000;2.5;1849;halooglasi;Mirijevo, dvoiposoban, 53m2, VPR, uknjižen
86;Opština Novi Beograd , Stari Merkator;235000;3.0;2733;halooglasi;Stari Merkator, trosoban 86m2, renoviran, uknjižen
64;Opština Novi Beograd , Blok 62 , Jurija Gagarina;165000;2.5;2578;halooglasi;Prodaja 2,5 stana blok 62
33;Opština Zvezdara , Učiteljsko naselje;93600;1.5;2836;halooglasi;Novogradnja,  Aviv park 33m2 1.5 sa PDV
52;Opština Zemun , Pregrevica , Pregrevica;148161;2.0;2900;halooglasi;Lux dvosoban stan orijentisan jugoistočno
39;Opština Voždovac , Braće Jerković , Miljana Miljanića;73000;1.5;1872;halooglasi;Voždovac, naselje Veljko Vlahović, Miljana Miljani
79;Opština Zemun , Pregrevica , Pregrevica;226287;3.0;2900;halooglasi;Lux trosoban stan zapadno orijentisan
108;Opština Zemun , Pregrevica , Pregrevica;312156;4.0;2900;halooglasi;Lux četvorosoban stan orijentisan jugoistočno
44;Opština Rakovica , Petlovo brdo , Nićifora Ninkovića;60000;1.5;1364;halooglasi;1.5 Petlovo brdo
73;Opština Novi Beograd , Blok 37 , Bulevar Arsenija Čarnojevića;162000;2.5;2219;halooglasi;Novi Beograd, Blok 37
50;Opština Palilula , Padinska skela , Dunavac;35000;1.5;700;halooglasi;Lep stan u naselju Dunavac
77;Opština Zvezdara , Vukov Spomenik , Vojvode Brane;219000;3.5;2844;halooglasi;Vojvode Brane, mereno 80 m2
112;Opština Surčin , Jakovo , Braće Panić;84000;3.0;750;halooglasi;Jakovo
59;Opština Voždovac , Lekino brdo , Strumicka;224000;3.0;3810;halooglasi;Prodaja, stan, Strumicka, 59m2, Id899
95;Opština Palilula , Palilulska pijaca ,;390000;3.0;4105;halooglasi;Lux 3.0 stan u centru
39;Opština Vračar , Kalenić pijaca , Molerova;205000;2.0;5256;halooglasi;Vračar, renoviran. 55m2 merena kvadratura ID#3906
27;Opština Novi Beograd , Blok 60 , Tošin bunar;91000;0.5;3370;halooglasi;Novi Beograd,Blok 60 - Tošin bunar - cena bez PPDV
52;Opština Vračar , Crveni krst ,;153900;2.0;3000;halooglasi;Crveni Krst, 2.0, 51m2, EG - Bez Provizije
79;Opština Vračar , Crveni krst ,;259000;3.0;3297;halooglasi;Crveni Krst, 3.0, 79m2, EG Bez Provizije
81;Opština Zvezdara , Zvezdarska šuma , Koste Novakovića;210600;3.0;2600;halooglasi;Zvezdarska šuma, Koste Novakovića, 81 m2
84;Opština Voždovac , Vojvode Vlahovića ,;195000;4.0;2321;halooglasi;Lux duplex, Mate Miloševića, 84m2, 4.0 ID#2084
48;Opština Zvezdara , Olimp , Milana Rakića;120000;1.5;2500;halooglasi;Olimp, Milana Rakića, 48m2 ID#51384
54;Opština Voždovac , Banjica , Radomira Markovića;129900;2.0;2406;halooglasi;Banjica, Radomira Markovića, 54m2 ID#52726
73;Opština Savski venac , Resavska , Birčaninova;290000;3.0;3973;halooglasi;Slavija
56;Opština Novi Beograd , Blok 65;320000;2.0;5714;halooglasi;West Tower, Lux
64;Opština Zemun , Meandri , Prvomajska;155000;3.0;2422;halooglasi;Prvomajska, Meandri, Zemun ID#2231
52;Opština Palilula , Karaburma , Ćustendilska;115000;2.5;2212;halooglasi;Karaburma
75;Opština Voždovac , Vojvode Stepe , Vojvode Stepe;185000;3.0;2467;halooglasi;Na odličnoj lokaciji, renoviran ID#6676
59;Opština Čukarica , Bele vode , Leposave Mihailović;160000;2.0;2712;halooglasi;Bele vode LUX stan i garaža 16m2
81;Opština Palilula , Botanička bašta , Šajkaška;230000;3.5;2840;halooglasi;Botanička bašta, Šajkaška, 81m2 ID#43076
72;Opština Zvezdara , Olimp , Milana Rakića;144000;4.0;2000;halooglasi;Olimp, Milana Rakića, novogradnja,72m2 ID#52164
71;Opština Zvezdara , Kluz , Lošinjska Donja;122000;2.0;1718;halooglasi;Bulevar Kralja Aleksandra, Lošinjska Donja, 71m2 I
96;Opština Novi Beograd , Blok 70 (kineski tržni centar) , Jurija Gagarina;235000;4.0;2448;halooglasi;Blok 70, Jurija Gagarina, 96m2 ID#41524
52;Opština Palilula , Kotež , Boška Buhe;95000;2.0;1827;halooglasi;Kotež,Boška Buhe,52m2 ID#45943
119;Opština Zvezdara , Mirijevo , Kapetana Miloša Žunjića;213498;4.0;1794;halooglasi;Mirijevo, Kapetana Miloša Žunjića, 119m2 ID#45958
51;Opština Vračar , Južni bulevar , Južni Bulevar;145000;2.0;2843;halooglasi;Vračar, Južni Bulevar, 51m2 ID#51372
95;Opština Savski venac , Stadion Crvene zvezde , Rajka Mitića;191000;2.5;2011;halooglasi;Dedinje, Rajka Mitića, 95m2 ID#52752
39;Opština Palilula , Karaburma , Patrisa Lumumbe;115000;1.5;2949;halooglasi;Karaburma, Patrisa Lumumbe, 39m2 ID#53328
33;Opština Zvezdara , Veliki Mokri Lug , Vladimira Dvornikovića;60000;1.5;1818;halooglasi;Vladimira Dvornikovića, Veliki mokri lug, Zvezdara
64;Opština Novi Beograd , Blok 65 , Tošin bunar;260000;2.5;4062;halooglasi;Novi Beograd, Savada 3, blok 65, 2.5, 64m2
93;Opština Zemun , Batajnica , Palićka;200000;4.0;2151;halooglasi;Dupleks kod nove Crkve
62;Opština Zvezdara , Zeleno brdo , Donja Lošinjska;122000;2.0;1968;halooglasi;Mirijevo, Donja Lošinska, 62m2, 2.0, novogradnja
50;Opština Novi Beograd , Paviljoni , Luja Adamiča;125000;2.5;2500;halooglasi;Paviljoni, Luja Adamiča, stan 50m2
61;Opština Rakovica , Skojevsko naselje , Marička;88000;2.5;1443;halooglasi;Rakovica -Marička
70;Opština Savski venac , Beograd na vodi , Hercegovačka;435888;2.0;6227;halooglasi;Premium building, BW Perla, great investment ID#22
64;Opština Palilula , Centar , Cvijiceva;146000;2.5;2281;halooglasi;Cvijiceva,salonac za renoviranje ID#1035
123;Opština Savski venac , Centar , Deligradska;400000;3.0;3252;halooglasi;Salonski stan kod trga Slavija
57;Opština Stari grad , Dorćol , Knez Miletina;109000;2.5;1912;halooglasi;Stari grad, Dorćol - Knez Miletina
70;Opština Zemun , Galenika , Milenka Verkića;98000;3.0;1400;halooglasi;Milenka Verkića, Nova Galenka, Zemun ID#2018
32;Opština Voždovac , Braće Jerković , Meštrovićeva;83900;1.0;2622;halooglasi;Sređen stan - Braće Jerković, kod škole ID#3397
52;Opština Čukarica , Žarkovo , Grigora Viteza;96900;2.0;1863;halooglasi;2.0 52m2(L) Žarkovo - Grigora Viteza
38;Opština Čukarica , Žarkovo , Solunskih boraca;76000;1.0;2000;halooglasi;Cukarica 38m2
29;Opština Voždovac , Vojvode Stepe , Vojvode Stepe;78900;1.0;2721;halooglasi;Farmaceutski fakultet, nameštena garsonjera ID#618
85;Opština Zemun , Prvomajska , Prvomajska;135000;4.0;1588;halooglasi;Zemun-Prvomajska, 85m2, 4.0,uknjižen, lođa, svetao
33;Opština Čukarica , Cerak , Kosmajska;145000;3.0;4394;halooglasi;Cerak, odličan stan, mereno 80m2 ID#6677
39;Opština Voždovac , Naselje Stepa Stepanović , 2. srpske armije;109000;1.0;2795;halooglasi;Stepa Stepanović, 39m2, lođa 10m2 ID#1546
63;Opština Novi Beograd , Tošin bunar , Tošin bunar;198764;3.0;3160;halooglasi;NEW MINEL, Tošin bunar, Faza 2, 62,9m2 ID#1485
114;Opština Novi Beograd , Tošin bunar , Tošin bunar;363757;6.0;3210;halooglasi;NEW MINEL, Tošin bunar, Faza 2, 113,32m2 ID#1487
81;Opština Novi Beograd , Tošin bunar , Tošin bunar;244980;4.0;3060;halooglasi;NEW MINEL, Tošin bunar, Faza 2, 80,06m2 ID#1486
47;Opština Novi Beograd , Tošin bunar , Tošin bunar;156914;2.0;3350;halooglasi;NEW MINEL, Tošin bunar, Faza 2, 46.84m2 ID#1488
27;Opština Novi Beograd , Tošin bunar , Tošin bunar;91086;0.5;3400;halooglasi;NEW MINEL, Tošin bunar, Faza 2, 26.79m2 ID#1483
45;Opština Novi Beograd , Ledine , Belfortska;82500;2.0;1864;halooglasi;Ledine, 44.26m2, novogradnja, lux ID#1636
31;Opština Novi Beograd , Ledine , Belfortska;60940;1.0;2000;halooglasi;Ledine, 30.47m2, novogradnja, lux ID#1635
40;Opština Novi Beograd , Ledine , Belfortska;97500;2.0;2438;halooglasi;Ledine, 39,51m2, novogradnja, lux ID#1396
123;Opština Savski venac , Beograd na vodi , Bulevar Vudroa Vilsona;470888;4.0;3850;halooglasi;BW Lumia, trostrano orijentisan, useljivo ove godi
33;Opština Novi Beograd , Blok 72 , Mileve Marić Ajnštajn;113500;1.5;3439;halooglasi;Lux stan u novogradnji ID#126397
108;Opština Zvezdara , Crveni krst , Pop Stojanova;180000;3.0;1667;halooglasi;Lep renoviran dupleks ID#127496
207;Opština Vračar , Hram svetog Save , Mome Kapora;1300000;6.0;6280;halooglasi;Lux penthouse sa fantastičnim pogledom na Hram
67;Opština Savski venac , Beograd na vodi ,;328888;2.0;4909;halooglasi;BW Victoria-bez provizije za kupce,dvosoban stan z
62;Opština Zvezdara , Dimitrija Tucovića;198000;2.5;3194;halooglasi;Novogradnja 62m2 2.5 sa PDVom
120;Opština Grocka , Kaluđerica , Boška buhe30;160000;5.0;1333;halooglasi;Stan Kaluđerica legalizovan
44;Opština Zvezdara , Mirijevo , Kapetan Miloša Žunjica;75600;2.0;1718;halooglasi;Bez provizije, novogradnja, lux
96;Opština Zvezdara , Mirijevo , Miroslava Jovanovića;110000;3.0;1146;halooglasi;Mirijevo, stan u kući
34;Opština Vračar , Krunski venac , Hadži Prodanova;117900;2.0;3468;halooglasi;Vračar, Hadži Prodanova, salonac, 34m2 ID#7443
107;Opština Zemun , Gornji grad , Pregrevica;341330;3.5;3190;halooglasi;Zemun, Pregrevica, novogradnja blizu Dunava ID#598
78;Opština Zemun , Gornji grad , Pregrevica;248820;3.0;3190;halooglasi;Zemun, Pregrevica, novogradnja blizu Dunava ID#598
242;Opština Voždovac , Voždovačka crkva , Vojvode stepe;699000;6.0;2888;halooglasi;Voždovac, Voždovačka crkva, Vojvode stepe , 8.0, 2
122;Opština Voždovac , Vojvode Stepe , Vojvode Stepe;385000;4.0;3156;halooglasi;Voždovac, Vojvode Stepe, Vojvode Stepe, 4.0, 122m2
59;Opština Zemun , Marija Bursać , Marije Bursac;118000;2.5;2000;halooglasi;Zemun, Marija Bursać, Marije Bursac, 2.5, 59m2
74;Opština Palilula , 27. marta ,;249000;3.0;3365;halooglasi;Palilula, 27. marta, , 3.0, 74m2
64;Opština Voždovac , Lekino brdo ,;224000;3.0;3500;halooglasi;Voždovac, Lekino brdo, , 3.0, 64m2
82;Opština Vračar , Kalenić pijaca ,;391000;3.0;4768;halooglasi;Vračar, Kalenić pijaca, , 3.0, 82m2
58;Opština Vračar , Cvetni trg , Kralja Milutina;280000;2.0;4828;halooglasi;Vračar, Cvetni trg, Kralja Milutina, 2.0, 58m2
47;Opština Voždovac , Autokomanda , Vojvode Đurovića;152900;2.0;3253;halooglasi;Voždovac, Autokomanda, Vojvode Đurovića, 2.0, 47m2
100;Opština Voždovac , Vojvode Stepe , Vojvode Stepe;270000;3.5;2700;halooglasi;Prodaja, stan, Vojvode Stepe, 100m2, Id623
97;Opština Vračar , Slavija , Kralja Milutina;204990;3.0;2113;halooglasi;VRAČAR, Kralja Milutina 3,0, dvostran do Tiršove
94;Opština Vračar , Centar , Bulevar Kralja Aleksandra;454500;3.0;4856;halooglasi;Bulevar kralja Aleksandra, Centar, Vračar ID#2228
164;Opština Vračar , Centar , Bulevar Kralja Aleksandra;725500;6.0;4444;halooglasi;Bulevar kralja Aleksandra, Centar, Vračar ID#2229
66;Opština Voždovac , Trošarina , Save Maškovića;249000;3.0;3773;halooglasi;Save Maškovića (Trošarina) ID#42635
46;Opština Voždovac , Lekino brdo , Veselina Masleše;141000;2.5;3065;halooglasi;Funkionalan dvoiposoban stan, 46m2, sa namestajem
47;Opština Voždovac , Centar , Ljuba Vučkovića;129000;2.0;2745;halooglasi;Renoviran uknjižen stan - Darvinova pošta ID#3275
55;Opština Voždovac , Voždovačka crkva , Vojvode Stepe;149900;2.5;2725;halooglasi;Uknjižen stan - Voždovačka crkva ID#3217
154;Opština Zvezdara , Zeleno brdo , Majke Angeline;215500;1.0;1399;halooglasi;1.0, Kluz, uknjižen, 154m2, vpr/4, parking
84;Opština Vračar , Hram svetog Save , Mome Kapora;430000;3.0;5119;halooglasi;Lux stan na Vračaru
31;Opština Stari grad , Dorćol , Gundulićev venac;92000;1.0;2968;halooglasi;Dorćol, Gundulićev venac, 31m2
153;Opština Savski venac , Beograd na vodi , Riviera;950000;3.0;6209;halooglasi;BW Riviera, lux, u izgradnji
211;Opština Savski venac , Beograd na vodi , Hercegovačka;848000;5.0;4019;halooglasi;Savski venac, Beograd na vodi - Hercegovačka
85;Opština Savski venac , Zeleni venac , Gavrila Principa;260000;3.0;3059;halooglasi;Savski venac, Zeleni venac - Gavrila Principa
62;Opština Stari grad , Skupština , Kondina;224000;2.5;3613;halooglasi;Stari grad,Skupština,Kondina-dobra ponuda
82;Opština Zemun , Gornji grad , Pregrevica;261580;3.0;3190;halooglasi;Zemun, Pregrevica, novogradnja blizu Dunava ID#597
67;Opština Zemun , Gornji grad , Pregrevica;213730;2.5;3190;halooglasi;Zemun, Pregrevica, novogradnja blizu Dunava ID#597
55;Opština Zemun , Gornji grad , Pregrevica;175450;2.0;3190;halooglasi;Zemun, Pregrevica, novogradnja blizu Dunava ID#597
63;Opština Zemun , Gornji grad , Pregrevica;200970;2.5;3190;halooglasi;Zemun, Pregrevica, novogradnja blizu Dunava ID#597
86;Opština Novi Beograd , Paviljoni , Luja Adamiča;225000;3.0;2616;halooglasi;Luja Adamiča, Novi Beograd ID#1317
27;Opština Čukarica , Bele vode , Buda Tomovića;58000;1.0;2148;halooglasi;Jednosoban stan na Belim vodama ID#1012
51;Opština Savski venac , Beograd na vodi;293500;2.0;5755;halooglasi;Prodaja stana 51m2, BW Metropolitan, Beograd
61;Opština Rakovica , Stari Košutnjak , Hasanaginice;124999;3.5;2049;halooglasi;Stari Košutnjak – 3.5 – dobra investicija
37;Opština Vračar , Južni bulevar;126000;1.5;3439;halooglasi;Lux novogradnja, Lekino brdo, 36,64 m2, 1.5
69;Opština Voždovac , Dušanovac;185274;2.5;2705;halooglasi;Lux novogradnja, Dušanovac, 68,62 m2
219;Opština Savski venac , Beograd na vodi , Hercegovačka;1617000;3.0;7403;halooglasi;BW Riviera, jedinstven stan sa pogledom na reku
83;Opština Novi Beograd , Bežanijska kosa 2 , Ljubinke Bobić;178000;4.0;2145;halooglasi;Bežanijska kosa II, 4.0 , funkcionalan, odličan
34;Opština Zvezdara , Đeram pijaca , Milana Milićevića;70000;1.5;2059;halooglasi;Prodaja ,Djeram,34m2 ID#1434
68;Opština Zemun , Zemun polje , Bertranda Rasela;105000;3.0;1544;halooglasi;Zemun Polje, Zemun, Beograd.
103;Opština Vračar , Slavija , Beogradska;259000;3.0;2515;halooglasi;3.0 Beogradska 72m2+31m2 terasa, VI, cg, lift ID#1
87;Opština Vračar , Centar , Cara Nikolaja II;303300;2.5;3500;halooglasi;2.5 Vračar Cara Nikolaja II NOV LUX 87kv PARKING
172;Opština Vračar , Centar , Cara Nikolaja II;599000;4.0;3501;halooglasi;4.5 Vračar Cara Nikolaja II NOV LUX 171kv PARKING
79;Opština Savski venac , Beograd na vodi , Bulevar Vudroa Vilsona;355500;3.0;4500;halooglasi;Beograd, Beograd na vodi, Vudroa Vilsona
99;Opština Palilula , Botanička bašta , Poenkareova;285000;3.5;2879;halooglasi;Palilula | Poenkareova | 99m2
85;Opština Novi Beograd , Savski nasip , Dr Ivana Ribara;188000;3.0;2212;halooglasi;Dr. Ivana Ribara, Novi Beograd.
60;Opština Palilula , Borča , Zrenjaninski put;84000;2.0;1400;halooglasi;Borča, Zrenjaninski put 60 m2
126;Opština Zemun , Kalvarija , Đorđa Pantelića;230000;3.0;1825;halooglasi;Salonac 96m2, garaža, veliki podrum, zasebna šupa
122;Opština Voždovac , FON - Bilećka , Vojvode Stepe;320000;4.0;2623;halooglasi;Voždovac, FON - Vojvode Stepe 122m2
109;Opština Stari grad , Trg Republike , Bulevar despota Stefana;598000;4.0;5486;halooglasi;Stari grad,Trg republike - Bulevar despota Stefana
104;Opština Voždovac , Autokomanda , Admirala Vukovića;255000;4.0;2452;halooglasi;Voždovac, Autokomanda - Admirala Vukovića
171;Opština Savski venac , Centar , Nemanjina;599900;5.0;3508;halooglasi;Savski venac, Slavija - Nemanjina
72;Opština Zvezdara , Đeram pijaca , Preševska;230400;3.5;3200;halooglasi;Zvezdara, Đeram pijaca - Preševska
105;Opština Zvezdara , Vukov Spomenik , Čelopečka;441000;4.0;4200;halooglasi;Zvezdara, Vukov spomenik - Čelopečka
103;Opština Rakovica , Vidikovac , Patrijarha Joanikija;155000;4.5;1505;halooglasi;Vidikovac, 103m2, IV, cg
51;Opština Voždovac , Vojvode Vlahovića , Milovana Vidakovića;109900;3.0;2155;halooglasi;2.5 Vojvode Vlahovića, CG gas, uknjižen
159;Opština Zvezdara , Vukov Spomenik;355000;6.0;2233;halooglasi;U mirnoj ulici 2 min od Vuk-a
21;Opština Palilula , Karaburma , Stevana Dukića;58000;0.5;2762;halooglasi;Lux garsonjera 21m2, Stevana Dukića, Karaburma
58;Opština Grocka , Leštane , Zabranska;98379;2.5;1700;halooglasi;Leštane residence u strogom centru pored crkve lux
50;Opština Novi Beograd , Blok 72 , Dr Ivana Ribara;125000;1.5;2500;halooglasi;Dr Ivana Ribara, Blok 72, Novi Beograd ID#1438
39;Opština Zvezdara , Mirijevo , Dovlacka 11;63000;1.5;1615;halooglasi;Povoljan stan na prodaju
91;Opština Obrenovac , Rvati , Dr Arčibalda Rajsa;78000;3.0;857;halooglasi;HITNO! Lep dupleks u naselju Rvati - TOP ponuda
39;Opština Novi Beograd , Blok 60 , Tošin bunar;152000;2.0;3948;halooglasi;Airport city - lux, 2.0 stan, opremljen, garaza
65;Opština Mladenovac , Mladenovac (mesto) , Dimitrija Tucovića;87115;3.0;1350;halooglasi;Dvostran, trosoban stan u naselju Krošnja
73;Opština Novi Beograd , Blok 19a , Vladimira Popovića;197000;3.0;2699;halooglasi;Blok 19a, Sava centar, trosoban, uknjižen, 73 m2
46;Opština Palilula , Palilulska pijaca , Dr Dragoslava Popovića;145000;1.5;3152;halooglasi;Stan kod palilulske pijace 1.5 odličan stan
44;Opština Voždovac , Lekino brdo , Miklošićeva;132000;2.0;3000;halooglasi;Lekino brdo, nov, useljiv, pogled na Avalu ..
50;Opština Zemun , Gardoš ,;150660;2.0;3013;halooglasi;Lux - novo - blizina Gardoša – 1% provizija
50;Opština Palilula , Hadžipopovac , Hadžipopovac;99990;2.0;2000;halooglasi;Zira - Investicija - Hadžipopovac
60;Opština Rakovica , Centar , Vrbnička;78000;2.0;1300;halooglasi;Rakovica, Vrbnička 60m2 + podrum 20m2
39;Opština Zemun , Gornji grad , Sremskih boraca;105000;1.0;2692;halooglasi;Sremskih boraca, 39+8m2 terasa
78;Opština Grocka , Kaluđerica , Željka Milivojevića;92820;3.5;1190;halooglasi;Prodajem stan Kaluđerica/Beograd
94;Opština Voždovac , Medaković 3 , Borivoja Stevanovića;240000;3.5;2553;halooglasi;Medakovic III, Borivoja Stevanovica, 3.5, 94 m2
80;Opština Voždovac , Trošarina , Save Maškovića;279000;3.0;3488;halooglasi;Trosarina, Save Maskovica, 3.0, 80 m2
50;Opština Palilula , Karaburma , Mirijevski bulevar;92000;1.0;1840;halooglasi;Karaburma, 1,0, II/V, terasa 12kvm, uknjižen
54;Opština Voždovac , Banjica , Radomira Markovića;129900;2.0;2406;halooglasi;Banjica, Paunov breg, Radomira Markovića, 54m2, 2.
80;Opština Palilula , Profesorska kolonija , Cvijićeva;287000;3.0;3588;halooglasi;Palilula, Profesorska kolonija - Cvijićeva 80m2
90;Opština Zemun , Gornji grad , Železnička kolonija;130000;4.0;1444;halooglasi;Gornji grad, Železnička kolonija, 90m2 ID#4573
41;Opština Voždovac , Medaković 2 , Radovana Simića Cige;99000;1.0;2415;halooglasi;Radovana Simića Cige, Medaković 2, Voždovac ID#201
139;Opština Vračar , Centar , Bulevar Kralja Aleksandra;668000;4.0;4837;halooglasi;Bulevar kralja Aleksandra, Centar, Vračar ID#2221
95;Opština Vračar , Centar , Bulevar Kralja Aleksandra;427500;3.0;4510;halooglasi;Bulevar kralja Aleksandra, Centar, Vračar ID#2222
95;Opština Vračar , Centar , Bulevar Kralja Aleksandra;432000;3.0;4556;halooglasi;Bulevar kralja Aleksandra, Centar, Vračar ID#2224
105;Opština Vračar , Centar , Bulevar Kralja Aleksandra;522000;3.0;4999;halooglasi;Bulevar kralja Aleksandra, Centar, Vračar ID#2225
70;Opština Novi Beograd , Arena , Bulevar Zorana Đinđića;269500;2.0;3850;halooglasi;Arena, ul.Zorana Đinđića stan na prodaju N.Beograd
66;Opština Zvezdara , Konjarnik , Mihaila Todorovića;161000;1.5;2439;halooglasi;2.5 stan u novogradnji na Konjarniku ID#1755
66;Opština Voždovac , Lekino brdo , Garibaldijeva-Voždovac;149000;1.0;2258;halooglasi;Lekino brdo, 66m2, pr, eg
58;Opština Rakovica , Kanarevo brdo , Petra Konjovića;122500;2.5;2112;halooglasi;Odličan, Kanarevo brdo
176;Opština Vračar , Hram svetog Save , Bulevar oslobođenja;794700;6.0;4515;halooglasi;Hram Svetog Save, nvg sa gar.mestom ID#6950
65;Opština Savski venac , Stadion Crvene zvezde , Rajka Mitića;191000;2.5;2938;halooglasi;Dedinje, odličan stan ID#6975
75;Opština Rakovica , Petlovo brdo , Generala Zgonjanina;130000;4.0;1733;halooglasi;Petlovo brdo - stan u kući u nizu ID#4441
94;Opština Novi Beograd , Blok 44 (TC Piramida) , Gandijeva;250000;4.0;2660;halooglasi;Blok 44, 94m2, VI, dupleks, 2 ulaza
76;Opština Zemun , Gornji grad , Skopljanska;180000;3.0;2368;halooglasi;Novogradnja useljivo ID#1026
94;Opština Vračar , Centar , Bulevar Kralja Aleksandra;394500;3.0;4226;halooglasi;Bulevar kralja Aleksandra, Centar, Vračar ID#2218
90;Opština Vračar , Centar , Bulevar Kralja Aleksandra;457000;3.0;5098;halooglasi;Bulevar kralja Aleksandra, Centar, Vračar ID#2219
143;Opština Vračar , Centar , Bulevar Kralja Aleksandra;673000;4.0;4729;halooglasi;Bulevar kralja Aleksandra, Centar, Vračar ID#2220
75;Opština Zvezdara , Gradska bolnica , Kladovska;202000;3.0;2693;halooglasi;Gradska bolnica, Kladovska, 3.0, 75 m2 sa terasom
84;Opština Novi Beograd , Blok 28 , Bulevar Milutina Milankovića;214900;3.0;2558;halooglasi;Sređen namešten stan - Novi Beograd ID#3351
42;Opština Rakovica , Miljakovac , Nikole Marakovića;95000;1.5;2262;halooglasi;MILJAKOVAC, Uknjižen stan, LAKO adaptibilan u  2.0
85;Opština Savski venac , Beograd na vodi , Bulevar Vudroa Vilsona;428000;3.0;5035;halooglasi;BWF, Metropolitan, Bulevar Vudroa Vilsona
39;Opština Zemun , Centar , Oračka;115000;1.0;2949;halooglasi;Oračka, centar Zemuna, odličan stan
84;Opština Rakovica , Vidikovac , Vidikovački venac;178000;3.5;2119;halooglasi;Vidikovački venac, 3.5 komforan stan
47;Opština Zemun , Novi grad , Petra Kočića;180000;2.0;3889;halooglasi;Zemun, Petra Kočića, odličan lux stan
97;Opština Rakovica , Vidikovac , Vidikovački venac;249000;3.5;2567;halooglasi;Rakovica, Vidikovac - Vidikovački venac 97m2
33;Opština Zemun , Batajnica , Banovačka;46704;1.5;1415;halooglasi;Batajnica, 33m2, pr, eg,
25;Opština Zemun , Batajnica , Banovačka;35224;1.0;1409;halooglasi;Batajnica, 25m2, pr, eg,
86;Opština Vračar , Neimar , Politova;310000;3.0;3605;halooglasi;Vračar, Neimar, Politova, lep trosoban
55;Opština Palilula , Karaburma , Dr.Nika Miljanića;99850;3.0;1815;halooglasi;Karaburma, nov stan 55m2
263;Opština Vračar , Hram svetog Save , Internacionalnih brigada;640000;5.0;2433;halooglasi;Vračar,Hram Sv.Save-Internacionalnih brigada
51;Opština Voždovac , Braće Jerković , Nade Naumović;89000;1.5;1745;halooglasi;Voždovac, Braće Jerković - Nade Naumović 51m2
46;Opština Voždovac , Braće Jerković , Braće Jerković;129000;2.0;2804;halooglasi;Voždovac, Braće Jerković  46m2
55;Opština Zemun , Altina , Aleksandra Petrovića;107250;3.0;1950;halooglasi;Aleksandra Petrovića, Altina, Zemun ID#1634
80;Opština Voždovac , Medaković 3 , Borivoja Stevanovića;152000;2.5;1900;halooglasi;Medaković III - Borivoja Stevanovića - dvoiposoban
52;Opština Vračar , Južni bulevar , Južni Bulevar;195000;2.0;3750;halooglasi;Južni bulevar, lux, kompletno opremljen
211;Opština Vračar , Centar , Bulevar Kralja Aleksandra;944000;6.0;4485;halooglasi;Bulevar kralja Aleksandra, Centar, Vračar ID#2216
211;Opština Vračar , Centar , Bulevar Kralja Aleksandra;1010000;6.0;4800;halooglasi;Bulevar kralja Aleksandra, Centar, Vračar ID#2217
60;Opština Savski venac , Beograd na vodi ,;235000;2.0;3928;halooglasi;dvosoban stan na 6. spratu, BW Eterna
201;Opština Vračar , Hram svetog Save , Bulevar oslobođenja;908055;6.0;4518;halooglasi;Vračar, odlična lokacija, nvg sa gar.mestom ID#694
105;Opština Novi Beograd , Bežanijska kosa 1 , Nikole Dobrovića;225000;4.0;2143;halooglasi;Bežanijska kosa I, 105m2, III, cg,
46;Opština Zemun , Zemun polje , Braće Krnješevac;68500;1.5;1489;halooglasi;Zemun, Zemun polje
54;Opština Zvezdara , Mirijevo , Vladislava Bajčevića;115000;2.5;2130;halooglasi;Vladislava Bajčevića, Mirijevo, Zvezdara ID#2015
64;Opština Voždovac , Dušanovac , Ustanička;179000;2.0;2797;halooglasi;Šumice, 64m2, VII, cg, lux
67;Opština Rakovica , Kanarevo brdo , Vukasovićeva;149000;2.5;2224;halooglasi;Eksluzivni stan na Kanarevom brdu ID#128757
65;Opština Zemun , Altina , Aleksandra Petrovića;126750;3.0;1950;halooglasi;Aleksandra Petrovića, Altina, Zemun ID#1633
85;Opština Novi Beograd , Blok 63 , Nehruova;210000;3.0;2471;halooglasi;Blok 63, 85m2 uknjiženo + 14m2 terase
47;Opština Voždovac , Lekino brdo , Tetovska;155000;2.0;3298;halooglasi;Lekino brdo, novogradnja, sa Pdv-om
85;Opština Novi Beograd , Blok 45 (TC Enjub) , Dr Ivana Ribara;187000;3.5;2200;halooglasi;Dr Ivana Ribara, Novi Beograd ID#1361
84;Opština Zvezdara , Mirijevo , Rudi Čajaveca;180000;3.5;2143;halooglasi;Rudi Čajaveca, Mirijevo, Zvezdara ID#1362
64;Opština Novi Beograd , YUBC , Bulevar Mihajla Pupina;260000;2.0;4062;halooglasi;Bulevar Mihajla Pupina, YUBC, Novi Beograd ID#1597
57;Opština Zemun , Meandri , Sremskih boraca;110000;2.5;1930;halooglasi;Sremskih boraca, Meandri, Zemun ID#1331
55;Opština Palilula , Krnjača , Koste Josipovića;85000;2.0;1545;halooglasi;Koste Josipovića, Krnjača, Palilula ID#1395
48;Opština Novi Beograd , Blok 63 , Vojvođanska;149900;2.0;3123;halooglasi;Vojvođanska, Blok 63, Novi Beograd ID#1042
87;Opština Palilula , Borča , Borčanskih žrtava 1914.;150850;4.0;1750;halooglasi;Borčanskih žrtava 1914, Borča, Palilula ID#1241
78;Opština Čukarica , Filmski grad , Aljehinova;158000;3.0;2026;halooglasi;Aljehinova, Filmski grad, Čukarica ID#1474
216;Opština Palilula , Višnjička Banja , Isaka Njutna;320000;6.0;1481;halooglasi;Isaka Njutna, Višnjička banja, Palilula ID#1374
103;Opština Novi Beograd , Bežanijska kosa 2 , Peđe Milosavljevića;179000;3.0;1738;halooglasi;Peđe Milosavljevića, Bežanijska Kosa II, Novi Beog
55;Opština Grocka , Kaluđerica , Lončarevo;85250;2.5;1550;halooglasi;Lončarevo, Kaluđerica, Grocka ID#1493
73;Opština Savski venac , Senjak , Ruska;159000;2.5;2178;halooglasi;Ruska, Senjak, Savski Venac ID#1376
185;Opština Vračar , Centar , Bulevar Kralja Aleksandra;795000;4.0;4298;halooglasi;Bulevar kralja Aleksandra, Centar, Vračar ID#2214
213;Opština Vračar , Centar , Bulevar Kralja Aleksandra;1117000;4.0;5253;halooglasi;Bulevar kralja Aleksandra, Centar, Vračar ID#2215
50;Opština Čukarica , Čukarička padina , Endija Vorhola;163888;2.0;3278;halooglasi;Victory Gardens, novi kompleks, bez provizije ID#3
75;Opština Čukarica , Čukarička padina , Endija Vorhola;193888;3.0;2585;halooglasi;Victory Gardens, bez provizije ID#3209
33;Opština Čukarica , Čukarička padina , Endija Vorhola;106888;1.0;3239;halooglasi;Victory Gardens, poslovni apartman, bez provizije
95;Opština Voždovac , Autokomanda , Bože Jankovića;229000;4.0;2411;halooglasi;Autokomanda, 95m2, II, gas
52;Opština Palilula , Karaburma , Drenovačka;107000;2.0;2058;halooglasi;Karaburma-Drenovačka, 52m2, VI, cg, hitno
53;Opština Čukarica , Banovo brdo , Blagoja Parovića;140000;2.0;2642;halooglasi;Banovo brdo-Blagoja parovića
79;Opština Zemun , Save Kovačevića , Dragana Rakića;140000;3.0;1772;halooglasi;Prodaja Stan Zemun Sava Kovacevic 79m2 3.0 ID#1281
130;Opština Novi Beograd , Blok 19a , Bulevar Arsenija Čarnojevića;290000;4.0;2231;halooglasi;Blok 19a,130m2, VII, cg
37;Opština Grocka , Kaluđerica , Majke Jevrosime;60000;1.5;1622;halooglasi;Kaluđerica, 1.5 soban stan, Majke Jevrosime
130;Opština Rakovica , Vidikovac , Patrijarha Joanikija;220000;5.0;1692;halooglasi;Duplex ceo namesten lux 5.0 stan Vidikovac
83;Opština Novi Beograd , Dr Ivana Ribara , Dr. Ivana Ribara;180000;3.0;2169;halooglasi;Blok 72, 83m2, V, cg
131;Opština Vračar , Hram svetog Save , Stojana Protića;535920;4.0;4091;halooglasi;Prodaja, stan, Stojana Protica, 131m2, Id434
106;Opština Vračar , Hram svetog Save , Makenzijeva;285000;3.0;2689;halooglasi;Slavija, 106m2, III, eg
63;Opština Čukarica , Banovo brdo , Pere Todorovića;196000;2.5;3111;halooglasi;Banovo brdo, Pere Todorovića, 2.5, LUX, 63m2, uknj
90;Opština Voždovac , Medaković 3 , Braće Srnić;198000;4.0;2200;halooglasi;Medaković III Braće Srnić 4.0
90;Opština Vračar , Kalenić pijaca , Mileševska;320000;4.0;3556;halooglasi;Lep porodičan stan na Vračaru ID#1454
56;Opština Zemun , Meandri , Bačka;122000;1.5;2179;halooglasi;Odličan stan u Zemunu, Bačka ID#3396
85;Opština Savski venac , Centar , Kneza Miloša;389000;3.0;4576;halooglasi;Savski venac, Skyline - Kneza Miloša, 85m2
215;Opština Savski venac , Beograd na vodi , Hercegovačka;860000;6.0;4000;halooglasi;Beograd na vodi - Hercegovačka, 215m2
118;Opština Savski venac , Beograd na vodi , Bulevar Vudroa Vilsona;449000;4.0;3805;halooglasi;Beograd na vodi - Bulevar Vudroa Vilsona, 118m2
153;Opština Vračar , Hram svetog Save , Stojana Protića;625923;4.0;4091;halooglasi;Prodaja, stan, Stojana Protica, 153m2, Id433
89;Opština Rakovica , Petlovo brdo , 11. krajiške divizije;204000;3.5;2292;halooglasi;Petlovo brdo, lux funkcionalan 3.5s ID#6176
93;Opština Novi Beograd , Bežanijska kosa 1 , Kolumbova;274000;3.5;2946;halooglasi;Bezanijska kosa, Kolumbova
75;Opština Rakovica , Stari Košutnjak , Srzentićeva;185000;3.0;2467;halooglasi;Stari Kosutnjak, Srzenticeva
110;Opština Savski venac , Zeleni venac , Jug Bogdanova;330000;5.0;3000;halooglasi;Zeleni venac, Jug Bogdanova
127;Opština Čukarica , Cerak vinogradi , Jasenova;244900;4.0;1928;halooglasi;Cerak vinogradi, Jasenova
51;Opština Zvezdara , Cvetanova ćuprija , Generala Božidara Jankovića;87000;2.0;1706;halooglasi;Cvetanova cuprija, Generala Bozidara Jankovica
75;Opština Voždovac , Banjica , Bulevar JNA;190000;3.0;2533;halooglasi;Banjica, Paunov breg, Bulevar JNA
65;Opština Savski venac , Dedinje , Rajka Mitića;191000;3.0;2938;halooglasi;Dedinje, Diplomatska kolonija, 65m2, 3.0 ID#2378
61;Opština Surčin , Ledine , Isidore Sekulić;125000;3.0;2049;halooglasi;Isidore Sekulić, Ledine, Surčin ID#1632
36;Opština Novi Beograd , YUBC , Bulevar Mihajla Pupina;169000;2.0;4694;halooglasi;YBC hitna prodaja ID#128721
47;Opština Vračar , Crveni krst , Metohijska;150000;1.0;3191;halooglasi;Crveni krst Metohijska 42m2
75;Opština Voždovac , Lekino brdo , Strumička;205000;3.0;2733;halooglasi;Voždovac Lekino Brdo 75m2 T
65;Opština Zvezdara , Cvetkova pijaca , Odeska;99000;2.0;1523;halooglasi;Stan 65 m2 Odeska
46;Opština Zvezdara , Cvetkova pijaca , Vojvode Dovezenskog;135000;1.5;2935;halooglasi;Cvetkova pijaca, 46m2 ID#7705
48;Opština Savski venac , Beograd na vodi , Bulevar Vudroa Vilsona;193888;2.0;4039;halooglasi;Beograd na vodi, BW Nova, sa PDV-om ID#3202
48;Opština Savski venac , Beograd na vodi , Bulevar Vudroa Vilsona;199888;2.0;4164;halooglasi;BW Nova, sa PDV-om, direktna prodaja ID#3203
48;Opština Savski venac , Beograd na vodi , Bulevar Vudroa Vilsona;218888;2.0;4560;halooglasi;Beograd na vodi, BW Nova, plaćanje na rate ID#3204
61;Opština Savski venac , Beograd na vodi , Bulevar Vudroa Vilsona;249888;3.0;4097;halooglasi;BW Nova, na rate, bez provizije ID#3205
65;Opština Savski venac , Beograd na vodi , Bulevar Vudroa Vilsona;242888;3.0;3737;halooglasi;BW Nova, trosoban, na rate, bez provizije ID#3206
80;Opština Savski venac , Beograd na vodi ,;355000;3.0;4486;halooglasi;Beograd na vodi, zgrada Verde, 79m2
116;Opština Čukarica , Banovo brdo , Paštrovićeva;310000;3.0;2672;halooglasi;Banovo b.,116 m2,2p.mesta u gar.6/6, lift,luks,
28;Opština Savski venac , Sarajevska , Sarajevska;59000;2.0;2107;halooglasi;Centar, Sarajevska, 2.0, 28m2,pr, dvorišno
36;Opština Čukarica , Bele vode , Crveno barjače;82000;1.5;2278;halooglasi;Bele vode, Crveno barjače
35;Opština Savski venac , Sarajevska , Sarajevska;142000;1.5;4057;halooglasi;Centar, Sarajevska,1.5,35m2, 2/5,lift,uknj.
65;Opština Zvezdara , Konjarnik , Ustanička;145000;2.0;2231;halooglasi;Konjarnik-Ustanička
50;Opština Zemun , Gornji grad , Laze Jovanovića-Porcija;65000;2.5;1300;halooglasi;Laze Jovanovića - Porcija, Gornji grad, Zemun ID#1
46;Opština Zvezdara , Mirijevo , Matice Srpske;117000;2.5;2543;halooglasi;Matice srpske, Mirijevo, Zvezdara ID#2011
103;Opština Palilula , Botanička bašta , Šajkaška;259000;4.0;2515;halooglasi;Kvalitetna nadogradnja iz 1999
80;Opština Zvezdara , Olimp , Duvanjska;186000;3.0;2325;halooglasi;Odlična novogradnja u blizini Olimpa!
49;Opština Zvezdara , Olimp , Duvanjska;117000;1.5;2388;halooglasi;Odlična novogradnja u blizini Olimpa!
104;Opština Stari grad , Politika , Svetogorska;293000;4.0;2817;halooglasi;Svetogorska, kod Politike, salonac, prodaja
71;Opština Novi Beograd , Blok 23 , Antifašističke borbe;245000;2.5;3451;halooglasi;Blok 23, odličan, renoviran stan
75;Opština Novi Beograd , Blok 23 , Bulevar Milutina Milankovića;155000;3.5;2067;halooglasi;Dupleks sa odličnim potencijalom
44;Opština Zvezdara , Veliki Mokri Lug , Milovana Vidakovića;125000;3.0;2841;halooglasi;Mitrovo brdo, duplex, lux, mereno 92m2 ID#6425
55;Opština Zemun , Zemun polje , Bertranda Rasela;79000;2.0;1436;halooglasi;Bertranda Rasela, Zemun polje, Zemun ID#1768
87;Opština Zvezdara , Vukov Spomenik , Vojvode Šupljikca;234500;3.5;2695;halooglasi;Vracar-Vukov spomenik- Vojvode Šupljikca
63;Opština Čukarica , Železnik , Živana Panića;101000;3.0;1603;halooglasi;Železnik - nov trosoban stan sa parking mestom
77;Opština Voždovac , Banjica , Bulevar oslobođenja;199000;3.0;2584;halooglasi;Bulevar oslobođenja, Banjica, Voždovac ID#2213
93;Opština Novi Beograd , Blok 63 , Gandijeva;230000;3.5;2473;halooglasi;Uknjižen - Blok 63 - Gandijeva
58;Opština Čukarica , Čukarička padina , Radnička;129000;2.0;2224;halooglasi;Cukaricka padina 2.0 58+2L 4/7 cg lift uknjizen
88;Opština Čukarica , Cerak , Petefijeva;154900;4.0;1760;halooglasi;Odličan porodičan
107;Opština Stari grad , Centar , Svetogorska;293000;3.0;2738;halooglasi;Trosoban salonac za renoviranje
96;Opština Novi Beograd , Tošin bunar ,;342000;3.0;3562;halooglasi;Novi Beograd - Tošin bunar
125;Opština Novi Beograd , Tošin bunar ,;474500;4.0;3796;halooglasi;Novi Beograd - Tošin bunar
61;Opština Palilula , Botanička bašta , Vojvode Dobrnjca;160000;2.0;2623;halooglasi;Vojvode Dobrnjca, 61m2, odlicno za stan na dan
138;Opština Novi Beograd , Blok 65 , Tošin bunar;617000;4.0;4471;halooglasi;"Izuzetan stan sa garažnim mestom, ""New Minel"""
61;Opština Voždovac , Kumodraž , Bulevar Peka Dapčevića;117000;2.0;1918;halooglasi;Bulevar Peka Dapčevića, dvosoban, adaptibilan,61m2
37;Opština Palilula , Karaburma , Mirijevski bulevar;69500;1.5;1878;halooglasi;Odlična lokacija, 1.5 Karaburma
122;Opština Voždovac , Vojvode Stepe , Vojvode Stepe;320000;4.0;2623;halooglasi;Voždovac - Vojvode Stepe
127;Opština Zvezdara , Gradska bolnica , Velebitska;410000;3.0;3244;halooglasi;Gradska bolnica, 126m2 uknjiženih, 177m2 merenih s
95;Opština Zemun , Gornji grad , Banatska;229000;3.5;2419;halooglasi;Zemona stan 94,68m2 troiposoban
110;Opština Zemun , Gornji grad , Banatska;263200;4.0;2409;halooglasi;Zemona stan 65,76m2 dvosoban
59;Opština Novi Beograd , Blok 70a , Dr Agostina Neta;165000;2.5;2797;halooglasi;59m+ Ter 18m Blok 70A - Dr Agostina Neta
160;Opština Savski venac , Stadion Partizana , Oblakovska;280000;6.0;1750;halooglasi;Oblakovska  – lux stambeno poslovni – 1% provizija
59;Opština Zvezdara , Mirijevo , Nine Kirsanove;111000;3.0;1881;halooglasi;Mirijevo – novogradnja – 1% provizija
55;Opština Voždovac , Braće Jerković , Braće Jerković;132000;2.0;2400;halooglasi;Braće Jerković, renoviran ID#6970
96;Opština Stari grad , Terazije , Kraljice Natalije;275000;3.5;2865;halooglasi;Odličan stan - Kraljice Natalije ID#3320
76;Opština Zemun , Zemunske kapije , Skopljanska;182400;3.5;2400;halooglasi;Zem kapije – novogradnja – duplex
100;Opština Voždovac , Autokomanda , Vojvode Stepe;270000;3.5;2700;halooglasi;Autokomanda – lux novogradnja – 1% provizija
152;Opština Palilula , Palilulska pijaca , Đušina;494000;3.0;3250;halooglasi;Izuzetan duplex kod Palilulske pijace
47;Opština Zemun , Zemun polje , Akrobate Aleksića;85000;1.0;1809;halooglasi;Zemun polje, lako u 1.5
73;Opština Savski venac , Senjak , Stjepana Filipovića;186250;3.0;2551;halooglasi;Senjak, Stjepana Filipovića, 73m2 ID#54669
48;Opština Savski venac , Beograd na vodi , Bulevar Vudroa Vilsona;211888;2.0;4414;halooglasi;BW Nova, na rate, bez provizije ID#3201
60;Opština Zemun , Ugrinovačka , Banijska;152400;2.5;2540;halooglasi;Zemun, Ugrinovačka, Banijska,60m2, 2.5,novogradnja
51;Opština Vračar , Kalenić pijaca , Koče Kapetana;180000;2.0;3529;halooglasi;Kalenić pijaca, Koče Kapetana, renoviran,51m2, 2.0
141;Opština Savski venac , Beograd na vodi , Scala;594000;3.0;4213;halooglasi;BW Scala, lux, neuseljavan, bašta, ID 21651
67;Opština Savski venac , Dedinje ,;278388;3.0;4180;halooglasi;Lux stan za prodaju, Dedinje 66,60m2 ID1935
51;Opština Savski venac , Dedinje ,;205372;2.0;4070;halooglasi;Lux stan za prodaju, Dedinje 50,46m2 ID1934
56;Opština Savski venac , Dedinje ,;239382;3.0;4290;halooglasi;Lux stan za prodaju, Dedinje 55,8m2 ID1933
84;Opština Stari grad , Centar , Nušićeva;320000;3.0;3810;halooglasi;Centar, komforan salonac, uknjižen, ID 15642
104;Opština Čukarica , Žarkovo , Trgovačka;215000;4.5;2067;halooglasi;Žarkovo - Trgovačka 4.5-soban
69;Opština Čukarica , Železnik , Stevana Sremca;90000;2.5;1304;halooglasi;Železnik stan sa terasom i parking mestom
48;Opština Vračar , Kalenić pijaca , Požarevačka;180000;2.0;3750;halooglasi;Požarevačka Kalenić pijaca Vračar Beograd Srbij...
86;Opština Vračar , Krunska , Njegoševa;284000;3.0;3302;halooglasi;Krunska  Vracar
105;Opština Voždovac , Lekino brdo , Rade Končara;208000;6.0;1981;halooglasi;Širi centar-Vozdovac Lekino Brdo ID#1126
65;Opština Novi Beograd , Hotel Jugoslavija ,;203000;2.0;3123;halooglasi;Hotel Jugoslavija---odmah useljiv---uknjizen
56;Opština Zemun , Meandri , Bačka;123000;2.0;2196;halooglasi;Bačka, Meandri, Zemun ID#2009
33;Opština Novi Beograd , YUBC , Bulevar Mihaila Pupina;169000;1.5;5121;halooglasi;Novi Beograd, Yubc - Bulevar Mihaila Pupina
108;Opština Zvezdara , Crveni krst , Pop Stojanova;180000;3.0;1667;halooglasi;Crveni krst, Pop Stojanova, 108m2+T, 3.0 ID#2376
155;Opština Palilula , Višnjička Banja , Stojana Stoleta Aranđelovića;290000;5.0;1871;halooglasi;Višnjička banja,Stojana Arandjelovića, 5,0,155m2,T
53;Opština Zemun , Galenika , Milice Šuvaković;106000;1.5;2000;halooglasi;Galenika, 1.5, 53(L)
30;Opština Palilula , Borča , Koste Manojlovića;49000;0.5;1633;halooglasi;Borča 2, 0.5, 30(5)
104;Opština Novi Beograd , Hotel Jugoslavija , Bulevar maršala Tolbuhina;218000;3.0;2096;halooglasi;Hotel YU sa pogledom na Dunav, 3.0, 104(30)
68;Opština Zvezdara , Đeram pijaca , Starca Vujadina;250000;3.0;3676;halooglasi;Izuzetna nekretnina ID#128320
106;Opština Savski venac , Centar , Kraljice Natalije;340000;4.0;3208;halooglasi;Centar, lux stan 106 m2 + terasa 10 m2 ID#2876
61;Opština Sopot , Rogača , Prvomajska;125000;3.0;2049;halooglasi;Kosmaj Residence, 61m2, sa parking mestom ID#7698
60;Opština Palilula , Tašmajdan , Stanoja Glavaša;155000;3.0;2583;halooglasi;Tašmajdan, odličan 3s, mereno 71.5m2 ID#7435
50;Opština Voždovac , Farmaceutski fakultet , Beranska;100000;2.0;2000;halooglasi;Farmaceutski fakultet, Beranska, novija gradnja
41;Opština Novi Beograd , Ledine ,;92000;1.5;2244;halooglasi;Oplenačka, Ledine, Novi Beograd ID#2211
164;Opština Vračar , Centar , Bulevar Kralja Aleksandra;687500;6.0;4206;halooglasi;Bulevar kralja Aleksandra, Centar, Vračar ID#2212
145;Opština Savski venac , Beograd na vodi ,;935000;4.0;6479;halooglasi;Beograd na vodi, zgrada Perla, 144m2
40;Opština Surčin , Jakovo , Branislava Jovanovića;58500;1.5;1492;halooglasi;Jakovo, 1.5-soban, 39 m2, novogradnja
50;Opština Surčin , Jakovo , Branislava Jovanovića;79900;2.0;1598;halooglasi;Jakovo, 2.0-soban, 50+Tm2, novogradnja
62;Opština Surčin , Jakovo , Branislava Jovanovića;93000;3.0;1512;halooglasi;Jakovo, 3.0-soban, 62m2, novogradnja
49;Opština Palilula , Kotež , Veletinska;77600;3.0;1600;halooglasi;TOP spratnost, Kotež - Veletinska, 48m2
92;Opština Palilula , Profesorska kolonija ,;270000;3.0;2935;halooglasi;Ispod Taša, kod Profesorske kolonije -Hadžipopovac
75;Opština Novi Beograd , Blok 22 , Milentija Popovića;234000;3.0;3120;halooglasi;Blok 22 Sava centar, 75m2+T, 2/VII, uknjižen
34;Opština Voždovac , Lekino brdo , Maksima Gorkog;120000;1.5;3529;halooglasi;Jednoiposoban stan kod Druge ekonomske škole, 34m2
92;Opština Voždovac , Autokomanda , Bože Jankovića;265000;3.0;2880;halooglasi;Voždovac, Bože Jankovića, 92m2, novogradnja
86;Opština Novi Beograd , Stari Merkator , Luja Adamiča;225000;3.0;2616;halooglasi;Stari Merkator, Luja Adamiča, izuzetan trosoban st
51;Opština Zemun , Batajnica , Milice Rakić;85000;2.5;1667;halooglasi;Batajnica, Milice Rakić, sređen
66;Opština Palilula , Karaburma , Vojvode Micka Krstića;115000;3.5;1742;halooglasi;Karaburma, Vojvode Micka Krstića, 3.5, 66m2, uknji
85;Opština Zvezdara , Slavujev venac , Stjepana Ljubiše;263500;3.0;3100;halooglasi;Stjepana Ljubiše-zgrada iz 2014
59;Opština Novi Beograd , Paviljoni , Bulevar Mihaila Pupina;177000;2.5;3000;halooglasi;Bulevar Mihaila Pupina, 2,5 stan 59m2 sa lođom
112;Opština Savski venac , Klinički centar , Durmitorska;500000;4.0;4464;halooglasi;Novogradnja, duplex, kompletno opremljen ID#5474
105;Opština Vračar , Čubura ,;350000;3.0;3333;halooglasi;Odličan trosoban komforan stan kod Čuburskog parka
157;Opština Zvezdara , Đeram pijaca ,;385000;4.0;2452;halooglasi;Lux duplex u Đevđelijskoj
134;Opština Čukarica , Cerak , Sandžačka;195000;6.0;1455;halooglasi;Cerak, Sandžačka, 134m2+2T, 5.0 ID#2375
45;Opština Čukarica , Čukarička padina , Stevana Đurđevića Trošarinca;130000;2.0;2889;halooglasi;Čukarička padina, 45m2+T, 2.0, lux, prazan, uselji
157;Opština Zemun , Gornji grad;399999;4.5;2548;halooglasi;Zemun - Gornji grad, vrhunska novogradnja
123;Opština Stari grad , Knez Mihailova ,;549900;6.0;4471;halooglasi;Stari Grad (Beograd), Knez Mihajlova, Stan, 5, 123
73;Opština Palilula , Mašinski fakultet , Svetozara Ćorovića;219000;3.0;3000;halooglasi;Stan Svetozara Ćorovića, kod Mašinskog fakulteta
67;Opština Voždovac , FON - Bilećka , Jove Ilića;220000;3.0;3284;halooglasi;Voždovac - Jove Ilića, garažno mesto ID#4438
271;Opština Vračar , Neimar , Hadži-Melentijeva;825000;5.0;3044;halooglasi;Hadži-Melentijeva 271m2 Penthouse
89;Opština Novi Beograd , Blok 19a , Vladimira Popovića;250000;4.5;2809;halooglasi;Odličan 4.5 stan, Vladimira Popovića, 89m2 ID#1219
44;Opština Zvezdara , Cvetanova ćuprija , Cvetanova ćuprija;81000;2.0;1841;halooglasi;Medak padina - Cvetanova ćuprija 44kvm
68;Opština Barajevo , Barajevo (mesto) , 20 oktobra;56000;3.5;824;halooglasi;Barajevo, naselje Gaj, stan 68m2
49;Opština Zvezdara , Lion , Čede Mijatovića;140000;2.0;2857;halooglasi;Lion, 2,0, 49m2, III, CG, uknjižen
39;Opština Stari grad , Skupština , Palmotićeva;170000;1.0;4359;halooglasi;Prelep stan u  Palmotićevoj ulici, Stari grad
67;Opština Zvezdara , Cvetkova pijaca , Ljube Davidovića;102000;2.0;1522;halooglasi;Ljube Davidovića, Cvetkova pijaca, Zvezdara ID#119
28;Opština Voždovac , Autokomanda , Ustanička;94000;1.0;3357;halooglasi;Odlična garsonjera, Autokomanda, 28m2
79;Opština Stari grad , Dorćol , Vojvode Dobrnjca;329000;3.0;4165;halooglasi;Prodajemo izuzetan trosoban stan na Dorćolu, 79m2
56;Opština Palilula , Borča , Ratnih vojnih invalida;89600;2.0;1600;halooglasi;Borča, dvosoban stan 56m2
44;Opština Rakovica , Miljakovac , Miljakovačke staze;75000;1.5;1705;halooglasi;Na prodaju jednoiposoban stan od 44m2 u prelepom
125;Opština Voždovac , TC Stadion , Dimitrija Marinkovića;250000;3.0;2000;halooglasi;Voždovac - TC Stadion-3.0-Uknjižen ID#2241
92;Opština Zemun , Batajnica , Kralja Radoslava;130000;4.0;1413;halooglasi;Kralja Radoslava, Batajnica, Zemun ID#2008
85;Opština Savski venac , Beograd na vodi , Bulevar Vudroa Vilsona;428000;3.0;5035;halooglasi;Beograd na vodi - Bulevar Vudroa Vilsona, 85m2
57;Opština Rakovica , Miljakovac , Dimitrija Koturovića;104900;2.5;1840;halooglasi;Rakovica, Miljakovac, 57+ lođa, V,cg, uknjižen
96;Opština Novi Beograd , Blok 70 (kineski tržni centar) , Jurija Gagarina;240000;3.5;2500;halooglasi;Stan za prodaju, Blok 70, 96m2, uknjižen
60;Opština Čukarica , Banovo brdo , Karpoševa;171000;3.0;2850;halooglasi;Banovo brdo, Karpoševa, novogradnja 3,0,  60m2
86;Opština Novi Beograd , Blok 4 (Politehnička akademija) , Bulevar Zorana Đinđića;217000;3.0;2523;halooglasi;Studentski grad 86m2, prodaja stana
62;Opština Novi Beograd , Tošin bunar , Tošin bunar;193788;3.0;3150;halooglasi;Novogradnja New Minel bez provizije za kupce
86;Opština Novi Beograd , Blok 63 , Nehruova;188000;3.0;2186;halooglasi;Blok 63, 3.0 sa garažom 86+14m2
42;Opština Rakovica , Miljakovac , Velizara Stankovića;82900;1.0;1974;halooglasi;Miljakovac 42m2, II/V, lift, kod škole Ivo Andrić
102;Opština Stari grad , Gundulićev venac , Gundulićev venac;250000;3.0;2451;halooglasi;Prodaja stana Gundulićev venac
58;Opština Vračar , Cvetni trg , Kralja Milutina;280000;2.0;4828;halooglasi;2.0 Cvetni trg 58 m2, I/VI, cg, lift ID#1617
61;Opština Čukarica , Čukarička padina , Obalskih radnika;135000;2.5;2213;halooglasi;Čukarička padina 61m2(59+t) dvoiposoban
47;Opština Vračar , Crveni krst , Metohijska;150000;1.0;3191;halooglasi;Crveni krst, Metohijska, 47m2, 5/6
217;Opština Vračar , Neimar ,;918380;4.0;4232;halooglasi;Lux penthaus u srcu Neimara
107;Opština Vračar , Neimar ,;507130;3.0;4740;halooglasi;Lux novogradnja u srcu Neimara
148;Opština Vračar , Neimar ,;695100;4.0;4697;halooglasi;Lux novogradnja u srcu Neimara
54;Opština Čukarica , Sremčica , Dvoržakova;70000;2.5;1296;halooglasi;Sremčica, Dvoržakova, 54m2 ID#7697
30;Opština Zvezdara , Mirijevo , Dolačka;60000;1.0;2000;halooglasi;Zvezdara, Mirijevo, Dolačka, 30m2
68;Opština Palilula , Hadžipopovac , Zdravka Čelara;215000;3.0;3162;halooglasi;Zdravka Čelara, Hadžipopovac- Profesorska kolonija
71;Opština Zemun , Kalvarija , Mozerova;115000;3.0;1620;halooglasi;Mozerova, Kalvarija, Zemun ID#1387
41;Opština Zemun , Kalvarija , Lazara Savatića;100000;1.5;2439;halooglasi;Lazara Savatića, Kalvarija, Zemun ID#1378
56;Opština Zemun , Zemun polje , Burgerovih;91000;3.0;1625;halooglasi;Burgerovih, Zemun Polje, Zemun ID#1084
89;Opština Novi Beograd , Blok 45 (TC Enjub) , Jurija Gagarina;198900;3.0;2235;halooglasi;Blok 45, Jurija Gagarina, 3.0-adaptibilan ID#1010
85;Opština Palilula , Borča , 7. jula;108000;3.0;1271;halooglasi;Nov stan, odlična lokacija.
47;Opština Palilula , Višnjica , Višnjička;78000;2.5;1660;halooglasi;Višnjica
70;Opština Novi Beograd , Blok 23 , Bulevar Arsenija Čarnojevića;189000;3.0;2700;halooglasi;Blok 23, Bul. Arsenija Čarnojevića, 70m2, 3.0 ID#2
139;Opština Novi Beograd , Arena , Španskih boraca;340000;6.0;2451;halooglasi;Arena, 6,0 138,7m2, duplex, lift, podrum
200;Opština Savski venac , Dedinje ,;495000;4.0;2475;halooglasi;ID#24991, Prodaja, Stan, Dedinje, 200 m2
130;Opština Stari grad , Centar ,;546000;4.0;4200;halooglasi;ID#35889, Prodaja, Stan, Centar, 130 m2
159;Opština Voždovac , Voždovačka crkva ,;369900;4.0;2326;halooglasi;ID#44729, Prodaja, Stan, Voždovac, 159  m2
125;Opština Voždovac , Lekino brdo ,;370000;4.0;2960;halooglasi;Četvorosoban stan na Lekinom, retko u ponudi
44;Opština Novi Beograd , Blok 30 (B92) , Bulevar Mihajla Pupina;125000;2.0;2841;halooglasi;Blok 30 ID#4150
32;Opština Novi Beograd , Stari Merkator , Otona Župančiča;109000;1.5;3406;halooglasi;Stari Merkator, Otona Župančića, 32m2, 1.5 ID#2493
84;Opština Rakovica , Resnik , Jelezovačka;70000;3.0;833;halooglasi;RESNIK,Jelezovacka
55;Opština Savski venac , Dedinje , Teodora Drajzera;235000;2.0;4273;halooglasi;Dedinje
41;Opština Zvezdara , Mirijevo , Koste Nađa;99000;1.0;2415;halooglasi;Mirijevo, Koste Nađa, 41m2, 1/4
33;Opština Vračar , Kalenić pijaca , Hadži Prodanova;135000;1.0;4091;halooglasi;Vračar, salonac kod XIV gimnazije, 33m2, II/IV
24;Opština Zvezdara , Kluz ,;85000;0.5;3542;halooglasi;Garsonjera 24kvm+13kvm, Kluz, Zvezdara ID#1718
176;Opština Novi Beograd , Blok 21 , Bulevar Zorana Đinđića;625000;5.0;3551;halooglasi;Najlepši stan u Imelovoj zgradi sa dve garaže!
54;Opština Novi Beograd , Ledine ,;110700;3.0;2050;halooglasi;54m2 – Ledine – Crkva sv. Apos. Mateja
64;Opština Vračar , Južni bulevar , Južni bulevar;180000;2.0;2812;halooglasi;Vračar - Južni bulevar
56;Opština Palilula , Padinska skela , Srpskog Husarskog puka;54000;2.0;964;halooglasi;Palilula-Padinska Skela
37;Opština Zvezdara , Cvetanova ćuprija , Predraga Tomića;74000;1.5;2000;halooglasi;Zvezdara, Cvetanova ćuprija - Predraga Tomića
100;Opština Savski venac , Ekonomski fakultet , Karađorđeva;280000;5.0;2800;halooglasi;Savski venac, Ekonomski fakultet - Karađorđeva
87;Opština Zvezdara , Cvetanova ćuprija , Predraga Tomića;156000;3.0;1793;halooglasi;Zvezdara, Cvetanova ćuprija - Predraga Tomića
72;Opština Zvezdara , Đeram pijaca , Preševska;216000;3.5;3000;halooglasi;Zvezdara, Đeram pijaca - Preševska
82;Opština Novi Beograd , Stari Merkator , Otona Župančiča;230000;3.0;2805;halooglasi;Novi Beograd, Stari merkator - Otona Župančiča
39;Opština Voždovac , Lekino brdo , Garibaldijeva;147000;1.0;3769;halooglasi;Voždovac, Lekino brdo - Garibaldijeva
57;Opština Zemun , Gornji grad , Sremskih boraca;98000;2.0;1719;halooglasi;Dvosoban stan u novogradnji iz 2005
52;Opština Zemun , Zemun polje , Franje Krča;120000;3.0;2308;halooglasi;Zemun polje, trosoban uknjižen stan
49;Opština Palilula , Ruzveltova , Nikodima Milaša;147000;1.0;3000;halooglasi;Retko u ponudi,Nikodima Milaša,49m2,uknjiženo
68;Opština Čukarica , Cerak , Kosmajska;135000;3.0;1985;halooglasi;Cerak, Kosmajska, komforan trosoban stan
77;Opština Voždovac , Braće Jerković , Dragice Končar;165000;3.0;2143;halooglasi;Dragice Končar, trosoban renoviran
102;Opština Zemun , Retenzija , Bulevar Mihajla Pupina;270000;4.5;2647;halooglasi;Retenzija, 4.5, 102m2, lođa, uknjiženo
34;Opština Voždovac , Lekino brdo , Miklošićeva;99000;1.5;2912;halooglasi;Lekino brdo, Miklošićeva, 34m2
59;Opština Novi Beograd , Blok 65 , Omladinskih brigada;380000;2.0;6441;halooglasi;Tower, moderno opremljen, nameštaj u ceni, uknjiže
75;Opština Novi Beograd , Blok 63 , Nehruova;165000;2.5;2200;halooglasi;Blok 63  - 75m2  - 4 sobe
86;Opština Rakovica , Vidikovac , Susedgradska;139000;4.0;1616;halooglasi;Vidikovac, 86m2, cetvorosoban
102;Opština Novi Beograd , Ledine , Danice Kojić;159000;3.0;1569;halooglasi;Ledine, novogradnja  - Hollywood
76;Opština Novi Beograd , Blok 23 , Bulevar Milutina Milankovića;220000;3.0;2895;halooglasi;Top lokacija 3,0 sa garazom, Milutina M.
67;Opština Palilula , Višnjička Banja , Dušana Miloševića;110000;2.5;1642;halooglasi;Prodaja dvoiposobnog stana
65;Opština Novi Beograd , Blok 33 , Omladinskih brigada;169900;2.5;2614;halooglasi;Omladinskih brigada, Blok 33, Novi Beograd ID#2007
99;Opština Voždovac , Autokomanda , Vojvode Stepe;270000;4.0;2727;halooglasi;Prodajemo stan u Vojvode Stepe,99m2, Autokomanda
51;Opština Savski venac , Zeleni venac , Pop Lukina;164900;2.0;3233;halooglasi;Salonac za dnevno izdavanje 51kvm+T
48;Opština Vračar , Crveni krst , Kneza od Semberije;179000;2.0;3729;halooglasi;Vračar, Požarevačka, 48 m2
117;Opština Zvezdara , Mirijevo , Mihaila Bulgakova;204750;3.5;1750;halooglasi;Mirijevo, Mihaila Bulgakova, 117 m2
84;Opština Vračar , Kalenić pijaca , Golsvordijeva;210000;4.0;2500;halooglasi;Vracar, Golsvordijeva
58;Opština Voždovac , Vojvode Vlahovića , Nikole Beševića;59900;2.0;1033;halooglasi;Mitrovo brdo-kod Super Vera, 58m2+16m2 terasa, psu
48;Opština Rakovica , Petlovo brdo , Nićifora Ninkovića;73000;1.5;1521;halooglasi;Petlovo brdo - Nićifora Ninkovića ID#1546
129;Opština Stari grad , Dorćol , Cara Uroša;591000;4.0;4581;halooglasi;Dorćol, Cara Uroša, 129m2, novogradnja, jun 2024
47;Opština Voždovac , Dušanovac , Vojvode Đurovića;152900;2.0;3253;halooglasi;Novogradnja Voždovac 47m2 + terasa 30m2 ukjižen ID
26;Opština Zvezdara , Vukov Spomenik , Zahumska;81000;1.0;3115;halooglasi;Beograd, Vukov Spomenik, Stan, 1.0, 26m2
26;Opština Voždovac , Medaković 2 , Rastka Petrovića;63000;0.5;2423;halooglasi;Beograd, Medaković 2, Stan, 0.5, 26m2
39;Opština Novi Beograd , Blok 65 ,;176000;1.0;4629;halooglasi;Studio u West kuli
82;Opština Zvezdara , Učiteljsko naselje , Dr Velizara Kosanovića;153000;3.0;1873;halooglasi;Odličan stan u mirnom kraju
108;Opština Zvezdara , Crveni krst , Pop Stojanova;180000;3.0;1667;halooglasi;3.0 Zvezdara - Pop Stojanova 108m2+T
42;Opština Stari grad , Politika , Kondina;140000;1.5;3333;halooglasi;Stari grad, Politika, Kondina, 1.5, 42 m2
103;Opština Novi Beograd , Bežanijska kosa 2 , Peđe Milosavljevića;179000;4.0;1738;halooglasi;Bezanijska kosa II, Pedje Milosavljevica
61;Opština Čukarica , Banovo brdo , Zrmanjska;170000;2.5;2787;halooglasi;Banovo brdo, Zrmanjska
78;Opština Zvezdara , Cvetkova pijaca , Čardaklijina;179000;3.0;2295;halooglasi;Cvetkova pijaca, Cardaklijina
83;Opština Savski venac , Beograd na vodi , Bulevar Vudroa Vilsona;375000;3.0;4518;halooglasi;Beograd na vodi, Parkview, Bulevar Vudroa Vilsona
46;Opština Obrenovac , Rvati , Branislava Nušića;75000;2.0;1663;halooglasi;Obrenovac, Rvati, Branislava Nusica, 2.0, 45.10 m2
89;Opština Palilula , Centar , Bulevar despota Stefana;249000;4.0;2798;halooglasi;Centar, Bulevar despota Stefana
70;Opština Novi Beograd , Blok 23 , Bulevar Arsenija Čarnojevića;230000;3.0;3286;halooglasi;Blok 23, Bulevar Arsenija Carnojevica, 3.0, 70 m2
74;Opština Palilula , Tašmajdan , 27. marta;234000;3.0;3162;halooglasi;Tasmajdan, 27. marta, 3.0, 74 m2
52;Opština Zvezdara , Konjarnik , Ustanička;120000;2.0;2308;halooglasi;Konjarnik, Ustanicka, 2.0, 52 m2
58;Opština Palilula , Kotež , Boška Buhe;80000;2.0;1379;halooglasi;Kotez, Boska Buhe
95;Opština Zvezdara , Mirijevo , Matice Srpske;190000;6.0;2000;halooglasi;Mirijevo,  Matice srpske, mereno 137m2 ID#3600
59;Opština Palilula , Karaburma , Marijane Gregoran;112000;3.0;1898;halooglasi;Karaburma, funkcionalan trosoban stan, uknjižen
63;Opština Zvezdara , Cvetkova pijaca , Ljube Davidovića;105450;2.0;1674;halooglasi;Ljube Davidovića, Cvetkova pijaca, Zvezdara ID#119
57;Opština Savski venac , Senjak , Bulevar Vojvode Mišića;125000;2.5;2193;halooglasi;Senjak, 57m2, VIII, ta
63;Opština Novi Beograd , Hotel Jugoslavija , Klare Cetkin;183000;2.0;2905;halooglasi;Hotel YU, 63m2, pr, cg
62;Opština Čukarica , Cerak ,;132500;2.0;2137;halooglasi;Cerak Petefijeva Odličan ID#372023
61;Opština Novi Beograd , Paviljoni , General Ždanova;188900;3.5;3097;halooglasi;Stari Merkator ID#6324
54;Opština Čukarica , Sremčica , Dvoržakova;70000;2.5;1296;halooglasi;Dvoržakova, Sremčica, Čukarica ID#2210
74;Opština Stari grad , Skadarlija , Bulevar despota Stefana;196000;3.0;2649;halooglasi;Centar u blizini Skadarlije
109;Opština Stari grad , Trg Republike , Bulevar Despota Stefana;650000;4.0;5963;halooglasi;Na odličnoj lokaciji, LUX četvorosoban stan, 109 m
74;Opština Voždovac , Šumice , Mažuranićeva;210000;3.0;2838;halooglasi;Šumice, Mažuranićeva, mereno 78m2 ID#6966
57;Opština Zvezdara , Cvetkova pijaca , Vojvode Dovezenskog;159000;2.5;2789;halooglasi;Neverovatna ponuda, Mali Vračar ID#128578
46;Opština Zvezdara , Cvetkova pijaca , Vojvode Dovezenskog;135000;2.0;2935;halooglasi;Neverovatna ponuda, Mali Vračar ID#128400
58;Opština Zemun , Zemun polje , Burgerovih;87000;2.0;1500;halooglasi;Zemun - Zemun polje - 2.0 ID#19961
73;Opština Novi Beograd , Novi Merkator , Omladinskih brigada;300000;4.0;4110;halooglasi;Novi Merkator, odličan duplex
77;Opština Palilula , Borča , Julije Delere;143360;3.0;1862;halooglasi;Borča, Julije Delere, renoviran, uknj. ID#6168
183;Opština Stari grad , Centar , Dobrinjska;360000;6.0;1967;halooglasi;Andrićev venac, 183m2, IV, eg
45;Opština Novi Beograd , Blok 62 , Jurija Gagarina;110000;1.5;2444;halooglasi;Jurija Gagarina, Blok 62, jednoiposoban stan ID#43
73;Opština Novi Beograd , Blok 70 (kineski tržni centar) , Gandijeva;215000;2.5;2945;halooglasi;Blok 70, 73m2, pr, cg
74;Opština Zvezdara , Crveni krst , Vojvode Šupljikca;297000;3.0;4014;halooglasi;Crveni krst, salonac 82m2 ID#6841
41;Opština Novi Beograd , Blok 62 , Jurija Gagarina;112500;1.5;2744;halooglasi;Novi Beograd, Jurija Gagarina, Blok 62, 41m2 ID#53
75;Opština Čukarica , Golf , Kneza Višeslava;189900;3.0;2532;halooglasi;Kneza Višeslava | kod Šumarskog | 75m2
51;Opština Novi Beograd , Blok 63 , Gandijeva;123500;2.0;2422;halooglasi;Mirno okruženje u bloku 63 ID#5964
69;Opština Palilula , Profesorska kolonija , Ljubomira Stojanovića;189900;3.5;2752;halooglasi;Profesorska kolonija, 69m2, vp, cg
83;Opština Novi Beograd , Blok 65 , Bulevar heroja sa Košara;295000;3.0;3554;halooglasi;Blok 65 Bulevar heroja sa Košara 83m2
57;Opština Novi Beograd , Blok 19a , Milentija Popovića;180000;2.5;3158;halooglasi;Blok 19a, Milentija Popovića ID#1581
42;Opština Zemun , Zemunske kapije , Šumadijska;139500;1.5;3321;halooglasi;Luksuzan  stan , Zemunske kapije ID#7428
86;Opština Zvezdara , Olimp , Bulevar Kralja Aleksandra;219900;3.5;2557;halooglasi;Savršen stan Bulevar Kralja Aleksandra ID#5724
40;Opština Zemun , Zemun polje ,;65900;1.5;1648;halooglasi;Zemun Polje ID#6124
55;Opština Čukarica , Bele vode , Bogdana Velaševića;110000;2.5;2000;halooglasi;Bogdana Velaševića, Bele vode, Čukarica ID#2208
37;Opština Voždovac , Trošarina , Pazinska;107500;1.5;2905;halooglasi;Trošarina, Pazinska, 37m2, 1.5 ID#2447
160;Opština Zvezdara , Zvezdarska šuma , Bore Prodanovića;340000;5.0;2125;halooglasi;Zvezdarska suma, Bore Prodanovica, 5.0, 160 m2
87;Opština Zemun , Meandri , Rade Končara;226200;4.0;2600;halooglasi;Rade Končara, Meandri, Zemun ID#1859
110;Opština Savski venac , Beograđanka , Kraljice Natalije;340000;4.0;3091;halooglasi;Terazije, 110m2, IV, eg
88;Opština Voždovac , Kumodraž , Bulevar Peka Dapčevića;140000;3.0;1591;halooglasi;Farmaceutski fakultet, 88m2, IV, cg,
29;Opština Stari grad , Dorćol , Skender Begova;103240;1.0;3560;halooglasi;Dorćol, odlična lokacija, 29m2 ID#7689
53;Opština Zvezdara , Kluz , Matice srpske;125000;2.5;2358;halooglasi;Namešten stan, top lokacija,Zvezdara/Kluz parking
141;Opština Savski venac , Beograd na vodi , Bulevar Vudroa Vilsona;602888;3.0;4276;halooglasi;BW Queen's Park, penthaus ID#2344
87;Opština Savski venac , Beograd na vodi , Bulevar Vudroa Vilsona;793888;3.0;9125;halooglasi;Kula, pogled na ceo grad, specijalna ponuda ID#234
69;Opština Čukarica , Banovo brdo , Karpoševa;195111;2.5;2850;halooglasi;Banovo Brdo, Karpoševa lux – 68.46m2- Novogradnja.
65;Opština Čukarica , Bele vode , Leposave Mihailović;135000;2.5;2077;halooglasi;Bele vode
53;Opština Voždovac , Trošarina , Stražilovska;175000;2.0;3302;halooglasi;Lux stan na top lokaciji ID#127241
128;Opština Stari grad , Dorćol , Cara Uroša;489181;4.0;3850;halooglasi;Dorćol, Cara uroša, 127m2 ID#68751
55;Opština Voždovac , Braće Jerković , Braće Jerković;135000;2.0;2455;halooglasi;Lux stan, odmah useljiv ID#127474
59;Opština Rakovica , Petlovo brdo , Mrakovička;100000;2.0;1695;halooglasi;Petlovo brdo, Mrakovička, useljiv stan
56;Opština Zemun , Altina , Stojana Pačova;110560;2.0;2000;halooglasi;Stojana Pačova, Altina, Zemun ID#1628
60;Opština Zemun , Altina , Stojana Pačova;119640;2.0;1998;halooglasi;Stojana Pačova, Altina, Zemun ID#1626
57;Opština Čukarica , Bele vode , Milana Šarca;110000;2.0;1930;halooglasi;Odličan 2.0 stan 57 m2 + terasa 15m2 ID#1303
26;Opština Čukarica , Bele vode , Milana Šarca;42000;2.0;1615;halooglasi;Bele Vode 1.5 stan ID#1304
30;Opština Zvezdara , Mirijevo , Milićeva;69000;1.5;2300;halooglasi;Mirijevo namešten uknjižen 1.5 stan ID#1310
46;Opština Rakovica , Miljakovac , Borska;96900;2.5;2107;halooglasi;Miljakovac Borska 2,5 odlican
89;Opština Zemun , Batajnica , Sevastokratora Vlatka;180000;3.5;2022;halooglasi;Batajnica, 89m2, 3.5 ID#2064
94;Opština Zemun , Batajnica , Kralja Radoslava;130000;3.5;1383;halooglasi;Batajnica, Kralja Radoslava, 94m2, 3.5 ID#2211
68;Opština Zemun , Batajnica , Ratarska;135000;2.5;1985;halooglasi;Batajnica, 68m2, 2.5. Duplex u nizu ID#2299
66;Opština Palilula , Zira , Cvijićeva;199000;3.0;3015;halooglasi;TC Zira, Cvijićeva, 3.0, 66m2 ID#2374
72;Opština Zemun , Batajnica , Dimitrija Lazarova Raše;122400;2.5;1700;halooglasi;Batajnica, 72m2, pr, eg
25;Opština Palilula , Kotež , Велетинска 13Б;45000;1.0;1800;halooglasi;Гарсоњера Котеж
76;Opština Rakovica , Petlovo brdo , Nićifora Ninkovića;133000;3.0;1750;halooglasi;Petlovo brdo, 76kvm + 36kvm + dvorište
51;Opština Palilula , Višnjička Banja , Višnjički venac;99000;1.5;1941;halooglasi;Višnjička Banja, crvene fas.cigle, T, topla voda..
53;Opština Voždovac , Bulevar oslobođenja , Milice Milojković;175000;2.0;3302;halooglasi;Milice Milojković Bulevar oslobođenja Voždovac ...
27;Opština Stari grad , Skadarlija , Skadarska;110000;1.0;4074;halooglasi;Skadarlija, bez ulaganja
225;Opština Savski venac , Dedinje , Kronštatska;650000;4.0;2889;halooglasi;Dedinje, lux, dupleks
20;Opština Rakovica , Miljakovac , Stevana Opačića;44000;0.5;2200;halooglasi;Uknjižena garsonjera
76;Opština Rakovica , Petlovo brdo , Hablova;114000;2.5;1500;halooglasi;Petlovo brdo, Hablova
54;Opština Čukarica , Železnik , Radnih akcija;98000;2.5;1815;halooglasi;Čukarica-Železnik-2.5 Radnih akcija
53;Opština Zemun , Gornji grad , Šilerova;127500;2.0;2406;halooglasi;Šilerova, Gornji grad, Zemun
64;Opština Zemun , Zemun polje , Franje Krča;98000;2.5;1531;halooglasi;Zemun polje, Franje Krča 64m2, Kompletno namešten
48;Opština Zvezdara , Olimp , Milana Rakića;120000;2.0;2500;halooglasi;Stan u mirnom delu Zvezdare u blizini Olimpa ID#12
44;Opština Palilula , Karaburma , Salvadora Aljendea;110000;1.5;2500;halooglasi;Karaburma-T.C.Merkur, 44m2, III, ta
78;Opština Vračar , Hram svetog Save , Šumatovačka;240000;3.0;3077;halooglasi;Kod Hrama, 78m2, II, cg
140;Opština Čukarica , Sunčana padina , Mladenovačka;350000;6.0;2500;halooglasi;Sunčana padina - uknjižen ID#6959
114;Opština Voždovac , Lekino brdo , Trebinjska;256000;3.0;2246;halooglasi;Lekino brdo, 114m2, premijum ponuda ID#1633
171;Opština Vračar , Slavija , Nemanjina;600000;6.0;3509;halooglasi;Autentičan salonac, Slavija
198;Opština Vračar , Bulevar kralja Aleksandra , Kralja Milana;459000;4.0;2318;halooglasi;Autentičan salonac
115;Opština Savski venac , Dedinje , Borivoja Drobnjakovića;319000;4.0;2774;halooglasi;Dedinje, Kronštatska, parking
90;Opština Novi Beograd , Blok 23 , Milutina Milankovića;224000;3.5;2489;halooglasi;Blok 23 Milutina Milankovića
85;Opština Savski venac , Klinički centar , Kneza Miloša;189000;4.0;2224;halooglasi;Stan u centru Beograda ID#1045
42;Opština Barajevo , Gaj , Cara Lazara;39500;1.0;940;halooglasi;Ušuškan stan u naselju Gaj ID#1064
29;Opština Čukarica , Bele vode , Kraljevačkih Žrtava;58500;0.5;2017;halooglasi;Garsonjera na Belim vodama ID#1075
68;Opština Palilula , Kotež , Augusta Šenoe;98000;3.0;1441;halooglasi;Stan CENTAR Koteza 68m2 3.0
58;Opština Voždovac , Jajinci , Draginje Radovanović;155000;2.0;2672;halooglasi;Jajinci - Draginje Radovanović sa garažom
68;Opština Vračar , Kalenić pijaca , Cara Nikolaja II;249000;2.0;3662;halooglasi;2.0 Cara Nikolaja II, kod Platoa ID#1838
84;Opština Vračar , Južni bulevar , Južni Bulevar;260000;3.0;3095;halooglasi;3.0 jVračar, Južni bulevar , mogućnost kupovine ga
33;Opština Novi Beograd , YUBC , Bulevar Mihajla Pupina;169000;1.5;5121;halooglasi;YUBC - 33kvm i 13kvm garažno mesto
31;Opština Savski venac , Senjak , Vojislava Vučkovića;79900;1.0;2577;halooglasi;Retko u ponudi funkcionalan 1.0 stan na Senjaku
164;Opština Stari grad , Kosančićev venac , Pop Lukina;738000;6.0;4500;halooglasi;Kosančićev venac, jedinstvena prilika ID#94497
40;Opština Stari grad , Centar , Bulevar Despota Stefana;90000;2.0;2250;halooglasi;Botanička bašta ID#127190
98;Opština Čukarica , Cerak , Šavnička;117500;3.5;1199;halooglasi;Dvoetažni stan na Ceraku ID#126668
48;Opština Vračar , Centar , Požarevačka;179000;2.0;3729;halooglasi;Odličan stan na top lokaciji ID#126863
73;Opština Voždovac , TC Stadion , Ignjata Joba;222000;3.0;3041;halooglasi;Stan na top lokaciji ID#128293
51;Opština Zemun , Zemun Bačka;122000;2.5;2392;halooglasi;Zemun, Bačka, dvoiposoban 51m2, novogradnja
68;Opština Zemun , Batajnica , Milice Rakić;115000;2.5;1691;halooglasi;Batajnica, Milice Rakić
67;Opština Novi Beograd , Dr Ivana Ribara , Dr Ivana Ribara;150000;2.5;2239;halooglasi;Dr Ivana Ribara, Blok 71, Savski deo
59;Opština Voždovac , Šumice , Ljermontova;155000;2.5;2627;halooglasi;Šumice, Ljermontova
123;Opština Stari grad , Skupština , Generala Lešjanina;295000;4.5;2398;halooglasi;Skupština, Generala Lešjanina
41;Opština Zvezdara , Mirijevo , Koste Nađa;99000;1.5;2415;halooglasi;Zvezdara, jednoiposoban lux stan, mereno 41m2 ID#7
105;Opština Novi Beograd , Blok 37 , Bulevar Arsenija Čarnojevića;295000;4.0;2810;halooglasi;Blok 37, Bulevar AČ, 4.0, 105m2, pr, uknjižen ID#1
85;Opština Zemun , Zemun polje , Šandora Majora;150000;3.0;1765;halooglasi;Zemun Polje, Šandora Majora, 85m2, 3.0 ID#2491
44;Opština Palilula , Karaburma , Salvadora Aljendea;110000;2.0;2500;halooglasi;Beograd, Karaburma, Stan, 2.0, 44m2
60;Opština Čukarica , Čukarička padina ,;160000;2.5;2667;halooglasi;Čukarička padina, Ada, 60m2, 2.5 - odličan
24;Opština Palilula , Bulevar despota Stefana , Bulevar despota Stefana;95000;0.5;3958;halooglasi;Bulevar Despota Stefana, odlična garsonjera
63;Opština Novi Beograd , Blok 61 , Jurija Gagarina;162000;2.5;2571;halooglasi;Jurija Gagarina Blok 61 Novi Beograd Beograd Sr...
54;Opština Zemun , Altina , Stojana Pačova;107100;2.0;2000;halooglasi;Stojana Pačova, Altina, Zemun ID#1624
46;Opština Zemun , Altina , Stojana Pačova;90460;2.0;2000;halooglasi;Stojana Pačova, Altina, Zemun ID#1623
54;Opština Zemun , Altina , Stojana Pačova;107640;2.0;2000;halooglasi;Stojana Pačova, Altina, Zemun ID#1622
75;Opština Voždovac , FON - Bilećka , Vojvode Stepe;186000;3.0;2480;halooglasi;Vojvode Stepe, Vojvode Stepe, Voždovac
50;Opština Zemun , Zemun polje , Marka Milanovića;99000;2.0;1980;halooglasi;Marka Milanovića, Zemun polje, Zemun
55;Opština Čukarica , Banovo brdo , Lješka;128500;2.0;2336;halooglasi;Lješka, Banovo brdo, Čukarica
90;Opština Rakovica , Kanarevo brdo , Marička;180000;5.0;2000;halooglasi;Marička,Centar, Rakovica
77;Opština Voždovac , Medaković 3 , Braće Srnić;180000;2.5;2338;halooglasi;Braće Srnić, Medaković 3, Zvezdara
52;Opština Zvezdara , Gradska bolnica , Čingrijina;147000;2.0;2827;halooglasi;Čingrijina, Gradska bolnica, Zvezdara
85;Opština Palilula , Ada Huja , Vojvode Micka Krstića;240000;3.5;2824;halooglasi;Vojvode Micka Krstića, Ada Huja, Palilula
83;Opština Zemun , Novi grad , Hercegovačka;137000;3.0;1651;halooglasi;Hercegovačka, Novi grad, Zemun
43;Opština Novi Beograd , Blok 70 (kineski tržni centar) , Jurija Gagarina;130000;2.0;3023;halooglasi;Jurija Gagarina, Blok 70, Novi Beograd
47;Opština Zemun , Prvomajska , Ševina;103400;2.0;2200;halooglasi;Ševina, Prvomajska, Zemun
61;Opština Zemun , Prvomajska , Ševina;128100;3.0;2100;halooglasi;Ševina, Prvomajska, Zemun
181;Opština Stari grad , Centar , Kralja Milana;625000;3.0;3453;halooglasi;Kralja Milana, centar, Stari Grad
86;Opština Rakovica , Petlovo brdo , Gočka;115000;2.5;1337;halooglasi;Gočka, Petlovo brdo, Rakovica
76;Opština Čukarica , Žarkovo , Mihajla Valtrovića;200000;2.5;2632;halooglasi;Mihajla Valtrovića, Žarkovo, Čukarica
159;Opština Čukarica , Banovo brdo , Kraljice Katarine;265000;6.0;1667;halooglasi;Kraljice Katarine, Banovo brdo, Čukarica
47;Opština Voždovac , Naselje Stepa Stepanović , Dušana Jovanovića;125000;2.0;2660;halooglasi;Dušana Jovanovića, Stepa Stepanović, Voždovac ID#1
67;Opština Palilula , Višnjička Banja , Mirka Milojkovića;127300;3.0;1900;halooglasi;Sunnyville, okrenut ka Dunavu, trosoban 67m2
67;Opština Novi Beograd , Blok 60 , Tošin bunar;242303;3.0;3616;halooglasi;Novi Beograd,Blok 60 - Tošin bunar - CENA BEZ PDV!
93;Opština Zemun , Cara Dušana , Cara Dušana;250000;4.0;2688;halooglasi;Cara Dušana 4.0 stan sa dvorištem od 53m2
61;Opština Čukarica , Julino brdo , Poučnika Spasič I Mašere;128000;2.0;2098;halooglasi;Beograd, Julino brdo, Poručnika Spasića i  Mašere,
50;Opština Zvezdara , Lipov lad , Bulevar kralja Aleksandra;165000;2.0;3300;halooglasi;Prodaja,2.0,lipov Lad,zvezdara
30;Opština Voždovac , Autokomanda , Vojvode Stepe;135000;1.0;4500;halooglasi;Voždove kapije, 30m2, XI, cg, novo
38;Opština Zvezdara , Veliki Mokri Lug , Milovana Vidakovića;80000;1.5;2105;halooglasi;Vojvode Vlahovića, Milovana Vidakovića ID#1905
78;Opština Novi Beograd , Stari Merkator , Džona Kenedija;244900;2.5;3140;halooglasi;Ekskluzivna prodaja, Džona Kenedija, Novi Beograd
40;Opština Stari grad , Topličin venac , Topličin Venac;250000;2.0;6250;halooglasi;Topličin venac ID#4209
86;Opština Vračar , Neimar , Šumatovačka;420000;4.0;4884;halooglasi;Vračar, Šumotovačka, namešten, garaža ID#1544
43;Opština Palilula , Kotež , Kajuhova;64900;2.0;1509;halooglasi;Palilula, Kotež - Kajuhova, 43m2
48;Opština Zvezdara , Crveni krst , Vojislava Ilića;188500;2.0;3927;halooglasi;Crveni krst, mereno 58m2 ID#7188
95;Opština Vračar , Kalenić pijaca , Sredačka;320000;3.5;3368;halooglasi;Kalenić pijaca,Sredačka,3.5, 95m2,DELJIV u 2 stana
75;Opština Zemun , Gornji grad , Krajiška;156000;3.5;2080;halooglasi;Zemun, Gornji grad - Krajiška
40;Opština Palilula , Karaburma , Husinskih rudara;57000;1.0;1425;halooglasi;Palilula, Karaburma - Husinskih rudara
134;Opština Mladenovac , Mladenovac (mesto) , Nikole Pašića;134000;3.0;1000;halooglasi;Nikole Pašića, centar, Mladenovac ID#2006
76;Opština Surčin , Dobanovci , Branka Radičevića;106000;4.0;1407;halooglasi;Branka Radičevića, Dobanovci, Surčin ID#1619
62;Opština Rakovica , Kanarevo brdo , Srpskih udarnih Brigada;140000;2.0;2258;halooglasi;Srpskih udarnih brigada, Kanarevo brdo, Rakovica I
114;Opština Stari grad , Dorćol , Cara Uroša;438130;4.0;3850;halooglasi;Dorćol, Cara Uroša, 113.80m2 novogradnja ID#6872
92;Opština Rakovica , Vidikovac , Vidikovački venac;168000;3.5;1826;halooglasi;Vidikovački venac, 92m2+2L ID#1545
38;Opština Palilula , Borča , Popova bara nova 1.;55000;1.0;1482;halooglasi;1.0 Stan Borča ID#2009
92;Opština Vračar , Južni bulevar , Sime Igumanova;224000;3.5;2435;halooglasi;Prodaje se stan,Vračar ID#1433
84;Opština Novi Beograd , Blok 67a (A blok) ,;315000;3.0;3750;halooglasi;Sakura Park - Prelep trosoban stan od 84m2
76;Opština Surčin , Dobanovci , Branka Radičevića;106000;4.0;1400;halooglasi;Branka Radičevića, Dobanovci, Surčin ID#1621
66;Opština Zemun , Centar , Branka Pešića;177066;3.0;2700;halooglasi;3.0 stan u Zemunu-Branka Pešića ID#2596
95;Opština Rakovica , Vidikovac , Vidikovački venac;249000;3.5;2621;halooglasi;Vidikovac, Vidikovački venac, 95m2, 3.5 ID#2489
63;Opština Zvezdara , Mirijevo , Jovanke Radaković;107000;2.5;1698;halooglasi;Mirijevo - Jovanke Radaković - Uknjižen
113;Opština Novi Beograd , Blok 67a (A blok) ,;424000;4.0;3752;halooglasi;Sakura Park - Prelep četvorosoban stan
62;Opština Voždovac , Lekino brdo , Gospodara Vučića;168000;3.0;2710;halooglasi;Lekino brdo, duplex
52;Opština Palilula , Padinska skela , Glogonjski rit;40000;2.0;769;halooglasi;Uknjižen stan
101;Opština Vračar , Crveni krst;333000;3.0;3297;halooglasi;Crveni krst novogradnja 3,0 101m2, terasa
52;Opština Rakovica , Vidikovačka padina , Antona Čehova;61000;2.5;1173;halooglasi;Vidikovačka padina
66;Opština Vračar , Hram svetog Save , Nikolaja Hartviga;264000;2.5;4000;halooglasi;Vračar, Čuburski park, ul. Nikolaja Hartviga
72;Opština Palilula , Tašmajdan , Majora Ilića;277000;3.0;3855;halooglasi;Tašmajdan, Majora Ilića, 71,85 m2, cena bez pdv-a
43;Opština Vračar , Južni bulevar ,;139000;1.5;3289;halooglasi;Novogradnja, Vračar, 42.26 m2
61;Opština Novi Beograd , Paviljoni , Generala Ždanova;188900;3.5;3097;halooglasi;Blok 7, Generala Ždanova, 61 m2
70;Opština Zvezdara , Mirijevo , Aleksandra Belića;77000;2.5;1100;halooglasi;Mirijevo, Aleksandra Belića, 70 m2 - Hitna prodaja
87;Opština Voždovac , Autokomanda , Vojvode Stepe;234900;3.0;2700;halooglasi;Autokomanda, Vojvode Stepe, 87 m2
58;Opština Zvezdara , Mirijevo , Kapetan Miloša Žunjica;99900;3.0;1722;halooglasi;Bez provizije, novogradnja, lux
83;Opština Vračar , Južni bulevar , Sime Igumanova;259000;3.0;3120;halooglasi;Renoviran stan Sime Igumanova, Južni bulevar 83m²
64;Opština Savski venac , Beograd na vodi , BW King's Park Residences;307888;2.0;4811;halooglasi;Dvosoban stan sa baštom, BW King's park, 64m2
70;Opština Palilula , Hala Pionir , Bulevar despota Stefana;178500;2.5;2550;halooglasi;Prodajemo dvoiposoban stan kod Hale Pionir, 70m2
138;Opština Novi Beograd , Blok 65 , Tošin bunar;617000;4.0;4471;halooglasi;Lux penthouse u novogradnji, Airport city, 138m2
74;Opština Palilula , Višnjička Banja , Sunnyville;181500;3.0;2453;halooglasi;Sunnyville Višnjička banja, nov trosoban stan,74m2
46;Opština Palilula , Višnjička Banja , Sunnyville;121500;1.5;2641;halooglasi;Prodajemo nov jednoiposoban stan, Sunnyville, 46m2
80;Opština Voždovac , Saobraćajni fakultet ,;160000;2.0;2000;halooglasi;Nekorišćen stan, Dobra investicija
50;Opština Palilula , Karaburma , Husinskih rudara;106000;2.5;2120;halooglasi;Karaburma
51;Opština Voždovac , Medaković 2 , Radovana Simića Cige;110000;1.5;2157;halooglasi;Voždovac, Medaković 2, Radovana Simića Cige, 46+5m
63;Opština Grocka , Kaluđerica , Vojvode Stepe Stepanovića;103372;3.0;1650;halooglasi;3.0, Kaluđerica, Vojvode Stepe Stepanovića, 62,65m
58;Opština Grocka , Kaluđerica , Vojvode Stepe Stepanovića;94528;2.0;1650;halooglasi;2.0, Kaluđerica, Vojvode Stepe Stepanovića, 57,29m
86;Opština Novi Beograd , Blok 38 , Bulevar Arsenija Čarnojevića;220000;3.5;2558;halooglasi;Blok 38, 86kvm, troiposoban, vojni stan
111;Opština Voždovac , Voždovačka crkva , Gostivarska;321900;4.5;2900;halooglasi;Voždovac - Gostivarska 32
86;Opština Novi Beograd , Blok 38 , Bulevar Arsenija Čarnojevića;220000;4.0;2558;halooglasi;Blok 38 - Bulevar Arsenija Čarnojevića, 86m2
66;Opština Savski venac , Centar , Sarajevska;170000;3.5;2576;halooglasi;Centar, Sarajevska, 66m2 ID#5040
72;Opština Savski venac , Centar , Sarajevska;178750;2.5;2500;halooglasi;Centar, Sarajevska, 71.5m2 ID#5039
77;Opština Čukarica , Banovo brdo , Požeška;200000;3.5;2597;halooglasi;Požeška Banovo brdo Čukarica Beograd Srbija
75;Opština Voždovac , Autokomanda , Admirala Vukovića;234000;3.0;3120;halooglasi;Voždovac, Auto komanda, 3.0, 75m2 - BEZ PROVIZIJE
59;Opština Novi Beograd , Opština , Omladinskih brigada;153000;2.0;2593;halooglasi;Opština Novi Beograd - Omladinskih brigada ID#4433
99;Opština Zvezdara , Mirijevo , Dr Velimirovića;165000;4.0;1667;halooglasi;Zvezdara, Mirijevo 3-pijaca, Dr Velimirovića 99 m2
113;Opština Stari grad , Dorćol , Cara Uroša;299000;4.0;2646;halooglasi;Dorćol, Cara Uroša, stan 113m2
90;Opština Voždovac , Vojvode Vlahovića ,;265000;3.0;2944;halooglasi;Vojvode Vlahovića, terasa 35m2 i 2 garažna mesta I
100;Opština Voždovac , Autokomanda , Vojvode Stepe;270000;3.5;2700;halooglasi;Voždovac kod bioskopa, 100m2 plus garažno mesto ID
55;Opština Voždovac , Braće Jerković , Braće Jerković;132000;2.0;2400;halooglasi;Voždovac, Braće Jerković, 55m2 ID#52705
73;Opština Barajevo , Gaj , Cara Lazara;75000;2.5;1027;halooglasi;Barajevo, idealan za porodice sa decom, renoviran
26;Opština Voždovac , Medaković 1 , Rastka Petrovića;60000;0.5;2308;halooglasi;Uknjižena garsonjera - Medaković ID#3430
93;Opština Vračar , Centar , Bulevar Kralja Aleksandra;280000;3.0;3011;halooglasi;3.0, Vračar, Bulevar Kralja Aleksandra ID#1852
68;Opština Novi Beograd , Bežanijska kosa 2 , Ismeta Mujezinovića;172000;2.0;2529;halooglasi;B. kosa 2, renoviran 2.0-soban sa terasom
28;Opština Zvezdara , Dimitrija Tucovića;110000;1.0;3929;halooglasi;TC Zira, 1.0, renoviran, 28, 2/5
23;Opština Zvezdara , Rudo , Rudo;69000;1.0;3000;halooglasi;KONJARNIK,Rudo,1.0,23m2,renoviran,namešten
95;Opština Novi Beograd , Blok 65 ,;310840;3.0;3272;halooglasi;Trosoban stan u prestižnom naselju Savada
51;Opština Rakovica , Petlovo brdo , Nićifora Ninkovića;92000;2.5;1804;halooglasi;Petlovo brdo, Nićifora Ninkovića , 51m2+3m2T
103;Opština Zvezdara , Učiteljsko naselje , Paje Jovanovića;289000;4.0;2806;halooglasi;Učiteljsko naselje, Paje Jovanovića, 103m2
58;Opština Zemun , Zemun polje , Akrobate Aleksića;109000;2.0;1879;halooglasi;Zemun Polje, u mirnom kraju
73;Opština Voždovac , Banjica , Bulevar oslobođenja;158000;3.0;2164;halooglasi;Bulevar oslobođenja Banjica Voždovac Beograd Sr...
157;Opština Zvezdara , Đeram pijaca , Đevđelijska;385000;4.0;2452;halooglasi;Đevđelijska Đeram pijaca Zvezdara Beograd Srbij...
68;Opština Vračar , Kalenić pijaca , Sinđelićeva;258000;3.0;3794;halooglasi;Sinđelićeva Kalenić pijaca Vračar Beograd Srbij...
30;Opština Voždovac , Lekino brdo , Belička;117200;0.5;3907;halooglasi;Belička Lekino brdo Voždovac Beograd Srbija
65;Opština Palilula , Bogoslovija , Bata Lakina;220000;3.0;3385;halooglasi;Bata Lakina Bogoslovija Palilula Beograd Srbija
60;Opština Vračar , Crveni krst , Dravska;270000;3.0;4500;halooglasi;Dravska Crveni krst Zvezdara Beograd Srbija
63;Opština Zvezdara , Mirijevo , Dr Velimirovića;132000;2.0;2095;halooglasi;Dr Velimirovića Mirijevo Zvezdara Beograd Srbija
72;Opština Zvezdara , Mirijevo , Mirka Banjevića;147000;3.0;2042;halooglasi;Mirka Banjevića Mirijevo Zvezdara Beograd Srbija
38;Opština Voždovac , Centar , Kraljevačka;99900;1.0;2629;halooglasi;Voždovac, Kraljevačka, odličan stan
92;Opština Zvezdara , Konjarnik , Ustanička;230000;4.0;2500;halooglasi;Konjarnik, Ustanička, 92m2 ID#53963
45;Opština Voždovac , FON - Bilećka , Kostolačka;139000;2.0;3089;halooglasi;Vozdovac , Fon
39;Opština Voždovac , Medaković padina , Medakovićeva;96000;1.5;2462;halooglasi;Medaković padina, 1.5 stan bez ulaganja
56;Opština Voždovac , Medaković 3 , Borivoja Stevanovića;125000;2.5;2232;halooglasi;Medak, Borivoja Stevanovica, 2.5
41;Opština Voždovac , Medaković 3 , Borivoja Stevanovića;70000;1.0;1707;halooglasi;Medak 3, Borivoja Stevanovića, 1.0
46;Opština Zvezdara , Olimp , Milana Rakića;120600;2.0;2622;halooglasi;Olimp, Milana Rakića, novogradnja, 46m2 ID#52163
58;Opština Čukarica , Filmski grad , Živana Saramandića;134000;2.0;2310;halooglasi;Filmski grad, Živana Saramandića, 58m2
49;Opština Novi Beograd , Paviljoni , Radoja Dakića;107000;2.0;2184;halooglasi;Kod Instituta za majku i dete, 49 m2, 2.0-soban
50;Opština Palilula , Krnjača;85800;2.0;1716;halooglasi;Krnjača, 50m2
38;Opština Novi Beograd , Stara Bežanija , Pere Segedinca;71000;1.0;1868;halooglasi;Stara Bežanija, 1.0, 38m2, ID#2714
369;Opština Savski venac , Dedinje , Diane Budisavljević;730000;6.0;1978;halooglasi;Beograd, Dedinje, Stan, 6.0, 369m2
65;Opština Mladenovac , Mladenovac (mesto) , Dimitrija Tucovića;95827;3.0;1485;halooglasi;3.0 odlična novogradnja, odmah useljivo, Mladenova
69;Opština Zemun , Gornji grad , Pregrevica;170000;3.0;2464;halooglasi;Zemun, Pregrevica, 69m2, 3.0 ID#2487
50;Opština Voždovac , Konjarnik , Vladimira Tomanovića;112000;2.0;2240;halooglasi;Vladimira Tomanovića,  uknjižen, useljiv ID#815703
51;Opština Zvezdara , Konjarnik , Ustanička;130000;1.5;2549;halooglasi;Jednoiposoban stan u Ustaničkoj ulici
43;Opština Zemun , Zemun polje , Sergeja Jesenjina;65000;1.5;1512;halooglasi;Zemun polje, jednoiposoban, 43m2, uknjižen,odličan
66;Opština Palilula , Karaburma , Dragoslava Srejovića;130000;2.0;1985;halooglasi;Novogradnja na Karaburmi, bez provizije ID#1381
54;Opština Palilula , Karaburma , Dragoslava Srejovića;135000;2.0;2514;halooglasi;Novogradnja na Karaburmi, Bez provizije ID#1386
59;Opština Palilula , Karaburma , Dragoslava Srejovića;130000;2.0;2211;halooglasi;Novogradnja na Karaburmi, bez provizije! ID#1385
79;Opština Grocka , Kaluđerica , Zage Malivuk;106650;3.0;1350;halooglasi;Kaludjerica 3.0 sa lepim pogledom i parking mestom
83;Opština Voždovac , Naselje Stepa Stepanović , druge srpske armije;239000;3.0;2880;halooglasi;Stepa Stepanovic, odličan
180;Opština Voždovac , Lekino brdo , Tetovska;365000;4.0;2028;halooglasi;Voždovac, Lekino brdo - Tetovska, 180m2
72;Opština Novi Beograd , Bežanijska kosa 3 , Vespučijeva;155000;2.5;2153;halooglasi;Vespučijeva - 72kvm (2L)
89;Opština Zvezdara , Cvetkova pijaca;224750;3.5;2525;halooglasi;Zvezdara, nova zgrada, garaža, ID 22296
105;Opština Stari grad , Kopitareva gradina;335000;3.0;3190;halooglasi;Centar. Kopitareva gradina.
39;Opština Zvezdara , Cvetkova pijaca;114300;2.0;2931;halooglasi;Cvetkova pijaca, novogradnja, garaža, ID 22295
103;Opština Zemun , Retenzija , Jovana Miodragovića;206000;4.0;2000;halooglasi;Salonac/103m2/Visoko prizemlje
45;Opština Voždovac , Kumodraška , Kumodraška;135000;1.5;3000;halooglasi;Voždovac, Kumodraška, 45m2, PR/6
75;Opština Palilula , Profesorska kolonija , Stojana Novakovića;315000;3.0;4200;halooglasi;Profesorska kolonija, Stojana Novakovića, 75m2
55;Opština Zemun , Cara Dušana , Cara Dušana;112500;2.0;2045;halooglasi;Zemun -Cara Dušana
87;Opština Voždovac , Banjica , Bulevar oslobođenja;135000;2.5;1552;halooglasi;Banjica - Bulevar oslobođenja ID#1140
154;Opština Čukarica , Banovo brdo , Toše Jovanovića;360000;3.0;2338;halooglasi;Toše Jovanovića, Banovo brdo, Čukarica
52;Opština Zemun , Gornji grad , Filipa Višnjića;130000;2.0;2500;halooglasi;Filipa Višnjića, Gornji grad, Zemun
23;Opština Stari grad , Knez Mihailova , Cara Lazara;118000;0.5;5130;halooglasi;Knez Mihailova - Cara Lazara ID#1603
45;Opština Čukarica , Rušanj , Oslobođenja 1. deo;36000;2.5;800;halooglasi;Rušanj - Oslobođenja 1 deo ID#1630
192;Opština Vračar , Hram svetog Save , Bulevar oslobođenja;866000;6.0;4510;halooglasi;Hram Svetog Save - Bulevar oslobođenja, najlepši p
74;Opština Vračar , Južni bulevar , Riječka;290000;3.0;3919;halooglasi;Vračar - Kneginje Julije, trosoban 74+24m2 ID#1567
130;Opština Čukarica , Golf , Tuniska;500000;4.0;3846;halooglasi;Golf - Tuniska ID#1449
74;Opština Palilula , Višnjička Banja ,;181500;3.0;2453;halooglasi;Sunnyville---nov---useljiv
73;Opština Voždovac , Banjica , Bulevar oslobođenja;155000;3.0;2123;halooglasi;Banjica, Bulevar oslobođenja, 73m2 ID#54640
81;Opština Novi Beograd , Blok 64 , Gandijeva;169999;3.0;2099;halooglasi;Gandijeva, Blok 64, Novi Beograd ID#2205
162;Opština Zvezdara , Đeram pijaca , Zivojina Zujovica;469800;6.0;2900;halooglasi;Prodaja, stan, Zivojina Zujovica, 162m2, Id685
42;Opština Novi Beograd , Fontana , Studentska;126000;1.5;3000;halooglasi;Na idealnoj mirnoj lokaciji ID#127227
472;Opština Zemun , Pregrevica , Pregrevica;615000;6.0;1303;halooglasi;Zemun 236m2+236m2,bazen,lux,2 parking mesta
100;Opština Voždovac , Banjica , Janka Jankovića;149000;3.5;1490;halooglasi;Banjica Janka Jankovića 100m 3,5 i eg sređen uselj
86;Opština Voždovac , Lekino brdo , KOLAŠINSKA;140000;3.0;1628;halooglasi;Lekino brdo Kolašinska  86m + 16 m lokal + 2 parki
72;Opština Čukarica , Golf , Izvorska;250000;3.5;3472;halooglasi;Golf naselje, Izvorska, duplex, 72m2 ID#31164
60;Opština Čukarica , Banovo brdo , KARPOŠEVA;185000;2.5;3083;halooglasi;Banovo Brdo Karpoševa 60M 2,5  I nov LUX  kredit
84;Opština Voždovac , Banjica , Crnotravska;173000;3.0;2060;halooglasi;Voždovac, Crnotravska, 84m2, 3.0
44;Opština Zemun , Pregrevica , Pregrevica;118182;1.5;2729;halooglasi;Pregrevica – novogradnja jul 2024 – 1% provizija
100;Opština Zemun , Ugrinovačka , Banatska;209000;3.5;2090;halooglasi;Zemun Banatska 100m(50 uknjiženo)duplex lux 2 park
55;Opština Savski venac , Beograd na vodi , BE Eden;269888;2.0;4907;halooglasi;BW Eden - bez provizije za kupce!
114;Opština Savski venac , Beograd na vodi , Bulevar Vudroa Vilsona;439888;3.0;3859;halooglasi;BW Lumia, uskoro useljivo, pogled na Savski park I
67;Opština Palilula , Višnjička Banja , Mirka Milojkovića;145000;3.0;2164;halooglasi;Sunnyville, lux 67m2, sa garažnim mestom ID#5957
32;Opština Novi Beograd , Fontana , Omladinskih brigada;114500;1.0;3578;halooglasi;Omladinskih brigada, Blok 1, Novi Beograd ID#2204
42;Opština Palilula , Kotež , Mataruška;38900;1.5;926;halooglasi;Kotež, Mataruška, 1.5,42m2 ID#1976
64;Opština Voždovac , Braće Jerković , Dragice Končar;185000;2.5;2891;halooglasi;Voždovac - Braće Jerković
89;Opština Stari grad , Kalemegdan , Visokog Stevana;305000;3.0;3427;halooglasi;Kalemegdan-Dorćol-Trosoban
103;Opština Zemun , Donji grad ,;329000;4.0;3194;halooglasi;103m2 – Gundulićeva, Zemun, Beograd
126;Opština Vračar , Cvetni trg ,;495000;4.0;3929;halooglasi;126m2 – Svetozara Markovića, Vračar, Beograd
88;Opština Vračar , Neimar ,;264000;4.0;3000;halooglasi;88m2 – Šumatovačka, Vračar, beograd
50;Opština Savski venac , Ekonomski fakultet ,;190000;3.0;3800;halooglasi;50m2 - Gavrila Principa, Savski venac, Beograd
53;Opština Zemun , Gornji grad , Šilerova;126000;2.0;2377;halooglasi;Šilerova Gornji Grad Zemun Beograd Srbija
48;Opština Vračar , SC Vračar , Požarevačka;179000;2.0;3729;halooglasi;Vračar, SC Vračar - Požarevačka 48m2
71;Opština Zvezdara , Zeleno brdo , Lošinjska;122000;2.0;1718;halooglasi;Zeleno brdo, Lošinjska, 71 m2
61;Opština Palilula , Višnjička Banja , Višnjički venac;97000;2.0;1590;halooglasi;Višnjička banja, Višnjički venac, 61m2 ID#5037
64;Opština Zemun , Cara Dušana;152300;2.0;2400;halooglasi;NOVO!Zemun-bez provizije za kupca
113;Opština Rakovica , Petlovo brdo , Hablova;180000;4.0;1593;halooglasi;Konforan četvorosoban ID#1362
68;Opština Vračar , Južni bulevar , Južni bulevar;210056;3.0;3100;halooglasi;Novogradnja,Južni bulevar,67,76m2,cena bez pdv-a
63;Opština Novi Beograd , Blok 61 , Jurija Gagarina;162000;3.0;2571;halooglasi;Blok 61, Jurija Gagarina, 3.0, 63 m2 + T
63;Opština Zvezdara , Mirijevo , Teodora Mirijevskog;121000;1.0;1921;halooglasi;Mirijevo, Teodora Mirijevskog, 1.0, 63 m2
51;Opština Voždovac , Beli potok , Vojvode Vlahovića;110000;2.5;2157;halooglasi;Voždovac, Vojvode Vlahovića 51 m2
107;Opština Savski venac , Dedinje , Bulevar kneza Aleksandra Karađorđevića;380000;4.0;3551;halooglasi;Beograd ,Dedinje, Bul. K. Aleksandra Karađorđevića
62;Opština Rakovica , Labudovo brdo , Sretena Mladenovića Mika;98000;2.5;1581;halooglasi;Dvoiposoban stan na Labudovom brdu
101;Opština Savski venac , Ekonomski fakultet , Karađorđeva;280000;5.0;2772;halooglasi;Savski venac,Ekonomski fakultet - Karađorđeva101m2
53;Opština Savski venac , Dedinje , Rajka Mitića;189000;1.5;3566;halooglasi;Savski venac, Dedinje - Rajka Mitića 53m2
69;Opština Savski venac , Dedinje , Stjepana Filipovića;186000;3.0;2696;halooglasi;Savski Venac, Dedinje - Stjepana Filipovića 69m2
50;Opština Palilula , Borča , Zrenjaninski put;69990;1.5;1400;halooglasi;Uknjizen stan od vlasnika Borca
28;Opština Savski venac , Beograd na vodi ,;170000;0.5;6071;halooglasi;Savski Venac (Beograd), Beograd na vodi, Stan, 0.5
98;Opština Novi Beograd , Blok 70a , Omladinskih brigada;245000;3.5;2500;halooglasi;Novi Beograd, Blok 70a, porodičan stan, 2T, CG ..
33;Opština Novi Beograd , Blok 24 (Super Vero) , Bulevar Milutina Milankovića;135000;0.5;4091;halooglasi;Blok 24, Milutina Milankovica, 33m2
42;Opština Vračar , Kalenić pijaca , Hadži Prodanova;146900;1.5;3498;halooglasi;Vracar, Hadzi Prodanova
48;Meandri, Zemun, Zemun opština;107000;2.0;2229;4zida;Banjička
45;Čukarica, Čukarica opština;128250;1.5;2850;4zida;Izvorska
75;Profesorska Kolonija, Palilula opština;315000;3.0;4200;4zida;Stojana Novakovića
98;Vojvode Stepe, Voždovac opština;84500;4.0;3380;4zida;SQUARE 2
50;Skojevsko Naselje, Rakovica opština;124000;2.0;2480;4zida;LUKE VOJVODICA
75;Kumodraž 2, Kumodraž, Voždovac opština;155000;2.5;2067;4zida;Bulevar Peka Dapčevića
55;Mirijevo IV, Mirijevo, Zvezdara opština;109000;2.0;3633;4zida;Stambeni kompleks OAZA
46;Savski Trg, Savamala, Savski Venac;135000;2.0;2935;4zida;Karađorđeva
56;Konjarnik, Zvezdara opština;119000;1.5;2125;4zida;Olge Alkalaj
31;Crveni Krst Zvezdara, Zvezdara opština;95000;2.0;3065;4zida;Branka Krsmanovića
105;Dorćol, Stari Grad opština;245000;4.0;2333;4zida;Strahinjića Bana
84;Blok 62, Bežanijski Blokovi, Novi Beograd;199000;3.5;2369;4zida;Jurija Gagarina
45;Blok 72, Novi Beograd;123000;2.0;2733;4zida;Dr Ivana Ribara
85;Tošin Bunar, Novi Beograd;280000;3.0;3294;4zida;Bulevar heroja sa Košara
55;Karaburma, Palilula opština;111000;2.5;2018;4zida;Pera Ćetkovića
65;Tošin Bunar, Novi Beograd;220000;2.0;3385;4zida;Bulevar heroja sa Košara
67;Autokomanda, Savski Venac;234500;3.0;3500;4zida;Dobropoljska
77;Beograd centar, Stari Grad opština;215000;3.5;2792;4zida;Balkanska
51;Železnik, Čukarica, Čukarica opština;87450;3.0;1715;4zida;Ilije Čalića
27;Bajlonijeva Pijaca, Stari Grad opština;88000;0.5;3259;4zida;Žorža Klemansoa
94;Palilula, Palilula opština;324300;3.0;3450;4zida;Kneza Danila
96;Blok 38, Novi Beograd;240000;4.0;2500;4zida;Bulevar Milutina Milankovića
27;Skadarlija, Beograd centar, Stari Grad opština;110000;1.0;4074;4zida;Skadarska
50;Vukov Spomenik, Zvezdara opština;119900;1.0;2398;4zida;Bulevar kralja Aleksandra
57;Vukov Spomenik, Zvezdara opština;159000;2.0;2789;4zida;Vojvode Dovezenskog
46;Vukov Spomenik, Zvezdara opština;135000;1.5;2935;4zida;Vojvode Dovezenskog
92;Gundulićev Venac, Donji Dorćol, Dorćol, Stari Grad opština;320000;3.0;3478;4zida;Carigradska
80;Dorćol, Stari Grad opština;280000;3.0;3500;4zida;Visokog Stevana
171;Slavija, Vračar;600000;5.0;3509;4zida;Nemanjina
198;Sava Centar, Blok 19 Sava Centar, Novi Beograd;459000;4.0;2318;4zida;Kralja Milana
37;Rakovica, Rakovica opština;56000;1.5;1514;4zida;Mome Stanojlovića
106;Skojevsko Naselje, Rakovica opština;250000;4.0;2358;4zida;Luke Vojvodića
54;Voždovac opština;140000;2.0;2593;4zida;Braće Jerković
65;Bogoslovija, Palilula opština;220000;2.5;3385;4zida;Bata Lakina
109;Blok 61, Bežanijski Blokovi, Novi Beograd;229900;4.0;2109;4zida;Jurija Gagarina
53;Dedinje, Savski Venac;185000;1.5;3491;4zida;Rajka Mitića
87;Kalvarija, Zemun, Zemun opština;227118;4.0;2585;4zida;Residence 7+
58;Vračar;188500;2.0;3250;4zida;Vojislava Ilića
92;Bežanijska kosa 2, Bežanijska kosa, Novi Beograd;259000;3.5;2815;4zida;Peđe Milosavljevića
20;Krunski Venac, Vračar;78000;0.5;3900;4zida;Mileševska
37;Vračar;130000;1.5;3514;4zida;Sredačka
88;Hotel YU, Novi Beograd;258000;3.5;2932;4zida;Džona Kenedija
56;Lekino Brdo, Voždovac opština;195000;3.0;3482;4zida;Miklošićeva
133;Bežanijska kosa 2, Bežanijska kosa, Novi Beograd;310000;4.5;2331;4zida;Marka Čelebonovića
122;Dedinje, Savski Venac;590000;3.0;4836;4zida;Dr Vojislava Stojanovića
52;Rvati, Obrenovac opština;61800;2.0;2289;4zida;PRIMAVERA
46;Dedinje, Savski Venac;87000;2.0;1891;4zida;Josifa Marinkovića
72;Autokomanda, Voždovac opština;190000;3.0;2639;4zida;Kumodraška
29;Učiteljsko Naselje, Zvezdara opština;70000;1.0;2414;4zida;Paje Jovanovića
157;Lion, Zvezdara opština;385000;4.0;2452;4zida;Đevđelijska
29;Voždovac, Voždovac opština;78900;1.0;2721;4zida;Vojvode Stepe
53;Karaburma, Palilula opština;125000;2.0;2358;4zida;Mirijevski Bulevar
230;Dedinje, Savski Venac;595000;4.0;2587;4zida;Pivljanina Baje
94;Savski Venac;250000;3.0;2660;4zida;Centar
74;Batajnica, Zemun opština;130000;3.0;1757;4zida;Vojođanskih brigada
55;Miljakovac, Rakovica opština;105500;1.5;1918;4zida;Nikole Marakovića
75;Retenzija, Zemun, Zemun opština;225000;3.0;3000;4zida;Prve pruge
76;Beograđanka, Savski Venac;289000;3.0;3803;4zida;Admirala Geprata
99;Banovo Brdo, Čukarica, Čukarica opština;209990;3.0;2121;4zida;Požeška
27;Gornji Grad, Zemun, Zemun opština;58000;0.5;2148;4zida;Cara Dušana
89;Kalenić, Vračar;320000;3.5;3596;4zida;Mileševska
39;Zvezdarska Šuma, Zvezdara opština;119000;1.5;3051;4zida;Ledinacka
76;Mirijevo, Zvezdara opština;144000;3.5;1895;4zida;Koste Nađa
73;Banjica, Voždovac opština;149900;3.0;2053;4zida;Bulevar oslobođenja
44;Altina, Zemun, Zemun opština;85855;1.5;1925;4zida;NOVA ALTINA
66;Ledine, Novi Beograd;135300;2.5;2050;4zida;Višegradska 18A
28;Ledine, Surčin opština;60000;1.0;2143;4zida;Visegradska 18A
39;Banovo Brdo, Čukarica, Čukarica opština;99000;1.5;2538;4zida;Požeška 97
120;Zemun, Zemun opština;299990;5.0;2500;4zida;Zelena Avenija
40;Altina, Zemun, Zemun opština;58000;1.5;1450;4zida;Ugrinovacki put
88;Južni Bulevar, Vračar;53000;3.5;883;4zida;Šumatovačka 105
81;Crveni Krst Vračar, Vračar;225000;3.0;2778;4zida;Metohijska
81;Beograd na vodi, Savski Venac;399000;3.0;4926;4zida;Bulevar Vudroa Vilsona
51;Botanička Bašta, Palilula opština;139000;3.0;2725;4zida;Bulevar despota Stefana
38;Blok 65 - WEST 65, Novi Beograd;180000;1.0;4737;4zida;Omladinskih brigada
113;Senjak, Savski Venac;389000;3.0;3442;4zida;VASE PELAGICA
121;Hram Svetog Save, Neimar, Vračar;544000;3.0;4496;4zida;BULEVAR OSLOBODJENJA
177;Hram Svetog Save, Neimar, Vračar;795000;5.0;4492;4zida;BULEVAR OSLOBODJENJA
67;Kanarevo Brdo, Rakovica opština;109000;2.5;1627;4zida;Kanarevo brdo
111;Crveni Krst Zvezdara, Zvezdara opština;279000;3.0;2514;4zida;Kajmakčalanska
62;Banovo Brdo, Čukarica, Čukarica opština;189900;2.5;3063;4zida;Blagoja Parovića
73;Topličin Venac, Kosančićev Venac, Beograd centar, Stari Grad opština;335000;3.0;4589;4zida;Maršala Birjuzova
60;Blok 63, Bežanijski Blokovi, Novi Beograd;151200;2.0;2520;4zida;Gandijeva
103;Beograd centar, Stari Grad opština;618000;4.0;6000;4zida;Stevana Sremca
81;Banjica, Voždovac opština;180000;3.5;2222;4zida;Bulevar oslobođenja
103;Botanička Bašta, Palilula opština;259000;4.0;2515;4zida;Šajkaška
70;Banovo Brdo, Čukarica, Čukarica opština;196900;3.0;2813;4zida;Nodilova
101;Blok 67 - Belville, Novi Beograd;349990;3.0;3465;4zida;Jurija Gagarina
53;Pašino brdo, Voždovac opština;153700;3.0;2900;4zida;Miloša Svilara
86;Blok 63, Bežanijski Blokovi, Novi Beograd;162000;4.0;1884;4zida;Nehruova
85;Miljakovac III, Miljakovac, Rakovica opština;173500;4.0;2041;4zida;Dr Andrejke
38;Karaburma, Palilula opština;75000;1.0;1974;4zida;Pera Ćetkovića
75;Banjica, Voždovac opština;150000;3.0;2000;4zida;Bulevar oslobođenja
47;Vidikovačka Padina, Vidikovac, Rakovica opština;95000;2.5;2021;4zida;Dimitrija Konjovića
71;Skojevsko Naselje, Rakovica opština;109000;3.0;1535;4zida;Luke Vojvodića
50;Rakovica, Rakovica opština;80000;1.5;1600;4zida;Slavka Rodića
50;Skojevsko Naselje, Rakovica opština;122000;1.5;2440;4zida;Luke Vojvodića
32;Filmski Grad, Čukarica, Čukarica opština;54500;1.5;1703;4zida;Nebojše Đukelića
28;Obrenovac, Obrenovac opština;44000;0.5;1571;4zida;Vuka Karadžića
113;Vidikovac, Rakovica opština;235000;4.5;2080;4zida;Vidikovački venac
135;Petlovo Brdo, Rakovica opština;163500;4.0;1211;4zida;Braće Deroko
78;Pregrevica, Zemun, Zemun opština;248915;3.0;3190;4zida;Pregrevica 78-80
87;Cerak, Čukarica, Čukarica opština;159000;3.0;1828;4zida;Jablanička
57;Bele Vode, Čukarica, Čukarica opština;110000;2.0;1930;4zida;Milana Šarca
55;Zemun Polje, Zemun, Zemun opština;75000;2.0;1364;4zida;Vlajka Đuranovića
68;Labudovo Brdo, Rakovica opština;119000;2.5;1750;4zida;Serdara Janka Vukotića
25;Vidikovac, Rakovica opština;48000;0.5;1920;4zida;Kneza Višeslava
76;Mirijevo, Zvezdara opština;59500;3.0;783;4zida;Aleksandra Bugarskog
41;Ledine, Novi Beograd;82500;2.0;2012;4zida;Bukovačka
37;Gradska Bolnica, Zvezdara opština;117000;1.5;3162;4zida;Ucitelja Milosa Jankovica
32;Zemun opština;38000;1.0;1188;4zida;Batajnica
243;Zemun, Zemun opština;599000;6.0;2465;4zida;Pregrevica
75;Blok 65 - WEST 65, Novi Beograd;371250;2.5;4950;4zida;Tadije Sondermajera
60;Batajnica, Zemun opština;86000;2.5;1433;4zida;Vojvođanskih brigada
49;Čukarička Padina, Čukarica, Čukarica opština;85000;2.5;1735;4zida;Mladena Mitrića
58;Galenika, Zemun, Zemun opština;119000;2.5;2052;4zida;Jovana Stojsavljevića
64;Zvezdara, Zvezdara opština;209000;2.5;3266;4zida;Pećska
62;Kalenić, Vračar;212000;2.0;3419;4zida;Maksima Gorkog
52;Zemun Polje, Zemun, Zemun opština;69900;2.0;1344;4zida;Anke Matić
36;Lekino Brdo, Voždovac opština;130000;1.5;3611;4zida;Rada Neimara
62;Pregrevica, Zemun, Zemun opština;67650;2.5;1650;4zida;Pregrevica Sky & Sun Residences
130;Sopot, Sopot opština;280000;4.0;2154;4zida;Heaven Eleven
20;Gornji Grad, Zemun, Zemun opština;49000;0.5;2450;4zida;Cara Dušana
48;Vojvode Stepe, Voždovac opština;133265;2.0;2776;4zida;Kumodraška 151
55;Gornji Voždovac, Voždovac, Voždovac opština;145750;2.0;2650;4zida;Kumodraška 151
51;Učiteljsko Naselje, Zvezdara opština;120000;2.0;2353;4zida;Raljska
34;Karaburma, Palilula opština;95000;1.0;2794;4zida;Aleksandra Fleminga
33;Kalenić, Vračar;135000;1.0;4091;4zida;Hadži Prodanova
75;Višnjička Banja, Palilula opština;125000;2.0;1667;4zida;Metalska
73;Slavija, Vračar;249000;2.0;3411;4zida;Deligradska
48;Karaburma, Palilula opština;110000;2.5;2292;4zida;Stevana Dukića
41;Banjica, Voždovac opština;106000;2.0;2585;4zida;Bulevar Oslobodjenja
82;Beograd centar, Stari Grad opština;275000;3.5;3354;4zida;Kraljice Natalije
50;Mladenovac centar, Mladenovac opština;75700;1.5;1514;4zida;Dimitrija Tucovića 44
101;Delta City, Blok 67 - Belville, Novi Beograd;349990;3.0;3465;4zida;Jurija Gagarina 12a
125;Donji Grad, Zemun, Zemun opština;400000;3.0;3200;4zida;GUNDULIĆEVA 10
103;Donji Grad, Zemun, Zemun opština;330000;3.0;3204;4zida;GUNDULICEVA 10
55;Altina, Zemun, Zemun opština;104500;3.0;1900;4zida;Aleksandra Petrovica 40
65;Altina, Zemun, Zemun opština;123500;3.0;1900;4zida;Aleksandra Petrovica 40
41;Skojevsko Naselje, Rakovica opština;85000;1.0;2073;4zida;Luke Vojvodića
73;Banjica, Voždovac opština;150000;3.0;2055;4zida;Bul. oslobodjenja
70;Blok 70, Novi Beograd;250000;2.0;3571;4zida;Gandijeva
160;Knez Mihailova, Beograd centar, Stari Grad opština;799000;5.5;4994;4zida;Gospodar Jovanova
67;Beograd centar, Stari Grad opština;299000;2.0;4463;4zida;Gospodar Jevremova
74;Blok 37, Novi Beograd;155000;2.5;2095;4zida;Bulevar Arsenija Čarnojevića
76;Petlovo Brdo, Rakovica opština;114000;3.0;1500;4zida;Hablova
118;Hram Svetog Save, Neimar, Vračar;435000;4.0;3686;4zida;Svetog Save
93;Gornji Dorćol, Dorćol, Stari Grad opština;345000;3.0;3710;4zida;Dositejeva
65;Beograd centar, Stari Grad opština;359000;3.0;5523;4zida;Kosančićev Venac
46;Beograđanka, Savski Venac;135000;2.0;2935;4zida;Karađorđeva
63;Knez Mihailova, Beograd centar, Stari Grad opština;349900;2.0;5554;4zida;Gospodar Jovanova
115;Istočni Vračar, Vračar;450000;4.0;3913;4zida;Mileševska
92;Stari Košutnjak, Rakovica opština;170000;4.0;1848;4zida;Pere Velimirovića
62;Terazije, Stari Grad opština;276000;2.0;4452;4zida;Nušićeva
72;Blok 23, Novi Beograd;249900;3.0;3471;4zida;Antifašističke borbe
107;Blok 70a, Novi Beograd;220000;3.0;2056;4zida;Omladinskih brigada
34;Zemun - Centar, Zemun, Zemun opština;81900;1.0;2409;4zida;Svetosavska
84;Konjarnik, Zvezdara opština;189000;3.0;2250;4zida;Bulevar Kralja Aleksandra
44;Blok 30, Novi Beograd;125000;2.0;2841;4zida;Bulevar Mihajla Pupina
54;Đeram, Zvezdara opština;170000;2.0;3148;4zida;Bulevar Kralja Aleksandra
87;Severni Bulevar, Zvezdara opština;175000;3.5;2011;4zida;Ledinačka
96;Terazije, Stari Grad opština;275000;4.0;2865;4zida;Kraljice Natalije
105;Crveni Krst Vračar, Vračar;288000;4.0;2743;4zida;Cerska
70;Blok 23, Novi Beograd;195900;3.0;2799;4zida;Bulevar Milutina Milankovića
92;Voždovac opština;115900;4.0;1260;4zida;Vojvode Vlahovića Voždovac
32;Konjarnik, Zvezdara opština;86500;1.0;2703;4zida;Bulevar Kralja Aleksandra
73;Voždovačka crkva, Voždovac opština;196900;2.5;2697;4zida;Vojvode Stepe
37;Voždovačka crkva, Voždovac opština;95000;2.0;2568;4zida;Vojvode Stepe
31;Karaburma, Palilula opština;92000;1.5;2968;4zida;Đorđa Nešića
105;Istočni Vračar, Vračar;350000;3.0;3333;4zida;Čuburska
75;Hram Svetog Save, Neimar, Vračar;275000;3.5;3667;4zida;Mutapova
56;Vidikovac, Rakovica opština;85000;2.0;1518;4zida;Vidikovački venac
95;Hram Svetog Save, Neimar, Vračar;260000;3.0;2737;4zida;Stojana Protića
102;Blok 30, Novi Beograd;305000;4.0;2990;4zida;Bulevar Mihajla Pupina
60;Crveni Krst Vračar, Vračar;270000;2.5;4500;4zida;Dravska
90;Savski Trg, Savamala, Savski Venac;239000;4.0;2656;4zida;Svetozara Radića
50;Stari Grad opština;189000;2.0;3780;4zida;Beograd centar
55;Miljakovac, Rakovica opština;99000;3.0;2200;4zida;Miljakovačke Staze 28G
163;Zemun - Centar, Zemun, Zemun opština;290000;5.0;1779;4zida;Glavna
91;Hotel YU, Novi Beograd;410000;3.5;4505;4zida;Bulevar Mihajla Pupina
74;Tašmajdan, Palilula, Palilula opština;238000;4.0;3216;4zida;Kraljice Marije
74;Blok 23, Novi Beograd;185000;3.0;2500;4zida;Bulevar Arsenija Čarnojevića
90;Blok 45, Novi Beograd;206000;3.5;2289;4zida;Jurija Gagarina
77;Hotel YU, Novi Beograd;231000;3.0;3000;4zida;Bulevar Nikole Tesle
75;Hotel YU, Novi Beograd;229000;2.5;3053;4zida;Prve Pruge
90;Istočni Vračar, Vračar;412000;3.0;4578;4zida;Brane Crnčevića
68;Hram Svetog Save, Neimar, Vračar;239900;2.0;3528;4zida;Brane Crnčevića
70;Šumice, Voždovac opština;250000;2.5;3571;4zida;Braće Kovač
57;Blok 28, Novi Beograd;150000;2.0;2632;4zida;Bulevar Arsenija Čarnojevića
70;Blok 22, Novi Beograd;199900;2.5;2856;4zida;Bulevar Zorana Đinđića
35;Jajinci, Voždovac opština;76300;2.0;2155;4zida;Sunny Hill
102;Bežanijska kosa 1, Bežanijska kosa, Novi Beograd;270000;3.5;2647;4zida;Nikole Dobrovića
70;Palilula opština;164500;3.0;2350;4zida;Cvijićeva
44;Dedinje, Savski Venac;170000;1.5;2329;4zida;Dinarska 5* Residence
100;Klinički Centar, Savski Venac;325000;3.0;3250;4zida;Birčaninova
63;Šumice, Voždovac opština;155000;2.5;2460;4zida;Ljermontova
46;Karaburma, Palilula opština;107000;2.0;2326;4zida;Drenovačka
85;Dušanovac, Voždovac opština;240164;3.0;2806;4zida;CORNER PARK
20;Miljakovac I, Miljakovac, Rakovica opština;43000;0.5;2150;4zida;Stevana Opačića 20
160;Voždovac, Voždovac opština;185000;4.0;1156;4zida;Hajduk Stojka
104;A Blok - Blok 67a, Novi Beograd;426400;4.0;4100;4zida;Uroša Martinovića
83;Južni Bulevar, Vračar;259000;3.0;3120;4zida;Sime Igumanova
83;Blok 65 - WEST 65, Novi Beograd;390000;3.0;4699;4zida;Omladinskih brigada
33;Vojvode Vlahovića Voždovac, Voždovac opština;65000;1.0;1970;4zida;Vojvode Vlahovića
75;Voždovac, Voždovac opština;185000;2.5;2467;4zida;Vojvode Stepe
110;Konjarnik, Zvezdara opština;199990;4.5;1818;4zida;Slobodana Lale Berberskog
105;Poštanska Štedionica, Palilula, Palilula opština;260500;3.5;2481;4zida;Knez Danilova
96;Terazije, Stari Grad opština;292740;3.5;3049;4zida;Kraljice Natalije
94;Kneza Miloša, Savski Venac;300000;3.0;3191;4zida;Višegradska
92;Gornji Dorćol, Dorćol, Stari Grad opština;260000;4.0;2826;4zida;Gospodar Jovanova
92;Trošarina, Voždovac opština;253900;3.0;2760;4zida;Vojvode Stepe
92;Lekino Brdo, Voždovac opština;220000;3.5;2391;4zida;Sime Igumanova
90;Trošarina, Voždovac opština;239000;3.0;2656;4zida;Pazinska
88;Kumodraž 2, Kumodraž, Voždovac opština;140000;3.0;1591;4zida;Bulevar Peka Dapčevića
86;Blok 38, Novi Beograd;220000;3.5;2558;4zida;Bulevar Arsenija Čarnojevića
83;Lion, Zvezdara opština;244900;4.0;2951;4zida;Dojranska
81;Blok 63, Bežanijski Blokovi, Novi Beograd;184000;3.5;2272;4zida;Gandijeva
81;Saobraćajni fakultet, Voždovac, Voždovac opština;169000;2.5;2086;4zida;Milana Raspopovića
80;Skupština, Stari Grad opština;230000;3.0;2875;4zida;Majke Jevrosime
78;Hram Svetog Save, Neimar, Vračar;240000;3.0;3077;4zida;Šumatovačka
77;Gornji Voždovac, Voždovac, Voždovac opština;218000;3.0;2831;4zida;Vojvode Stepe
76;Beograđanka, Savski Venac;291890;3.0;3841;4zida;Admirala Geprata
76;Banjica, Voždovac opština;159500;3.0;2099;4zida;Crnotravska
74;Hadžipopovac, Palilula opština;207000;3.0;2797;4zida;Zdravka Čelara
73;Voždovac, Voždovac opština;199900;3.0;2738;4zida;Vojvode Stepe
130;Lekino Brdo, Voždovac opština;400000;5.0;3077;4zida;Todora Dukina
59;Karaburma, Palilula opština;112000;3.0;1898;4zida;Marijane Gregoran
46;Lekino Brdo, Voždovac opština;141000;2.5;3065;4zida;Veselina Masleše
49;Karaburma, Palilula opština;95000;2.5;1939;4zida;Husinskih rudara
54;Voždovac, Voždovac opština;143000;2.0;2648;4zida;Kostolačka
71;Stari Košutnjak, Rakovica opština;175000;2.5;2465;4zida;Pere Velimirovića
63;Đeram, Zvezdara opština;220000;2.5;3492;4zida;Banjska
57;Vračar;170000;2.5;2982;4zida;Južni Bulevar
75;Blok 62, Bežanijski Blokovi, Novi Beograd;157000;3.0;2093;4zida;Nehruova
33;Bežanijska kosa 3, Bežanijska kosa, Novi Beograd;89000;1.0;2697;4zida;Kolumbova
59;Kalvarija, Zemun, Zemun opština;118000;3.0;2000;4zida;Marije Bursać
60;Galenika, Zemun, Zemun opština;108000;3.0;1800;4zida;Petra Jovovića
55;Blok 63, Bežanijski Blokovi, Novi Beograd;130000;1.5;2364;4zida;Gandijeva
73;Blok 70, Novi Beograd;215000;2.5;2945;4zida;Gandijeva
73;Stari Košutnjak, Rakovica opština;173000;3.0;2370;4zida;Pere Velimirovića
98;Banovo Brdo, Čukarica, Čukarica opština;275324;3.5;2809;4zida;Nodilova
102;Medaković padina, Medaković, Voždovac opština;169500;3.0;1662;4zida;Svetozara Radojčića
70;Blok 23, Novi Beograd;198000;2.5;2829;4zida;Milentija Popovića
70;Profesorska Kolonija, Palilula opština;161000;2.5;2300;4zida;Račkog
69;Savamala, Savski Venac;165000;3.0;2391;4zida;Karađorđeva-Savski venac
68;Beograd na vodi, Savski Venac;332000;3.0;4882;4zida;Hercegovačka-Savski venac
66;Blok 70, Novi Beograd;156000;2.0;2364;4zida;Omladinskih brigada
65;Siva Stena, Voždovac opština;191000;3.0;2938;4zida;Rajka Mitića
63;Saobraćajni fakultet, Voždovac, Voždovac opština;185000;2.0;2937;4zida;Vojvode Stepe
63;Lekino Brdo, Voždovac opština;181400;4.0;2879;4zida;Vojvode Prijezde
63;Bežanijska kosa 3, Bežanijska kosa, Novi Beograd;176151;2.0;2796;4zida;Magelanova
112;Poštanska Štedionica, Palilula, Palilula opština;250000;4.0;2232;4zida;Kraljice Marije
122;Kalenić, Vračar;500000;4.0;4098;4zida;Baba Višnjina
160;Banovo Brdo, Čukarica, Čukarica opština;350000;4.0;2188;4zida;Rajka od Rasine
170;Lekino Brdo, Voždovac opština;595000;5.0;3500;4zida;Gospodara Vučića
197;Hram Svetog Save, Neimar, Vračar;720000;5.0;3655;4zida;Južni bulevar
60;Šumice, Voždovac opština;245000;2.0;4083;4zida;Sundečićeva
60;Karaburma, Palilula opština;125000;2.0;2083;4zida;Mirijevski bulevar-Palilula
56;Karaburma, Palilula opština;120000;2.0;2143;4zida;Dr. Đorđa Joanovića
51;Blok 24, Novi Beograd;200000;2.0;3922;4zida;Milutina Milankovića
51;Zeleni Venac, Savski Venac;165000;2.0;3235;4zida;Pop Lukina
49;Karaburma, Palilula opština;98000;1.5;2000;4zida;Dragoslava Srejovića
47;Konjarnik, Zvezdara opština;136000;2.0;2894;4zida;Ljermontova
47;Stari Cerak, Cerak, Čukarica, Čukarica opština;91000;1.0;1936;4zida;Bitoljska
45;Gornji Voždovac, Voždovac, Voždovac opština;179000;2.0;3978;4zida;Vojvode Stepe
44;Karaburma, Palilula opština;110000;1.5;2500;4zida;Salvadora Aljendea
44;Gornji Grad, Zemun, Zemun opština;107443;1.5;2442;4zida;Cara Dušana (Zemun)
43;Batajnica, Zemun opština;71000;2.0;1651;4zida;Majora Zorana Radosavljevića
42;Skojevsko Naselje, Rakovica opština;88000;1.5;2095;4zida;Ranka Žeravice
41;Lekino Brdo, Voždovac opština;126700;2.0;3090;4zida;Vojvode Prijezde
48;Voždovac, Voždovac opština;149900;2.0;3748;4zida;Smart Home Voždovac
39;Labudovo Brdo, Rakovica opština;85000;1.5;2179;4zida;17. oktobra
36;Cvetanova Ćuprija, Zvezdara opština;81000;1.5;2250;4zida;Miljana Miljanića
33;Lekino Brdo, Voždovac opština;116000;1.0;3515;4zida;Belička
31;Palata Pravde, Savski Venac;130000;1.5;4194;4zida;Durmitorska
25;Karaburma, Palilula opština;52000;0.5;2080;4zida;Salvadora Aljendea
66;Karađorđev Trg, Zemun, Zemun opština;214900;2.5;3256;4zida;Karađorđeva-Zemun
122;Skadarlija, Beograd centar, Stari Grad opština;366000;8.0;3000;4zida;Džordža Vašingtona-Stari grad
250;Beograđanka, Savski Venac;800000;7.0;3200;4zida;Dobrinjska
34;Bežanijska kosa 3, Bežanijska kosa, Novi Beograd;55000;1.0;1618;4zida;Vespučijeva
66;Zemun, Zemun opština;132900;2.0;2014;4zida;Dragana Rakića
97;Karaburma, Palilula opština;129000;3.0;1330;4zida;Pere Ćetkovića
96;Bežanijska kosa 2, Bežanijska kosa, Novi Beograd;285000;4.0;2969;4zida;Nedeljka Gvozdenovića
75;Banjica, Voždovac opština;165000;2.5;2200;4zida;Crnotravska
50;Kotež, Palilula opština;79900;2.5;1598;4zida;Kalovita
72;Krunska, Vračar;270000;2.0;3750;4zida;Kneginje Zorke
57;Rakovica, Rakovica opština;118000;2.5;2070;4zida;Starca Milije
55;Zemun, Zemun opština;149000;2.0;2709;4zida;Kapetana Radiča Petrovića
43;Batajnica, Zemun opština;71000;1.5;1651;4zida;Majora Zorana Radosavljevića
126;Autokomanda, Voždovac opština;350000;6.0;2778;4zida;Vojvode Đurovića
106;Tašmajdan, Palilula, Palilula opština;381852;4.0;3602;4zida;Majora Ilića
45;Petlovo Brdo, Rakovica opština;69000;1.5;1533;4zida;Rasinska
48;Labudovo Brdo, Rakovica opština;123000;2.5;2563;4zida;Sretena Mladenovića Mike
87;Blok 63, Bežanijski Blokovi, Novi Beograd;194500;4.0;2236;4zida;Nehruova
50;Konjarnik (Voždovački deo), Voždovac opština;112000;1.5;2240;4zida;Vladimira Tomanovića
51;Batajnica, Zemun opština;75000;2.0;1471;4zida;Kneza Paskača
93;Retenzija, Zemun, Zemun opština;295000;4.0;3172;4zida;Prve pruge
67;Blok 71, Novi Beograd;150000;2.5;2239;4zida;Dr Ivana Ribara
89;Bežanijska kosa 2, Bežanijska kosa, Novi Beograd;245000;3.5;2753;4zida;Peđe Milosavljevića
55;Rakovica - Centar, Rakovica, Rakovica opština;126000;2.5;2291;4zida;Pilota Mihaila Petrovića
29;Labudovo Brdo, Rakovica opština;64000;1.0;2207;4zida;Čajnička
77;Banovo Brdo, Čukarica, Čukarica opština;200000;3.5;2597;4zida;Požeška
74;Blok 11c - Stari Merkator, Blok 11, Novi Beograd;180000;2.5;2432;4zida;Bulevar Mihajla Pupina
122;Dedinje, Savski Venac;590000;3.0;4836;4zida;Dr Vojislava Stojanovica
160;Dedinje, Savski Venac;400000;4.0;2500;4zida;Djordja Radojlovica
53;Vojvode Vlahovića Voždovac, Voždovac opština;115000;2.0;2170;4zida;Mate Milosevica
94;Medaković 3, Medaković, Voždovac opština;240000;3.5;2553;4zida;Borivoja Stevanovica
185;Hram Svetog Save, Neimar, Vračar;699000;4.0;3778;4zida;Patrijarha Varnave
54;Lion, Zvezdara opština;129600;2.0;2400;4zida;Radoja Domanovica
66;Kluz, Zvezdara opština;150000;3.5;2273;4zida;Milana Rakica
32;Cvetni Trg, Vračar;115000;1.5;3594;4zida;Resavska
50;Tašmajdan, Palilula, Palilula opština;122500;2.0;2450;4zida;Cvijiceva
56;Vidikovac, Rakovica opština;85000;2.0;1518;4zida;Vidikovacki venac
85;Centar, Savski Venac;389000;3.0;4576;4zida;Kneza Milosa
61;Kluz, Zvezdara opština;132000;1.5;2164;4zida;Voje Veljkovica
97;Bežanijska kosa, Novi Beograd;249900;3.5;2576;4zida;Marka Celebonovica
62;Bežanijska kosa 1, Bežanijska kosa, Novi Beograd;163500;2.0;2637;4zida;Danila Lekića Španca
96;Beograd centar, Stari Grad opština;249500;3.0;2599;4zida;Jelene Cetkovic
73;Banjica, Voždovac opština;150000;3.0;2055;4zida;Bulevar oslobodjenja
65;Botanička Bašta, Palilula opština;210000;2.0;3231;4zida;Sajkaska
72;Mirijevo, Zvezdara opština;147000;2.5;2042;4zida;Mirka Banjevica
55;Lekino Brdo, Voždovac opština;160000;2.0;2909;4zida;Tetovska
90;Centar, Savski Venac;230000;3.0;2556;4zida;Kraljevica Marka
70;Blok 23, Novi Beograd;230000;3.0;3286;4zida;Bulevar Arsenija Carnojevica
80;Kalenić, Vračar;245000;3.5;3063;4zida;Maksima Gorkog
95;Centar, Savski Venac;245000;3.0;2579;4zida;Karadjordjeva
109;Hram Svetog Save, Neimar, Vračar;360000;4.0;3303;4zida;Kataniceva
50;Lion, Zvezdara opština;165000;2.0;3300;4zida;Bulevar kralja Aleksandra
58;Lekino Brdo, Voždovac opština;169000;3.0;2914;4zida;Kruševačka
61;Crveni Krst Vračar, Vračar;256000;3.0;4197;4zida;Sazonova
60;Centar, Savski Venac;200000;2.0;3333;4zida;Brankova
80;Trošarina, Voždovac opština;279000;3.0;3488;4zida;Save Maskovica
41;Blok 62, Bežanijski Blokovi, Novi Beograd;110000;1.5;2683;4zida;Jurija Gagarina
84;Mirijevo, Zvezdara opština;125000;2.0;1488;4zida;Ulofa Palmea
29;Kalvarija, Zemun, Zemun opština;58000;1.0;2000;4zida;Bosanska
70;Žarkovo, Čukarica, Čukarica opština;120000;3.0;1714;4zida;Ljubice Ivošević-Dimitrov
27;Beograd centar, Stari Grad opština;125000;1.0;4630;4zida;Stevana Sremca
36;Đeram, Zvezdara opština;120000;1.5;3333;4zida;Marka Oreškovića
48;Kalenić, Vračar;180000;2.0;3750;4zida;Požarevačka
73;Banjica, Voždovac opština;158000;3.0;2164;4zida;Bulevar oslobođenja
77;FON - Voždovac, Voždovac, Voždovac opština;218000;3.0;2831;4zida;Vojvode Stepe
68;Kalenić, Vračar;258000;3.0;3794;4zida;Sinđelićeva
71;Blok 61, Bežanijski Blokovi, Novi Beograd;155000;2.0;2183;4zida;Dr Ivana Ribara
64;Blok 45, Novi Beograd;150000;2.0;2344;4zida;Jurija Gagarina
59;Blok 8a - Paviljoni, Paviljoni, Novi Beograd;155000;3.0;2627;4zida;Bulevar Mihajla Pupina
48;Banovo Brdo, Čukarica, Čukarica opština;115000;2.0;2396;4zida;Lješka
31;Savski Trg, Savamala, Savski Venac;130000;1.5;4194;4zida;Durmitorska
55;Karaburma, Palilula opština;99000;2.0;1800;4zida;Husinskih rudara
77;Autokomanda, Voždovac opština;229000;2.5;2974;4zida;Admirala Vukovića
46;Beograd centar, Stari Grad opština;115000;2.0;2500;4zida;Dalmatinska
45;Skadarlija, Beograd centar, Stari Grad opština;126000;2.0;2800;4zida;Cetinjska
61;Banovo Brdo, Čukarica, Čukarica opština;173850;2.5;2850;4zida;Karpoševa
35;Saobraćajni fakultet, Voždovac, Voždovac opština;79000;1.0;2257;4zida;Ljuba Vučkovića
77;Vojvode Stepe, Voždovac opština;210000;2.0;2727;4zida;Vojvode Stepe 335V
86;Blok 11c - Stari Merkator, Blok 11, Novi Beograd;225000;3.0;2616;4zida;Luja Adamiča
95;Palilulska Pijaca, Palilula, Palilula opština;390000;3.0;4105;4zida;Đušina
122;Cvetni Trg, Vračar;385000;4.0;3156;4zida;Svetozara Markovića
138;Lion, Zvezdara opština;398500;4.5;2888;4zida;Bulevar kralja Aleksandra
73;Gradska Bolnica, Zvezdara opština;168000;3.0;2301;4zida;Preševska
90;Autokomanda, Voždovac opština;179000;4.0;1989;4zida;Bože Jankovića
97;Bežanijska kosa 2, Bežanijska kosa, Novi Beograd;250000;4.0;2577;4zida;Marka Čelebonovića
85;Mirijevo, Zvezdara opština;156000;4.0;1835;4zida;Koste Nađa
54;Sremčica, Čukarica opština;70000;2.0;1296;4zida;Dvoržakova
77;Voždovačka crkva, Voždovac opština;169900;3.0;2206;4zida;Vojvode Stepe
66;Karaburma, Palilula opština;170500;3.5;2583;4zida;Pribojska
61;Voždovac opština;109900;2.0;1802;4zida;Braće Jerković
108;Hram Svetog Save, Neimar, Vračar;288000;3.5;2667;4zida;Sokolska
81;Blok 64, Bežanijski Blokovi, Novi Beograd;169999;3.0;2099;4zida;Gandijeva
46;Paviljoni, Novi Beograd;105000;2.5;2283;4zida;General Ždanova
95;Blok 70, Novi Beograd;225000;3.5;2368;4zida;Jurija Gagarina
85;Botanička Bašta, Palilula opština;230000;3.5;2706;4zida;Šajkaška
56;Meandri, Zemun, Zemun opština;122000;2.0;2179;4zida;Bačka
58;Blok 1 - Fontana, Novi Beograd;150000;2.0;2586;4zida;Pariske komune
38;Novi Grad, Zemun, Zemun opština;99000;2.0;2605;4zida;Timočka
56;Šumice, Voždovac opština;142000;2.0;2536;4zida;Splitska
89;Lipov Lad, Zvezdara opština;260000;3.5;2921;4zida;Bulevar kralja Aleksandra
81;Savamala, Savski Venac;239000;3.5;2951;4zida;Svetozara Radića
104;Crveni Krst Vračar, Vračar;338000;4.0;3250;4zida;Starca Vujadina
116;Kalenić, Vračar;433000;4.0;3733;4zida;Hadži Prodanova
39;Palilula, Palilula opština;125000;1.0;3205;4zida;Jovana Avakumovića
101;Vukov Spomenik, Zvezdara opština;320000;4.0;3168;4zida;Vojvode Bogdana
150;Donji Dorćol, Dorćol, Stari Grad opština;685000;4.0;4567;4zida;Žorža Klemansoa
89;Zeleni Venac, Savski Venac;290000;3.5;3258;4zida;Gavrila Principa
189;Blok 19a, Novi Beograd;470000;3.0;2487;4zida;Vladimira Popovića
66;Blok 23, Novi Beograd;175000;3.5;2652;4zida;Bulevar Arsenija Čarnojevića
106;Slavija, Vračar;285000;3.0;2689;4zida;Makenzijeva
96;Beograd centar, Stari Grad opština;275000;3.5;2865;4zida;Kraljice Natalije
113;Savski Venac;350000;4.0;3097;4zida;Sarajevska
79;Dorćol, Stari Grad opština;329000;3.0;4165;4zida;Vojvode Dobrnjca
73;Palilula, Palilula opština;219000;3.0;3000;4zida;Svetozara Ćorovića bb
43;Altina, Zemun, Zemun opština;76000;1.5;1767;4zida;Ugrinovacki put
33;Altina, Zemun, Zemun opština;60000;1.5;1818;4zida;Ugrinovacki Put
39;Altina, Zemun, Zemun opština;69000;1.5;1769;4zida;Ugrinovacki Put
40;Altina, Zemun, Zemun opština;70000;1.0;1750;4zida;Ugrinovacki Put
96;Filmski Grad, Čukarica, Čukarica opština;190000;3.0;1979;4zida;Arčibalda Rajsa
67;Konjarnik (Voždovački deo), Voždovac opština;150000;2.0;2239;4zida;Vladimira Tomanovića
50;Skadarlija, Beograd centar, Stari Grad opština;169000;2.0;3380;4zida;Skadarska
44;Lekino Brdo, Voždovac opština;118000;1.5;2682;4zida;Bačvanska
70;Gornji Grad, Zemun, Zemun opština;164900;3.0;2356;4zida;Milana Uzelca
55;Batajnica, Zemun opština;98900;1.5;1798;4zida;Bihaćka
24;Batajnica, Zemun opština;51000;1.0;2125;4zida;Kralja Radoslava
61;Braće Jerković, Voždovac opština;125000;2.5;2049;4zida;Zaplanjska
48;Kneževac, Vidikovac, Rakovica opština;79500;1.5;1656;4zida;Slavka Rodića
56;Miljakovac II, Miljakovac, Rakovica opština;85000;2.0;1518;4zida;Nikole Marakovića
46;Cerak, Čukarica, Čukarica opština;90000;2.0;1957;4zida;Šavnička
36;Filmski Grad, Čukarica, Čukarica opština;48000;1.5;1333;4zida;Miloja Zakića
71;Blok 62, Bežanijski Blokovi, Novi Beograd;173500;2.0;2444;4zida;Jurija Gagarina
72;Vidikovac, Rakovica opština;168000;2.5;2333;4zida;Vidikovački venac
99;Donji Dorćol, Dorćol, Stari Grad opština;400000;3.0;4040;4zida;Budimska
35;Sremčica, Čukarica opština;63250;2.0;1807;4zida;Beogradska 63A
27;Sremčica, Čukarica opština;48950;1.0;1813;4zida;Beogradska 63
54;Sremčica, Čukarica opština;95150;3.0;1762;4zida;Beogradska 63
53;Sremčica, Čukarica opština;89650;3.0;1692;4zida;Beogradska 63A
75;Voždovac, Voždovac opština;185000;3.0;2467;4zida;Vojvode Stepe
66;Šumice, Voždovac opština;148000;2.0;2242;4zida;Vladimira Tomanovića
112;Blok 65 - WEST 65, Novi Beograd;515200;3.0;4600;4zida;Omladinskih brigada
72;Medaković 2, Medaković, Voždovac opština;135000;3.0;1875;4zida;Radovana Simića Cige
44;Zemun, Zemun opština;115651;1.5;2628;4zida;Sava Kovačević
80;Voždovac, Voždovac opština;160000;2.0;2000;4zida;Saobraćajni fakultet
82;Lekino Brdo, Voždovac opština;265000;4.0;3232;4zida;Maksima Gorkog
80;Borča III, Borča, Palilula opština;65000;2.5;813;4zida;Jna 59
50;Pregrevica, Zemun, Zemun opština;150000;2.0;3000;4zida;pregrevica
85;Bežanijski Blokovi, Novi Beograd;198000;3.5;2329;4zida;Jurija Gagarina
73;Hotel YU, Novi Beograd;210000;3.0;2877;4zida;Bulevar Maršala Tolbuhina
91;Čukarička Padina, Čukarica, Čukarica opština;219000;4.0;2407;4zida;Radnička
87;Lekino Brdo, Voždovac opština;250000;3.0;2874;4zida;Krusevacka
68;Đeram, Zvezdara opština;290000;3.0;4265;4zida;Bulevar Kralja Aleksandra
104;Humska, Savski Venac;295000;3.5;2837;4zida;Dobropoljska
33;Blok 64, Bežanijski Blokovi, Novi Beograd;65000;1.5;1970;4zida;Gandijeva
92;Donji Dorćol, Dorćol, Stari Grad opština;320000;3.0;3478;4zida;Carigradska
54;Mirijevo, Zvezdara opština;118000;2.5;2185;4zida;Zorana Radmilovića
125;Istočni Vračar, Vračar;415000;5.0;3320;4zida;Kičevska
36;Kalenić, Vračar;96000;1.0;2667;4zida;Njegoševa
74;Hram Svetog Save, Neimar, Vračar;213000;2.5;2878;4zida;Dubljanska
109;Hram Svetog Save, Neimar, Vračar;380000;4.0;3486;4zida;Katanićeva
55;Karaburma, Palilula opština;104000;2.0;1891;4zida;Husinskih rudara
83;Kalenić, Vračar;255000;3.0;3072;4zida;Mileševska
84;Lion, Zvezdara opština;238000;3.0;2833;4zida;Bulevar Kralja Aleksandra
30;Lekino Brdo, Voždovac opština;116000;0.5;3867;4zida;Belička
124;Voždovac, Voždovac opština;322400;4.0;2600;4zida;Vojvode Stepe
77;Vukov Spomenik, Zvezdara opština;219000;3.0;2844;4zida;Vojvode Brane
99;Zemun - Centar, Zemun, Zemun opština;250000;2.0;2525;4zida;Majakovskog
83;Mirijevo, Zvezdara opština;164000;3.5;1976;4zida;Kapetana Miloša Žunjića
38;Braće Jerković, Voždovac opština;99900;1.0;2629;4zida;Kraljevačka
53;Julino Brdo, Čukarica, Čukarica opština;102000;2.0;1925;4zida;Grigora Viteza
55;Beograd na vodi, Savski Venac;275000;2.0;5000;4zida;Bulevar Vudroa Vilsona
39;Medaković 2, Medaković, Voždovac opština;95000;1.0;2436;4zida;Radovana Simića Cige
34;Krunski Venac, Vračar;117900;2.0;3468;4zida;Hadži Prodanova
101;Blok 24, Novi Beograd;350000;4.0;3465;4zida;Bulevar Arsenija Čarnojevića
106;Skupština, Stari Grad opština;370000;4.0;3491;4zida;Vlajkovićeva
113;Tošin Bunar, Novi Beograd;299990;5.0;2655;4zida;Petra Kočića
93;Zeleni Venac, Savski Venac;283000;6.0;3043;4zida;Karađorđeva
55;Skojevsko Naselje, Rakovica opština;137500;2.5;2500;4zida;Luke Vojvodića
61;Crveni Krst Zvezdara, Zvezdara opština;250000;2.5;4098;4zida;Dravska
39;Beograd centar, Stari Grad opština;125000;1.0;3205;4zida;Jovana Avakumovića
69;Mirijevo, Zvezdara opština;155000;2.5;2246;4zida;Radeta Markovića
73;Voždovac opština;145000;2.5;1986;4zida;Braće Jerković
103;Beograd centar, Stari Grad opština;618000;4.0;6000;4zida;Stevana Sremca 12
66;Lekino Brdo, Voždovac opština;200000;2.5;3030;4zida;Miklošićeva
32;Ledine, Novi Beograd;57000;1.5;1781;4zida;Danice Kojić 9
35;Vidikovačka Padina, Vidikovac, Rakovica opština;60000;1.5;1714;4zida;Prvoboraca 41d
72;Mirijevo, Zvezdara opština;147000;2.5;2042;4zida;Mirka Banjevića
71;Banovo Brdo, Čukarica, Čukarica opština;170000;2.0;2394;4zida;Kraljice Katarine
66;Blok 23, Novi Beograd;175000;2.5;2652;4zida;Bulevar Arsenija Čarnojevića
48;Altina, Zemun, Zemun opština;91200;2.0;1900;4zida;Ugrinovački put VIII deo 34
55;Altina, Zemun, Zemun opština;104500;2.0;1900;4zida;Ugrinovački put VIII deo 34
88;Altina, Zemun, Zemun opština;115000;2.0;1307;4zida;Ugrinovačka VIII deo
125;Bežanijska kosa 1, Bežanijska kosa, Novi Beograd;90000;4.0;1200;4zida;KOSA KVART
63;Cerak Vinogradi, Čukarica, Čukarica opština;129500;2.5;2056;4zida;Vinogradski Venac
55;Karaburma, Palilula opština;115000;2.5;2091;4zida;Lipetska
84;Stepa Stepanović, Voždovac opština;235000;3.0;2798;4zida;Šumadijske divizije
111;Vračar;279000;3.0;2514;4zida;Crveni Krst Vračar
22;Karaburma, Palilula opština;64500;0.5;2932;4zida;Pera Ćetkovića
90;Skupština, Stari Grad opština;290000;3.5;3222;4zida;Palmotićeva
36;Lekino Brdo, Voždovac opština;130000;2.0;3611;4zida;Rada Neimara
31;Kumodraž, Voždovac opština;70000;1.0;2258;4zida;Torlak
121;Vidikovac, Rakovica opština;283000;4.0;2339;4zida;Kneza Višeslava
27;Mirijevo, Zvezdara opština;56990;0.5;2111;4zida;Radmile Savićević
58;Mirijevo, Zvezdara opština;105000;2.0;1810;4zida;Aleksandra Tomaševića
75;Blok 11c - Stari Merkator, Blok 11, Novi Beograd;203000;3.0;2707;4zida;Palmira Toljatija
86;Palilula, Palilula opština;240000;3.5;2791;4zida;Bulevar Despota Stefana
61;Karaburma, Palilula opština;122000;2.0;2000;4zida;Husinskih rudara
60;Novi Beograd;201000;2.5;3350;4zida;Blok 70
62;Zemun - Centar, Zemun, Zemun opština;190000;2.0;3065;4zida;dr Petra Markovića
51;Rvati, Obrenovac opština;84150;2.0;1650;4zida;Vlaška Bašta 6
55;Karaburma II, Karaburma, Palilula opština;110000;3.0;2000;4zida;Stevana Dukica
166;Autokomanda, Voždovac opština;670000;5.0;4036;4zida;Koste Jovanovića
147;Bežanijska kosa, Novi Beograd;310000;5.0;2109;4zida;Marka Čelebonovića
108;Savski Venac;310000;4.0;2870;4zida;Kneza Miloša
83;Crveni Krst Vračar, Vračar;255000;3.0;3072;4zida;Mileševska
73;Kanarevo Brdo, Rakovica opština;145000;3.0;1986;4zida;Vukasovićeva
79;Trošarina, Voždovac opština;239000;3.0;3025;4zida;Pazinska
54;Stepa Stepanović, Voždovac opština;99900;1.5;1850;4zida;Bulevar Peka Dapčevića
68;Blok 34, Novi Beograd;180000;3.0;2647;4zida;Bulevar Zorana Đinđića
95;Vidikovac, Rakovica opština;249000;3.5;2621;4zida;Vidikovački venac
43;Ledine, Novi Beograd;90174;2.0;2097;4zida;Kolumbova
51;Zemun - Centar, Zemun, Zemun opština;162700;2.0;3190;4zida;Pregrevica
149;Vračar;385000;4.0;2584;4zida;Južni Bulevar
58;Učiteljsko Naselje, Zvezdara opština;144738;2.0;2495;4zida;Paje Jovanovića 11
93;Lekino Brdo, Voždovac opština;241000;4.0;2591;4zida;Todora Dukina
72;Bežanijska kosa 2, Bežanijska kosa, Novi Beograd;145000;3.0;2014;4zida;Ismeta Mujezinovića
126;Filmski Grad, Čukarica, Čukarica opština;339000;4.0;2690;4zida;Kneza Viseslava 61
95;Zemun, Zemun opština;231966;3.5;2442;4zida;Banatska
142;Banovo Brdo, Čukarica, Čukarica opština;570000;5.0;4014;4zida;Tuniska
130;Banovo Brdo, Čukarica, Čukarica opština;460000;4.0;3538;4zida;Tuniska
93;Crveni Krst Vračar, Vračar;219900;3.5;2365;4zida;Metohijska
33;Žarkovo, Čukarica, Čukarica opština;80000;1.5;2424;4zida;Ratka Mitrovića
138;Banovo Brdo, Čukarica, Čukarica opština;350000;5.0;2536;4zida;Beogradskog bataljona
48;Kaluđerica, Grocka opština;45000;3.0;938;4zida;Karađorđeva
76;Palata Pravde, Savski Venac;228000;2.5;3000;4zida;Dr Aleksandra Kostića
96;Bežanijska kosa, Novi Beograd;203000;3.0;2115;4zida;Peđe Milosavljevića
93;Voždovačka crkva, Voždovac opština;129600;4.0;1825;4zida;Nestora Žučnog ( Kod Voždovačke Crkve)
81;Bogoslovija, Palilula opština;220000;3.5;2716;4zida;Bulevar despota Stefana
125;Vidikovac, Rakovica opština;339000;4.0;2712;4zida;Kneza Višeslava
36;Kalemegdan, Stari Grad opština;210000;1.0;5833;4zida;Bulevar vojvode Bojovića
60;Rakovica, Rakovica opština;107000;3.0;1783;4zida;Pilota Mihaila Petrovića
64;Krunski Venac, Vračar;285000;2.0;4453;4zida;Smiljanićeva
90;Cerak Vinogradi, Čukarica, Čukarica opština;250000;3.5;2778;4zida;Omorika
79;Botanička Bašta, Palilula opština;329000;3.0;4165;4zida;Vojvode Dobrnjca
48;Sportski centar Vračar (SC Vračar), Vračar;179000;2.0;3729;4zida;Požarevačka
97;Vidikovac, Rakovica opština;249000;3.5;2567;4zida;Vidikovački venac
57;Kalenić, Vračar;204000;3.0;3579;4zida;Kičevska
51;Miljakovac I, Miljakovac, Rakovica opština;109650;2.5;2150;4zida;Stanka Paunovića Veljka
69;Krunski Venac, Vračar;219000;3.5;3174;4zida;Prote Mateje
73;Banjica, Voždovac opština;150000;3.0;2055;4zida;Bulevar oslobođenja
57;Cvetkova Pijaca, Zvezdara opština;159000;2.0;2789;4zida;Vojvode Dovezenskog
46;Cvetkova Pijaca, Zvezdara opština;135000;2.0;2935;4zida;Vojvode Dovezenskog
86;Južni Bulevar, Vračar;310000;3.0;3605;4zida;Politova
85;Kalenić, Vračar;305000;4.0;3588;4zida;Kursulina
50;Karaburma, Palilula opština;95000;2.0;1900;4zida;Husinskih rudara
64;Mirijevo, Zvezdara opština;137000;2.5;2141;4zida;Aleksandra Belića
69;Voždovac opština;149900;2.5;2172;4zida;Braće Jerković
89;Beograđanka, Savski Venac;285000;3.0;3202;4zida;Kneza Miloša
65;Bogoslovija, Palilula opština;155000;3.0;2385;4zida;Preradovićeva
21;Zeleni Venac, Savski Venac;70000;0.5;3333;4zida;Kraljice Natalije
115;Beograd centar, Stari Grad opština;345000;4.0;3000;4zida;Balkanska
225;Dedinje, Savski Venac;650000;4.0;2889;4zida;Kronštatska
30;Kluz, Zvezdara opština;125000;1.0;4167;4zida;Milana Rakića
47;Mirijevo, Zvezdara opština;83000;1.5;1766;4zida;Bogdana Bogdanovića
47;Crveni Krst Vračar, Vračar;150000;1.0;3191;4zida;Metohijska
41;Voždovac, Voždovac opština;112000;1.5;2732;4zida;Ljuba Vučkovića
55;Zemun Polje, Zemun, Zemun opština;77000;2.0;1400;4zida;Bertranda Rasela
53;Banovo Brdo, Čukarica, Čukarica opština;123500;3.0;2330;4zida;Požeška
24;Zvezdara, Zvezdara opština;42786;0.5;1783;4zida;Milića od Mačve
32;Slavija, Vračar;125000;1.0;3906;4zida;Kneginje Zorke
27;Bele Vode, Čukarica, Čukarica opština;58000;1.0;2148;4zida;Buda Tomovića
55;Autokomanda, Savski Venac;192500;2.5;3500;4zida;Dobropoljska
40;Autokomanda, Savski Venac;140000;2.0;3500;4zida;Dobropoljska
42;Učiteljsko Naselje, Zvezdara opština;50000;1.5;1190;4zida;Paje Jovanovića
65;Zemun, Zemun opština;169000;2.5;2600;4zida;Pregrevica
56;Ledine, Novi Beograd;115300;2.5;2059;4zida;Valtrovićeva
74;Zemun, Zemun opština;90000;3.0;1837;4zida;Zelena avenija 5
36;Braće Jerković, Voždovac opština;80000;1.5;2222;4zida;Zaplanjska
38;Železnik, Čukarica, Čukarica opština;65440;2.0;1722;4zida;Ilije Čalića
58;Kanarevo Brdo, Rakovica opština;122500;2.5;2112;4zida;Petra Konjovića
71;Vojvode Vlahovića Voždovac, Voždovac opština;110000;4.0;1549;4zida;Milovana Vidakovića
88;Golf Naselje, Čukarica, Čukarica opština;222000;4.5;2523;4zida;Petra Martinovića
67;Voždovac opština;150000;2.0;2239;4zida;Pašino brdo
65;Profesorska Kolonija, Palilula opština;220000;2.5;3385;4zida;Kopernikova
101;Kneževac, Vidikovac, Rakovica opština;205000;4.0;2030;4zida;Gočka
57;Voždovac opština;171000;2.5;3000;4zida;Šumice
50;Savamala, Savski Venac;189000;3.0;3780;4zida;Gavrila Principa
54;Sava Kovačević, Zemun, Zemun opština;105000;2.0;1944;4zida;Miće Radakovića
76;Gornji Grad, Zemun, Zemun opština;150000;2.0;1974;4zida;Cara Dušana
56;Đeram, Zvezdara opština;160500;2.5;2866;4zida;Šabačka
44;Sava Kovačević, Zemun, Zemun opština;110000;2.0;2500;4zida;Bosanska
87;Đeram, Zvezdara opština;235500;3.0;2707;4zida;Šabačka
50;Borča, Palilula opština;90000;2.0;1800;4zida;Ratnih vojnih invalida
44;Rakovica - Centar, Rakovica, Rakovica opština;74000;1.0;1682;4zida;Janković Stojana
90;Bežanijska kosa, Novi Beograd;225000;3.5;2500;4zida;Nikole Dobrovića
56;Šumice, Voždovac opština;147000;2.5;2625;4zida;Ustanička
28;Bulbulder, Zvezdara opština;110000;0.5;3929;4zida;Dimitrija Tucovića
42;Donji Grad, Zemun, Zemun opština;125000;2.0;2976;4zida;Bosanska
63;Miljakovac I, Miljakovac, Rakovica opština;107000;2.0;1698;4zida;Čelebićka
81;Bežanijska kosa 3, Bežanijska kosa, Novi Beograd;219000;3.0;2704;4zida;Nede Spasojević
77;Studentski Trg, Beograd centar, Stari Grad opština;415000;3.0;5390;4zida;Simina
59;Julino Brdo, Čukarica, Čukarica opština;130000;2.5;2203;4zida;Marine Veličković
96;Beograd centar, Stari Grad opština;275000;3.5;2865;4zida;Kraljice Natalije
34;Blok 65 - WEST 65, Novi Beograd;154990;1.0;4559;4zida;Tadije Sondermajera
172;Učiteljsko Naselje, Zvezdara opština;320000;2.5;1860;4zida;Učiteljska
125;Banovo Brdo, Čukarica, Čukarica opština;230000;3.5;1840;4zida;Dostojevskog
80;Surčin opština;120000;3.0;1500;4zida;Dobanovci
57;Gradska Bolnica, Zvezdara opština;220000;2.5;3860;4zida;Velebitska
100;Crveni Krst Vračar, Vračar;239999;4.0;2400;4zida;Golubačka
103;Neimar, Vračar;387000;4.0;3757;4zida;Janka Veselinovića
89;Mirijevo, Zvezdara opština;152000;4.0;1708;4zida;Kapetana Miloša Žunjića
62;Kalenić, Vračar;150000;2.0;2419;4zida;Mileševska
84;Mirijevo, Zvezdara opština;167460;3.0;1994;4zida;Kapetana Miloša Žunjića
154;Banovo Brdo, Čukarica, Čukarica opština;360000;3.0;2338;4zida;Toše Jovanovića
66;Mirijevo, Zvezdara opština;120000;3.0;1818;4zida;Vitezova Karađorđeve Zvezde
72;Kalenić, Vračar;285000;2.0;3958;4zida;Njegoševa
80;Gornji Grad, Zemun, Zemun opština;245000;3.5;3063;4zida;Pregrevica
167;Vukov Spomenik, Zvezdara opština;580000;5.0;3473;4zida;Kumanovska
75;Mirijevo, Zvezdara opština;144840;3.0;1931;4zida;Vitezova Karađorđeve Zvezde
117;Mirijevo, Zvezdara opština;225000;4.0;1923;4zida;Miroslava Jovanovića
67;Crveni Krst Vračar, Vračar;180500;2.0;2694;4zida;Mileševska
53;Miljakovac III, Miljakovac, Rakovica opština;75000;2.0;1399;4zida;Miljakovačke Staze
104;Petlovo Brdo, Rakovica opština;198000;3.5;1904;4zida;Omladinsko šetalište
73;Beograd na vodi, Savski Venac;438000;3.0;6000;4zida;Hercegovacka
70;Vojvode Stepe, Voždovac opština;64500;2.5;1792;4zida;Vojvoda Residence
83;Karaburma, Palilula opština;120000;2.5;1446;4zida;Dr Drage Ljočić
65;Crveni Krst Vračar, Vračar;215500;2.5;3315;4zida;Velimira Todorovića
41;Kluz, Zvezdara opština;81180;1.5;1980;4zida;Keltska
89;Labudovo Brdo, Rakovica opština;200000;3.5;2247;4zida;11. krajiške divizije
36;Lekino Brdo, Voždovac opština;64500;1.0;1792;4zida;Garibaldijeva
82;Zemun Polje, Zemun, Zemun opština;95000;2.0;1159;4zida;Sergeja Jesenjina
140;Beograd centar, Stari Grad opština;650000;4.0;4643;4zida;Bulevar despota Stefana
56;Karaburma, Palilula opština;111000;3.5;1982;4zida;Pabla Nerude
59;Dorćol, Stari Grad opština;327000;2.0;5542;4zida;Venizelosova
52;Gornji Grad, Zemun, Zemun opština;145860;2.5;2805;4zida;Alaska
52;Mirijevo, Zvezdara opština;97000;2.5;1865;4zida;Lazara Trifunovića
67;Zemun, Zemun opština;221100;2.5;3300;4zida;Pregrevica
57;Gornji Grad, Zemun, Zemun opština;159000;3.0;2789;4zida;Dragana Rakića
61;Mirijevo, Zvezdara opština;142500;3.0;2336;4zida;Ljube Danilovića
32;Karaburma, Palilula opština;75000;1.5;2344;4zida;Patrisa Lumumbe
39;Karaburma, Palilula opština;68000;1.5;1744;4zida;Garsija Lorke
33;Dorćol, Stari Grad opština;125000;1.5;3788;4zida;Venizelesova
43;Altina, Zemun, Zemun opština;77400;1.5;1800;4zida;Ugrinovački put
92;Voždovac, Voždovac opština;255000;3.0;2772;4zida;Vojvode Stepe
98;Banovo Brdo, Čukarica, Čukarica opština;310000;3.5;3163;4zida;Požeška
33;Mirijevo, Zvezdara opština;63500;1.5;1924;4zida;Kapetana Miloša Žunjića
34;Karaburma, Palilula opština;95000;2.0;2794;4zida;Aleksandra Fleminga
94;Voždovac, Voždovac opština;165000;3.5;1755;4zida;Vojvode Stepe
48;Voždovac, Voždovac opština;126000;1.5;2625;4zida;Ljuba Vučkovića
34;Kalenić, Vračar;67000;1.5;1971;4zida;Cara Nikolaja II
52;Voždovac, Voždovac opština;120000;2.5;2308;4zida;Bulevar Peka Dapčevića
105;Hram Svetog Save, Neimar, Vračar;350000;3.0;3333;4zida;Čuburska
60;Mirijevo, Zvezdara opština;127500;2.0;2125;4zida;Mirijevski venac
40;Voždovac, Voždovac opština;77000;1.5;1925;4zida;Jove Ilića
84;Vračar;375000;3.5;4464;4zida;Mlade Bosne
80;Lekino Brdo, Voždovac opština;198000;4.0;2475;4zida;Rade Končara
39;Mirijevo, Zvezdara opština;73000;2.0;1872;4zida;Mihaila Bulgakova
45;Voždovac, Voždovac opština;99000;1.0;2200;4zida;Vitanovačka
54;Banjica, Voždovac opština;129900;2.0;2406;4zida;Radomira Markovića
64;Dedinje, Savski Venac;281644;3.0;4401;4zida;Miće Orlovića
48;Banjica, Voždovac opština;125000;2.0;1953;4zida;Josipa Slavenskog 13-15
55;Gornji Grad, Zemun, Zemun opština;165000;2.5;3000;4zida;Koruška
65;Altina, Zemun, Zemun opština;126750;3.0;1950;4zida;Aleksandra Petrovića
61;Voždovac, Voždovac opština;120000;2.0;1967;4zida;Bulevar Peka Dapčevića
69;Mirijevo, Zvezdara opština;125000;3.0;1812;4zida;Kapetana Miloša Žunjića
140;Zemun, Zemun opština;395000;4.0;2821;4zida;Svetozara Miletića
54;Miljakovac, Rakovica opština;105500;2.0;1954;4zida;Nikole Marakovića
70;Gornji Grad, Zemun, Zemun opština;177800;3.0;2540;4zida;Banijska
100;Mirijevo, Zvezdara opština;160000;3.5;1600;4zida;Šejkina
32;Sopot opština;68259;2.0;2090;4zida;Kosmaj Residence by Tesla Palace
100;Mirijevo, Zvezdara opština;160000;5.0;1600;4zida;Rableova
70;Mirijevo, Zvezdara opština;135000;3.5;1929;4zida;Dragoslava Srejovića
43;Hram Svetog Save, Neimar, Vračar;149000;2.5;3465;4zida;Dubljanska
49;Zemun, Zemun opština;162000;2.5;3306;4zida;Kneza Pavla Karađorđevića
44;Mirijevo, Zvezdara opština;91960;2.0;2090;4zida;Kapetana Miloša Žunjića
49;Mirijevo, Zvezdara opština;102410;2.0;2090;4zida;Kapetana Miloša Žunjića
50;Vojvode Stepe, Voždovac opština;137940;2.0;2090;4zida;Vojvode Stepe 391
66;Mirijevo, Zvezdara opština;137940;3.0;2090;4zida;Kapetana Miloša Žunjića
30;Karaburma, Palilula opština;71500;1.0;2383;4zida;Sime Šolaje
71;Mladenovac centar, Mladenovac opština;440000;3.0;4314;4zida;Kralja Petra Prvog 111
44;Karaburma, Palilula opština;110000;2.0;2500;4zida;Salvadora Aljendea
68;Blok 29, Novi Beograd;185000;3.0;2721;4zida;Bulevar Umetnosti
105;Čubura, Vračar;371958;4.0;3520;4zida;Šumatovačka 130
34;Borča, Palilula opština;56500;0.5;1662;4zida;Valjevskog odreda
33;Višnjička Banja, Palilula opština;80000;1.5;2424;4zida;Mirka Milojkovića
55;Rvati, Obrenovac opština;97842;2.0;1750;4zida;Stambeni objekat - KNEŽEVI KONACI
68;Lekino Brdo, Voždovac opština;313000;3.0;4603;4zida;Tetovska
65;Obrenovac, Obrenovac opština;122802;3.0;1870;4zida;Centar - Kneza Mihaila
44;Novi Beograd;88000;2.0;2000;4zida;Ledine
65;Altina, Zemun, Zemun opština;124000;3.0;1908;4zida;Aleksandra Petrovića
53;Blok 63, Bežanijski Blokovi, Novi Beograd;230000;3.0;4340;4zida;Jurija Gagarina
75;Voždovac opština;185000;3.0;2467;4zida;Vojvode Stepe
78;Labudovo Brdo, Rakovica opština;149000;3.0;1910;4zida;Generala Zgonjanina
56;Mladenovac centar, Mladenovac opština;175100;2.0;2575;4zida;Kralja Petra Prvog 82
86;Crveni Krst Zvezdara, Zvezdara opština;270000;2.0;3140;4zida;Golubačka
53;Neimar, Vračar;164999;1.0;3113;4zida;Hadži Melentijeva
90;Gornji Grad, Zemun, Zemun opština;130000;4.0;1444;4zida;Železnička kolonija
51;Neimar, Vračar;164999;1.5;3235;4zida;Hadži Melentijeva
84;Blok 8a - Paviljoni, Paviljoni, Novi Beograd;179000;2.0;2131;4zida;Otona Župančiča
96;Đeram, Zvezdara opština;204800;4.0;2133;4zida;Tršćanska
27;Vukov Spomenik, Zvezdara opština;89100;1.5;3300;4zida;Zahumska
74;Vidikovac, Rakovica opština;230000;5.0;3108;4zida;Patrijarha Joanikija
143;Mirijevo III, Mirijevo, Zvezdara opština;194000;3.0;1357;4zida;Vlastimira Đuze Stojiljkovića
100;Istočni Vračar, Vračar;695000;4.0;6950;4zida;Krunska
46;Karaburma, Palilula opština;89000;2.0;1935;4zida;Drenovačka
79;Mladenovac centar, Mladenovac opština;86000;4.0;2263;4zida;Magdalena Koncept
66;Palata Pravde, Savski Venac;228000;2.0;3455;4zida;Durmitorska
74;Bulbulder, Zvezdara opština;179000;3.0;2419;4zida;Dimitrija Tucovića
87;Kalvarija, Zemun, Zemun opština;227118;4.0;2585;4zida;Marije Bursac 42
39;Zvezdara opština;145000;1.5;3718;4zida;Bulbulder
92;Vojvode Stepe, Voždovac opština;281000;3.0;3054;4zida;Vojvode Stepe 355
63;Novi Beograd;194000;2.0;3079;4zida;Bežanijska kosa
92;Bežanijska kosa, Novi Beograd;275000;3.0;2989;4zida;Magelanova 8
30;Zvezdara, Zvezdara opština;54738;1.5;1825;4zida;Milića od Mačve
73;Palilulska Pijaca, Palilula, Palilula opština;215000;3.0;2945;4zida;Dalmatinska
68;Konjarnik, Zvezdara opština;165000;2.5;2426;4zida;Bulevar Kralja Aleksandra
144;Voždovac, Voždovac opština;333000;6.0;2313;4zida;Kapetana Zavišića
82;Vračar;280000;3.0;3415;4zida;Južni Bulevar
88;Autokomanda, Voždovac opština;269500;4.0;3063;4zida;Bože Jankovića
71;Beograđanka, Savski Venac;178750;2.5;2518;4zida;Sarajevska
90;Karaburma, Palilula opština;130000;3.0;1444;4zida;Pera Ćetkovića
84;Neimar, Vračar;370000;3.5;4405;4zida;Mlade Bosne
80;Zvezdara, Zvezdara opština;395000;3.0;2633;4zida;Zvezdarski vidik
125;Banovo Brdo, Čukarica, Čukarica opština;250000;3.5;2000;4zida;Dostojevskog
46;Voždovac opština;129000;2.5;2804;4zida;Braće Jerković
66;Mirijevo, Zvezdara opština;130000;2.0;1970;4zida;Radeta Markovića
28;Gornji Dorćol, Dorćol, Stari Grad opština;108000;0.5;3857;4zida;Strahinjića Bana
38;Sava Kovačević, Zemun, Zemun opština;109000;1.5;2868;4zida;Mića Radakovića
54;Mirijevo, Zvezdara opština;135000;2.0;2500;4zida;Radeta Markovića
75;Severni Bulevar, Zvezdara opština;235000;3.0;3133;4zida;Pante Srećkovića
52;Meandri, Zemun, Zemun opština;132000;2.0;2538;4zida;Banijska
201;Hram Svetog Save, Neimar, Vračar;908055;5.0;4518;4zida;Bulevar oslobođenja
84;Botanička Bašta, Palilula opština;205000;3.0;2440;4zida;Bulevar despota Stefana
39;Banovo Brdo, Čukarica, Čukarica opština;115000;1.5;2949;4zida;Paštrovićeva
65;Voždovac, Voždovac opština;191750;3.0;2950;4zida;Kostolačka
40;Blok 61, Bežanijski Blokovi, Novi Beograd;130000;2.0;3250;4zida;Jurija Gagarina
83;Neimar, Vračar;350000;4.0;4217;4zida;Šumatovačka
108;Saobraćajni fakultet, Voždovac, Voždovac opština;299000;3.0;2769;4zida;Bulevar oslobođenja
59;Donji Dorćol, Dorćol, Stari Grad opština;340000;2.0;5763;4zida;Venizelosova
60;Botanička Bašta, Palilula opština;215000;2.5;3583;4zida;Drinčićeva
61;Dušanovac, Voždovac opština;175000;2.5;2869;4zida;Vojvode Skopljanca
39;Mirijevo, Zvezdara opština;82500;2.0;2115;4zida;Predraga Vasića
140;Mladenovac centar, Mladenovac opština;650000;3.0;2889;4zida;ODILIJA ZLATNI BLOK
37;Stari Grad opština;189000;1.5;5108;4zida;Terazije
45;Čukarička Padina, Čukarica, Čukarica opština;130000;2.0;2889;4zida;Stevana Đurđevića Trošarinca
73;Voždovačka crkva, Voždovac opština;204400;3.0;2800;4zida;Vojvode Stepe
60;Neimar, Vračar;299000;2.0;4983;4zida;Gospodara Vučića
64;Voždovac opština;224000;3.0;3500;4zida;Lekino Brdo
47;Braće Jerković, Voždovac opština;142000;2.0;3021;4zida;Jovana Bijelića
129;Dedinje, Savski Venac;480000;4.0;3721;4zida;Slavka Ćuruvije
70;Meandri, Zemun, Zemun opština;162000;2.5;2314;4zida;Bačka
61;Kluz, Zvezdara opština;132000;1.5;2164;4zida;Voje Veljkovića
43;Medaković 3, Medaković, Voždovac opština;104000;1.0;2419;4zida;Borivoja Stevanovića
97;Crveni Krst Vračar, Vračar;350000;4.0;3608;4zida;Metohijska
52;Karaburma, Palilula opština;110000;2.0;2115;4zida;Juhorska
37;Sava Kovačević, Zemun, Zemun opština;110000;1.0;2973;4zida;Mića Radakovića
56;Dedinje, Savski Venac;195000;3.0;3482;4zida;Mihaila Avramovića
50;Višnjička Banja, Palilula opština;115000;2.5;2300;4zida;Slobodana Jovanovića
43;Neimar, Vračar;149000;2.5;3465;4zida;Dubljanska
60;Donji Dorćol, Dorćol, Stari Grad opština;240000;2.0;4000;4zida;Dunavski kej
149;Voždovac, Voždovac opština;387400;3.0;2600;4zida;Vojvode Stepe
67;Đeram, Zvezdara opština;175000;3.5;2612;4zida;Đuke Dinić
54;Grocka, Grocka opština;52700;1.5;976;4zida;Luneta Milovanovića
66;Karaburma, Palilula opština;122000;2.5;1848;4zida;Dr. Nika Miljanića
160;Medaković, Voždovac opština;130000;6.0;813;4zida;Rastka Petrovića
110;Banovo Brdo, Čukarica, Čukarica opština;300000;4.0;2727;4zida;Blagoja Parovića
55;Karaburma, Palilula opština;100000;2.5;1818;4zida;Dragoslava Srejovića
76;Lekino Brdo, Voždovac opština;205000;3.0;2697;4zida;Todora Dukina
84;Veliki Mokri Lug, Zvezdara opština;142000;3.5;1690;4zida;Teodorina
52;Zvezdara, Zvezdara opština;67000;2.5;1288;4zida;Smederevski put
56;Karaburma, Palilula opština;100000;1.5;1786;4zida;Mirijevsko brdo
108;Trošarina, Voždovac opština;299000;3.0;2769;4zida;Bulevar Oslobođenja
85;Autokomanda, Voždovac opština;215000;3.0;2529;4zida;Kumodraška
79;Mirijevo, Zvezdara opština;144000;3.5;1823;4zida;Koste Nađa
57;Žarkovo, Čukarica, Čukarica opština;115000;3.0;2018;4zida;Šavnička
37;Kalemegdan, Stari Grad opština;164000;1.5;4432;4zida;Tadeuša Košćuška
55;Karaburma, Palilula opština;120000;2.0;2182;4zida;Dr. Đorđa Joanovića
39;Dr Ivan Ribar, Blok 71, Novi Beograd;90000;1.0;2308;4zida;Dr. Ivana Ribara
65;Dorćol, Stari Grad opština;105000;3.0;1615;4zida;Cara Dusana
52;Voždovac, Voždovac opština;118000;2.5;2269;4zida;Ustanička
86;Banovo Brdo, Čukarica, Čukarica opština;115000;4.0;1337;4zida;Lješka
78;Mirijevo, Zvezdara opština;140000;3.0;1795;4zida;Vojina Đurašinovića Kostje
34;Višnjička Banja, Palilula opština;81000;1.5;2382;4zida;Mirka Milojkovića
34;Višnjička Banja, Palilula opština;80000;1.5;2353;4zida;Sunnyville, Mirka Milojkovica 1
85;Vidikovac, Rakovica opština;155000;3.5;1824;4zida;Vidikovački venac
49;Meandri, Zemun, Zemun opština;123000;2.0;2510;4zida;Bačka
45;Skupština, Stari Grad opština;190000;2.0;4222;4zida;Kosovska
94;Konjarnik, Zvezdara opština;207000;4.0;2202;4zida;Blagajska
62;Tovilište, Padinska Skela, Palilula opština;74000;2.5;1194;4zida;Industrijska
55;Cvijićeva, Palilula opština;183000;1.5;3327;4zida;Bulevar Despota Stefana
91;Dedinje, Savski Venac;330000;4.0;3626;4zida;Miloja Đaka
23;Knez Mihailova, Beograd centar, Stari Grad opština;118000;1.0;5130;4zida;Cara Lazara
34;Voždovac opština;59000;1.5;1735;4zida;Lekino Brdo
63;Železnik, Čukarica, Čukarica opština;102000;2.0;1619;4zida;Svete Milutinovica
16;Dedinje, Savski Venac;53000;0.5;3313;4zida;Miće Orlovića
96;Istočni Vračar, Vračar;285000;6.0;2969;4zida;Kneza Miloša
63;Mladenovac centar, Mladenovac opština;91495;3.0;1452;4zida;Kralja Aleksandra Obrenovića
50;Mladenovac centar, Mladenovac opština;73515;2.0;1470;4zida;Kralja Aleksandra Obrenovića
45;Mladenovac centar, Mladenovac opština;65250;2.0;1450;4zida;Kralja Aleksandra Obrenovića
40;Mladenovac centar, Mladenovac opština;59305;2.0;1483;4zida;Kralja Aleksandra Obrenovića
50;Mladenovac centar, Mladenovac opština;72645;2.0;1453;4zida;Kralja Aleksandra Obrenovića
41;Mladenovac centar, Mladenovac opština;59740;2.0;1457;4zida;Kralja Aleksandra Obrenovića
64;Mladenovac centar, Mladenovac opština;93815;3.0;1466;4zida;Kralja Aleksandra Obrenovića
54;Mladenovac centar, Mladenovac opština;78300;2.0;1450;4zida;Kralja Aleksandra Obrenovića
47;Mladenovac centar, Mladenovac opština;68150;2.0;1450;4zida;Kralja Aleksandra Obrenovića
61;Mladenovac centar, Mladenovac opština;88885;3.0;1457;4zida;Kralja Aleksandra Obrenovića
30;Mladenovac centar, Mladenovac opština;44370;1.0;1479;4zida;Kralja Aleksandra Obrenovića
116;Beograd centar, Stari Grad opština;360000;4.0;3103;4zida;Hilandarska
39;Mirijevo, Zvezdara opština;73000;1.5;1872;4zida;Mihaila Bulgakova
67;Vukov Spomenik, Zvezdara opština;235000;3.0;3507;4zida;Dimitrija Tucovica
59;Bulbulder, Zvezdara opština;129000;4.0;2186;4zida;Veljka Dugoševića
55;Medaković 3, Medaković, Voždovac opština;134000;2.0;2436;4zida;Braće Srnić
87;Dušanovac, Voždovac opština;190000;3.0;2184;4zida;Ustanička
56;Bežanijska kosa 2, Bežanijska kosa, Novi Beograd;157000;2.0;2804;4zida;Pedje Milosavljevica
72;Žarkovo, Čukarica, Čukarica opština;145000;3.0;2014;4zida;Braće Škerovića
56;Karaburma, Palilula opština;107500;3.0;1920;4zida;Danteova
54;Borča, Palilula opština;125000;3.0;2315;4zida;Save Maleševića
84;Bežanijska kosa 2, Bežanijska kosa, Novi Beograd;209000;3.5;2488;4zida;Marka Čelebonovića
42;Altina, Zemun, Zemun opština;79900;2.0;1902;4zida;Ugrinovački put
96;Vračar;285000;4.0;2969;4zida;Kneza Miloša
41;Skojevsko Naselje, Rakovica opština;92000;1.5;2244;4zida;Luke Vojvodića
59;Vračar;195000;2.0;3305;4zida;Čubura
58;Zemun, Zemun opština;148000;2.0;2552;4zida;Prvomajska
43;Trg Republike, Beograd centar, Stari Grad opština;197000;2.5;4581;4zida;Francuska
74;Altina, Zemun, Zemun opština;114700;3.0;1550;4zida;Pavla Vujisića
45;Borča, Palilula opština;58000;1.5;1289;4zida;Ranka Miljića
21;Južni Bulevar, Vračar;70000;1.0;3333;4zida;Maksima Gorkog
130;Savski Venac;215000;5.0;1654;4zida;Senjak
81;Dedinje, Savski Venac;220000;3.0;2716;4zida;Mihaila Avramovića
110;Vukov Spomenik, Zvezdara opština;462000;4.0;4200;4zida;Čelopečka
105;Vukov Spomenik, Zvezdara opština;441000;4.0;4200;4zida;Čelopečka
66;Vukov Spomenik, Zvezdara opština;277200;3.0;4200;4zida;Čelopečka
107;Vukov Spomenik, Zvezdara opština;449400;4.0;4200;4zida;Čelopečka
78;Vukov Spomenik, Zvezdara opština;327600;3.0;4200;4zida;Čelopečka
88;Autokomanda, Voždovac opština;275000;4.0;3125;4zida;Bože Jankovića
92;Autokomanda, Voždovac opština;289000;3.0;3141;4zida;Bože Jankovića
138;Lion, Zvezdara opština;263000;5.0;1906;4zida;Gvozdićeva
120;Banovo Brdo, Čukarica, Čukarica opština;315000;3.0;2625;4zida;Nodilova
39;Lekino Brdo, Voždovac opština;147000;1.0;3769;4zida;Garibaldijeva
99;Hram Svetog Save, Neimar, Vračar;295000;5.0;2980;4zida;Lamartinova
180;Dedinje, Savski Venac;650000;5.0;3611;4zida;Miće Orlovića
78;Cvetkova Pijaca, Zvezdara opština;178000;3.0;2282;4zida;Čardaklijina
85;Južni Bulevar, Vračar;230000;3.5;2706;4zida;Mlade Bosne
214;Hram Svetog Save, Neimar, Vračar;1500000;4.0;7009;4zida;Mutapova
177;Hram Svetog Save, Neimar, Vračar;796500;5.0;4500;4zida;Bulevar oslobođenja
202;Hram Svetog Save, Neimar, Vračar;909000;4.0;4500;4zida;Bulevar oslobođenja
62;Mirijevo, Zvezdara opština;120000;3.0;1935;4zida;Jovanke Radaković
79;Beograd na vodi, Savski Venac;339700;3.0;4300;4zida;Bulevar Vudroa Vilsona
90;Beograd na vodi, Savski Venac;387000;3.0;4300;4zida;Bulevar Vudroa Vilsona
75;Braće Jerković, Voždovac opština;162000;4.0;2160;4zida;Dragice Končar
108;Beograd na vodi, Savski Venac;750000;4.0;6944;4zida;Bulevar Vudroa Vilsona
110;Crveni Krst Vračar, Vračar;360000;3.0;3273;4zida;Celjska
35;Beograd na vodi, Savski Venac;192000;1.0;5486;4zida;Bulevar Vudroa Vilsona
104;Autokomanda, Voždovac opština;255000;4.0;2452;4zida;Admirala Vukovića
98;Kalenić, Vračar;380000;4.0;3878;4zida;Niška
93;Crveni Krst Vračar, Vračar;219900;4.0;2365;4zida;Metohijska
109;Beograd na vodi, Savski Venac;498000;4.0;4569;4zida;Bulevar Vudroa Vilsona
185;Hram Svetog Save, Neimar, Vračar;1110000;4.0;6000;4zida;Patrijarha Varnave
158;Hram Svetog Save, Neimar, Vračar;646380;4.0;4091;4zida;Stojana Protića
153;Hram Svetog Save, Neimar, Vračar;625920;4.0;4091;4zida;Stojana Protića
63;Braće Jerković, Voždovac opština;126000;3.0;2000;4zida;Vojvode Vlahovića
65;Voždovac, Voždovac opština;155000;3.5;2385;4zida;Kraljevačka
70;Dedinje, Savski Venac;260000;2.0;3714;4zida;Slavka Ćuruvije
38;Kalenić, Vračar;135000;1.0;3553;4zida;Hadži Prodanova
78;Kalenić, Vračar;273000;3.0;3500;4zida;Cara Nikolaja II
88;Kalenić, Vračar;308000;3.0;3500;4zida;Cara Nikolaja II
174;Kalenić, Vračar;609000;5.0;3500;4zida;Cara Nikolaja II
48;Batajnica, Zemun opština;62400;2.0;1300;4zida;Marka Peričina Kamenjara
90;Kalenić, Vračar;360000;2.0;4000;4zida;Njegoševa
61;Beograd centar, Stari Grad opština;183600;1.5;3010;4zida;Bulevar despota Stefana
91;Konjarnik, Zvezdara opština;226900;3.0;2493;4zida;Bulevar kralja Aleksandra
109;Hram Svetog Save, Neimar, Vračar;320000;2.0;2936;4zida;Patrijarha Varnave
41;Južni Bulevar, Vračar;136500;1.5;3329;4zida;Vojvode Hrvoja
137;Kalenić, Vračar;521258;4.0;3805;4zida;Loznička
142;Kalenić, Vračar;542000;4.0;3817;4zida;Loznička
122;Kalenić, Vračar;465360;3.0;3814;4zida;Loznička
131;Kalenić, Vračar;501289;4.0;3827;4zida;Loznička
156;Kalenić, Vračar;595600;4.0;3818;4zida;Loznička
57;Cvetkova Pijaca, Zvezdara opština;169000;2.5;2965;4zida;Donska
46;Banjica, Voždovac opština;132000;1.5;2870;4zida;Bulevar oslobođenja
62;Mirijevo, Zvezdara opština;115000;2.0;1855;4zida;Matice srpske
60;Banovo Brdo, Čukarica, Čukarica opština;168000;2.0;2800;4zida;Požeška
55;Beograd na vodi, Savski Venac;275000;2.0;5000;4zida;Hercegovačka
37;Braće Jerković, Voždovac opština;79000;2.0;2135;4zida;Darvinova
56;Karaburma, Palilula opština;114990;2.5;2053;4zida;Pabla Nerude
68;Mirijevo, Zvezdara opština;149600;2.0;2200;4zida;Dolačka
54;Mirijevo, Zvezdara opština;118800;2.0;2200;4zida;Dolačka
59;Mirijevo, Zvezdara opština;129800;2.0;2200;4zida;Dolačka
90;Mirijevo, Zvezdara opština;198000;3.0;2200;4zida;Dolačka
46;Mirijevo, Zvezdara opština;99000;2.0;2152;4zida;Jovanke Radaković
45;Mirijevo, Zvezdara opština;84450;1.0;1877;4zida;Dolačka
86;Mirijevo, Zvezdara opština;160745;2.0;1869;4zida;Dolačka
100;Mirijevo, Zvezdara opština;187000;2.0;1870;4zida;Dolačka
93;Mirijevo, Zvezdara opština;174733;2.0;1879;4zida;Dolačka
59;Mirijevo, Zvezdara opština;111115;2.0;1883;4zida;Dolačka
56;Beograd na vodi, Savski Venac;253888;2.0;4534;4zida;BW Echo
138;Beograd na vodi, Savski Venac;532888;4.0;3862;4zida;BW Quartet 4
49;Mirijevo, Zvezdara opština;85000;2.0;1735;4zida;16. oktobra
55;Beograd na vodi, Savski Venac;269888;2.0;4907;4zida;BW Eden
55;Beograd na vodi, Savski Venac;269888;2.0;4907;4zida;BE Eden
40;Beograd na vodi, Savski Venac;201888;0.5;5047;4zida;BW Bella
45;Mirijevo, Zvezdara opština;87000;2.0;1933;4zida;Kapetana Miloša Žunjića
92;Bežanijska kosa, Novi Beograd;249000;3.0;2707;4zida;Magelanova
20;Miljakovac I, Miljakovac, Rakovica opština;44000;0.5;2200;4zida;Stevana Opačića
84;Mirijevo, Zvezdara opština;138000;3.0;1643;4zida;Enrike Josifa
85;Botanička Bašta, Palilula opština;209000;3.0;2459;4zida;Bulevar despota Stefana
63;Bežanijska kosa, Novi Beograd;176000;2.0;2794;4zida;Magelanova
134;Dedinje, Savski Venac;560000;4.0;4179;4zida;Vladimira Gaćinovića
103;Banovo Brdo, Čukarica, Čukarica opština;278800;4.0;2707;4zida;Nodilova
112;Banovo Brdo, Čukarica, Čukarica opština;303000;4.0;2705;4zida;Nodilova
96;Banovo Brdo, Čukarica, Čukarica opština;261000;4.0;2719;4zida;Nodilova
98;Banovo Brdo, Čukarica, Čukarica opština;265400;3.5;2708;4zida;Nodilova
103;Banovo Brdo, Čukarica, Čukarica opština;278900;4.0;2708;4zida;Nodilova
75;Banovo Brdo, Čukarica, Čukarica opština;206000;3.0;2747;4zida;Nodilova
80;Zvezdarska Šuma, Zvezdara opština;240000;2.0;3000;4zida;Preševska
73;Banovo Brdo, Čukarica, Čukarica opština;206900;3.0;2834;4zida;Nodilova
58;Zvezdara, Zvezdara opština;180000;2.0;3103;4zida;Branka Krsmanovića
131;Kalemegdan, Stari Grad opština;449000;6.0;3427;4zida;Cara Dušana
64;Karaburma, Palilula opština;144000;2.5;2250;4zida;Ćustendilska
65;Beograd na vodi, Savski Venac;242888;2.5;3737;4zida;Hercegovačka
47;Beograd na vodi, Savski Venac;193888;2.0;4125;4zida;Hercegovačka
97;Beograd na vodi, Savski Venac;335888;4.0;3463;4zida;Hercegovačka
101;Labudovo Brdo, Rakovica opština;205000;4.0;2030;4zida;Gočka
64;Vukov Spomenik, Zvezdara opština;210000;3.5;3281;4zida;Zahumska
57;Batajnica, Zemun opština;58000;2.0;1018;4zida;Braće Barišić
67;Blok 45, Novi Beograd;165000;2.5;2463;4zida;Jurija Gagarina
57;Braće Jerković, Voždovac opština;131100;2.0;2300;4zida;Brace Jerković
56;Rakovica opština;130000;4.0;2321;4zida;Petlovo Brdo
87;Hotel YU, Novi Beograd;225000;4.0;2586;4zida;Aleksinačkih rudara
72;Medaković 2, Medaković, Voždovac opština;133000;3.0;1847;4zida;Radovana Simića Cige
66;Voždovac, Voždovac opština;135000;3.0;2045;4zida;Kostolačka
110;Kalemegdan, Stari Grad opština;330000;3.0;3000;4zida;Cara Uroša
72;Mirijevo, Zvezdara opština;158400;3.0;2200;4zida;Petrarkina
94;Miljakovac, Rakovica opština;130000;3.5;1383;4zida;Miljakovačke staze
89;Vračar;285000;4.0;3202;4zida;Istočni Vračar
67;Hram Svetog Save, Neimar, Vračar;215000;2.0;3209;4zida;Internacionalnih brigada
14;Borča, Palilula opština;20000;0.5;1429;4zida;Ivana Milutinovića
29;Kalemegdan, Stari Grad opština;112000;0.5;3862;4zida;Cara Dušana
40;Beograd na vodi, Savski Venac;201888;1.0;5047;4zida;Hercegovačka
114;Vukov Spomenik, Zvezdara opština;365000;4.0;3202;4zida;Vojvode Šupljikca
71;Blok 38, Novi Beograd;178000;2.5;2507;4zida;Omladinskih brigada
21;Mirijevo IV, Mirijevo, Zvezdara opština;36900;0.5;1757;4zida;Milića od Mačve
46;Braće Jerković, Voždovac opština;95000;1.5;2065;4zida;Dragice Končar
35;Severni Bulevar, Zvezdara opština;85000;1.5;2429;4zida;Veljka Dugosevica
64;Zvezdara opština;135500;2.5;2117;4zida;Cvetanova Ćuprija
49;Zvezdara opština;105000;2.5;2143;4zida;Cvetanova Ćuprija
39;Gornji Grad, Zemun, Zemun opština;105000;1.0;2692;4zida;Karlovačka
81;Crveni Krst Vračar, Vračar;279449;3.5;3450;4zida;Gročanska
92;Crveni Krst Vračar, Vračar;315254;3.5;3427;4zida;Gročanska
68;Blok 70, Novi Beograd;215000;2.5;3162;4zida;Jurija Gagarina
